ISO-10303-21;
HEADER;
FILE_DESCRIPTION(('Open CASCADE Model'),'2;1');
FILE_NAME('Open CASCADE Shape Model','2026-08-03T18:01:04',('Author'),(
    'Open CASCADE'),'Open CASCADE STEP processor 7.8','Open CASCADE 7.8'
  ,'Unknown');
FILE_SCHEMA(('AUTOMOTIVE_DESIGN { 1 0 10303 214 1 1 1 1 }'));
ENDSEC;
DATA;
#1 = APPLICATION_PROTOCOL_DEFINITION('international standard',
  'automotive_design',2000,#2);
#2 = APPLICATION_CONTEXT(
  'core data for automotive mechanical design processes');
#3 = SHAPE_DEFINITION_REPRESENTATION(#4,#10);
#4 = PRODUCT_DEFINITION_SHAPE('','',#5);
#5 = PRODUCT_DEFINITION('design','',#6,#9);
#6 = PRODUCT_DEFINITION_FORMATION('','',#7);
#7 = PRODUCT('Open CASCADE STEP translator 7.8 9',
  'Open CASCADE STEP translator 7.8 9','',(#8));
#8 = PRODUCT_CONTEXT('',#2,'mechanical');
#9 = PRODUCT_DEFINITION_CONTEXT('part definition',#2,'design');
#10 = ADVANCED_BREP_SHAPE_REPRESENTATION('',(#11,#15),#19207);
#11 = AXIS2_PLACEMENT_3D('',#12,#13,#14);
#12 = CARTESIAN_POINT('',(0.,0.,0.));
#13 = DIRECTION('',(0.,0.,1.));
#14 = DIRECTION('',(1.,0.,-0.));
#15 = MANIFOLD_SOLID_BREP('',#16);
#16 = CLOSED_SHELL('',(#17,#137,#213,#289,#7080,#12670,#12697,#12724,
    #12751,#12778,#12805,#12832,#12859,#12886,#12913,#12940,#12967,
    #12994,#13021,#13048,#13075,#13102,#13129,#13156,#13183,#13210,
    #13237,#13264,#13291,#13318,#13345,#13372,#13399,#13426,#13453,
    #13480,#13507,#13534,#13561,#13588,#13615,#13642,#13669,#13696,
    #13723,#13750,#13777,#13804,#13831,#13858,#13885,#13912,#13939,
    #13966,#13993,#14020,#14047,#14074,#14101,#14128,#14155,#14182,
    #14209,#14236,#14263,#14290,#14317,#14344,#14371,#14398,#14425,
    #14452,#14479,#14506,#14533,#14560,#14587,#14614,#14641,#14668,
    #14695,#14722,#14749,#14776,#14803,#14830,#14857,#14884,#14911,
    #14938,#14965,#14992,#15019,#15046,#15073,#15100,#15127,#15154,
    #15181,#15208,#15235,#15262,#15289,#15316,#15343,#15370,#15397,
    #15424,#15451,#15478,#15505,#15532,#15559,#15586,#15613,#15640,
    #15667,#15694,#15721,#15748,#15775,#15802,#15829,#15856,#15883,
    #15910,#15937,#15964,#15991,#16018,#16045,#16072,#16099,#16126,
    #16153,#16180,#16207,#16234,#16261,#16288,#16315,#16342,#16369,
    #16396,#16423,#16450,#16477,#16504,#16531,#16558,#16585,#16612,
    #16639,#16666,#16693,#16720,#16747,#16774,#16801,#16828,#16855,
    #16882,#16909,#16936,#16963,#16990,#17017,#17044,#17071,#17098,
    #17125,#17152,#17179,#17206,#17233,#17260,#17287,#17314,#17341,
    #17368,#17395,#17422,#17449,#17476,#17503,#17530,#17557,#17584,
    #17611,#17638,#17665,#17692,#17719,#17746,#17773,#17800,#17827,
    #17854,#17881,#17908,#17935,#17962,#17989,#18016,#18043,#18070,
    #18097,#18124,#18151,#18178,#18205,#18232,#18259,#18286,#18313,
    #18340,#18367,#18394,#18421,#18448,#18475,#18502,#18529,#18556,
    #18583,#18610,#18637,#18664,#18691,#18718,#18745,#18772,#18799,
    #18826,#18853,#18880,#18907,#18934,#18961,#18988,#19015,#19042,
    #19049,#19092,#19119,#19146,#19173,#19200));
#17 = ADVANCED_FACE('',(#18),#32,.F.);
#18 = FACE_BOUND('',#19,.F.);
#19 = EDGE_LOOP('',(#20,#55,#83,#111));
#20 = ORIENTED_EDGE('',*,*,#21,.T.);
#21 = EDGE_CURVE('',#22,#24,#26,.T.);
#22 = VERTEX_POINT('',#23);
#23 = CARTESIAN_POINT('',(-14.,71.795209762892,-3.385776144756));
#24 = VERTEX_POINT('',#25);
#25 = CARTESIAN_POINT('',(14.,71.795209762892,-3.385776144756));
#26 = SURFACE_CURVE('',#27,(#31,#43),.PCURVE_S1.);
#27 = LINE('',#28,#29);
#28 = CARTESIAN_POINT('',(-14.,71.795209762892,-3.385776144756));
#29 = VECTOR('',#30,1.);
#30 = DIRECTION('',(1.,0.,0.));
#31 = PCURVE('',#32,#37);
#32 = PLANE('',#33);
#33 = AXIS2_PLACEMENT_3D('',#34,#35,#36);
#34 = CARTESIAN_POINT('',(-14.,71.795209762892,-3.385776144756));
#35 = DIRECTION('',(0.,-0.271023996947,0.96257259107));
#36 = DIRECTION('',(0.,0.96257259107,0.271023996947));
#37 = DEFINITIONAL_REPRESENTATION('',(#38),#42);
#38 = LINE('',#39,#40);
#39 = CARTESIAN_POINT('',(0.,0.));
#40 = VECTOR('',#41,1.);
#41 = DIRECTION('',(0.,-1.));
#42 = ( GEOMETRIC_REPRESENTATION_CONTEXT(2) 
PARAMETRIC_REPRESENTATION_CONTEXT() REPRESENTATION_CONTEXT('2D SPACE',''
  ) );
#43 = PCURVE('',#44,#49);
#44 = PLANE('',#45);
#45 = AXIS2_PLACEMENT_3D('',#46,#47,#48);
#46 = CARTESIAN_POINT('',(-14.,71.755818069133,-4.137414437719));
#47 = DIRECTION('',(0.,-0.998629534755,5.233595624294E-02));
#48 = DIRECTION('',(0.,5.233595624294E-02,0.998629534755));
#49 = DEFINITIONAL_REPRESENTATION('',(#50),#54);
#50 = LINE('',#51,#52);
#51 = CARTESIAN_POINT('',(0.752669800767,0.));
#52 = VECTOR('',#53,1.);
#53 = DIRECTION('',(0.,-1.));
#54 = ( GEOMETRIC_REPRESENTATION_CONTEXT(2) 
PARAMETRIC_REPRESENTATION_CONTEXT() REPRESENTATION_CONTEXT('2D SPACE',''
  ) );
#55 = ORIENTED_EDGE('',*,*,#56,.T.);
#56 = EDGE_CURVE('',#24,#57,#59,.T.);
#57 = VERTEX_POINT('',#58);
#58 = CARTESIAN_POINT('',(14.,77.479433750729,-1.785313884539));
#59 = SURFACE_CURVE('',#60,(#64,#71),.PCURVE_S1.);
#60 = LINE('',#61,#62);
#61 = CARTESIAN_POINT('',(14.,71.795209762892,-3.385776144756));
#62 = VECTOR('',#63,1.);
#63 = DIRECTION('',(0.,0.96257259107,0.271023996947));
#64 = PCURVE('',#32,#65);
#65 = DEFINITIONAL_REPRESENTATION('',(#66),#70);
#66 = LINE('',#67,#68);
#67 = CARTESIAN_POINT('',(0.,-28.));
#68 = VECTOR('',#69,1.);
#69 = DIRECTION('',(1.,0.));
#70 = ( GEOMETRIC_REPRESENTATION_CONTEXT(2) 
PARAMETRIC_REPRESENTATION_CONTEXT() REPRESENTATION_CONTEXT('2D SPACE',''
  ) );
#71 = PCURVE('',#72,#77);
#72 = PLANE('',#73);
#73 = AXIS2_PLACEMENT_3D('',#74,#75,#76);
#74 = CARTESIAN_POINT('',(14.,5.652621548963E-14,-7.142687564912E-14));
#75 = DIRECTION('',(1.,0.,0.));
#76 = DIRECTION('',(-0.,0.,1.));
#77 = DEFINITIONAL_REPRESENTATION('',(#78),#82);
#78 = LINE('',#79,#80);
#79 = CARTESIAN_POINT('',(-3.385776144755,-71.79520976289));
#80 = VECTOR('',#81,1.);
#81 = DIRECTION('',(0.271023996947,-0.96257259107));
#82 = ( GEOMETRIC_REPRESENTATION_CONTEXT(2) 
PARAMETRIC_REPRESENTATION_CONTEXT() REPRESENTATION_CONTEXT('2D SPACE',''
  ) );
#83 = ORIENTED_EDGE('',*,*,#84,.F.);
#84 = EDGE_CURVE('',#85,#57,#87,.T.);
#85 = VERTEX_POINT('',#86);
#86 = CARTESIAN_POINT('',(-14.,77.479433750729,-1.785313884539));
#87 = SURFACE_CURVE('',#88,(#92,#99),.PCURVE_S1.);
#88 = LINE('',#89,#90);
#89 = CARTESIAN_POINT('',(-14.,77.479433750729,-1.785313884539));
#90 = VECTOR('',#91,1.);
#91 = DIRECTION('',(1.,0.,0.));
#92 = PCURVE('',#32,#93);
#93 = DEFINITIONAL_REPRESENTATION('',(#94),#98);
#94 = LINE('',#95,#96);
#95 = CARTESIAN_POINT('',(5.905241890921,0.));
#96 = VECTOR('',#97,1.);
#97 = DIRECTION('',(0.,-1.));
#98 = ( GEOMETRIC_REPRESENTATION_CONTEXT(2) 
PARAMETRIC_REPRESENTATION_CONTEXT() REPRESENTATION_CONTEXT('2D SPACE',''
  ) );
#99 = PCURVE('',#100,#105);
#100 = PLANE('',#101);
#101 = AXIS2_PLACEMENT_3D('',#102,#103,#104);
#102 = CARTESIAN_POINT('',(-14.,77.479433750729,-1.785313884539));
#103 = DIRECTION('',(0.,-1.,0.));
#104 = DIRECTION('',(0.,0.,1.));
#105 = DEFINITIONAL_REPRESENTATION('',(#106),#110);
#106 = LINE('',#107,#108);
#107 = CARTESIAN_POINT('',(0.,0.));
#108 = VECTOR('',#109,1.);
#109 = DIRECTION('',(0.,-1.));
#110 = ( GEOMETRIC_REPRESENTATION_CONTEXT(2) 
PARAMETRIC_REPRESENTATION_CONTEXT() REPRESENTATION_CONTEXT('2D SPACE',''
  ) );
#111 = ORIENTED_EDGE('',*,*,#112,.F.);
#112 = EDGE_CURVE('',#22,#85,#113,.T.);
#113 = SURFACE_CURVE('',#114,(#118,#125),.PCURVE_S1.);
#114 = LINE('',#115,#116);
#115 = CARTESIAN_POINT('',(-14.,71.795209762892,-3.385776144756));
#116 = VECTOR('',#117,1.);
#117 = DIRECTION('',(0.,0.96257259107,0.271023996947));
#118 = PCURVE('',#32,#119);
#119 = DEFINITIONAL_REPRESENTATION('',(#120),#124);
#120 = LINE('',#121,#122);
#121 = CARTESIAN_POINT('',(0.,0.));
#122 = VECTOR('',#123,1.);
#123 = DIRECTION('',(1.,0.));
#124 = ( GEOMETRIC_REPRESENTATION_CONTEXT(2) 
PARAMETRIC_REPRESENTATION_CONTEXT() REPRESENTATION_CONTEXT('2D SPACE',''
  ) );
#125 = PCURVE('',#126,#131);
#126 = PLANE('',#127);
#127 = AXIS2_PLACEMENT_3D('',#128,#129,#130);
#128 = CARTESIAN_POINT('',(-14.,5.652621548963E-14,-7.142687564912E-14)
  );
#129 = DIRECTION('',(1.,0.,0.));
#130 = DIRECTION('',(-0.,0.,1.));
#131 = DEFINITIONAL_REPRESENTATION('',(#132),#136);
#132 = LINE('',#133,#134);
#133 = CARTESIAN_POINT('',(-3.385776144755,-71.79520976289));
#134 = VECTOR('',#135,1.);
#135 = DIRECTION('',(0.271023996947,-0.96257259107));
#136 = ( GEOMETRIC_REPRESENTATION_CONTEXT(2) 
PARAMETRIC_REPRESENTATION_CONTEXT() REPRESENTATION_CONTEXT('2D SPACE',''
  ) );
#137 = ADVANCED_FACE('',(#138),#44,.F.);
#138 = FACE_BOUND('',#139,.F.);
#139 = EDGE_LOOP('',(#140,#170,#191,#192));
#140 = ORIENTED_EDGE('',*,*,#141,.T.);
#141 = EDGE_CURVE('',#142,#144,#146,.T.);
#142 = VERTEX_POINT('',#143);
#143 = CARTESIAN_POINT('',(-14.,71.755818069133,-4.137414437719));
#144 = VERTEX_POINT('',#145);
#145 = CARTESIAN_POINT('',(14.,71.755818069133,-4.137414437719));
#146 = SURFACE_CURVE('',#147,(#151,#158),.PCURVE_S1.);
#147 = LINE('',#148,#149);
#148 = CARTESIAN_POINT('',(-14.,71.755818069133,-4.137414437719));
#149 = VECTOR('',#150,1.);
#150 = DIRECTION('',(1.,0.,0.));
#151 = PCURVE('',#44,#152);
#152 = DEFINITIONAL_REPRESENTATION('',(#153),#157);
#153 = LINE('',#154,#155);
#154 = CARTESIAN_POINT('',(0.,0.));
#155 = VECTOR('',#156,1.);
#156 = DIRECTION('',(0.,-1.));
#157 = ( GEOMETRIC_REPRESENTATION_CONTEXT(2) 
PARAMETRIC_REPRESENTATION_CONTEXT() REPRESENTATION_CONTEXT('2D SPACE',''
  ) );
#158 = PCURVE('',#159,#164);
#159 = PLANE('',#160);
#160 = AXIS2_PLACEMENT_3D('',#161,#162,#163);
#161 = CARTESIAN_POINT('',(-14.,77.241609422637,-6.323272396532));
#162 = DIRECTION('',(0.,-0.370155532862,-0.928969795791));
#163 = DIRECTION('',(0.,-0.928969795791,0.370155532862));
#164 = DEFINITIONAL_REPRESENTATION('',(#165),#169);
#165 = LINE('',#166,#167);
#166 = CARTESIAN_POINT('',(5.905241890921,0.));
#167 = VECTOR('',#168,1.);
#168 = DIRECTION('',(0.,-1.));
#169 = ( GEOMETRIC_REPRESENTATION_CONTEXT(2) 
PARAMETRIC_REPRESENTATION_CONTEXT() REPRESENTATION_CONTEXT('2D SPACE',''
  ) );
#170 = ORIENTED_EDGE('',*,*,#171,.T.);
#171 = EDGE_CURVE('',#144,#24,#172,.T.);
#172 = SURFACE_CURVE('',#173,(#177,#184),.PCURVE_S1.);
#173 = LINE('',#174,#175);
#174 = CARTESIAN_POINT('',(14.,71.755818069133,-4.137414437719));
#175 = VECTOR('',#176,1.);
#176 = DIRECTION('',(0.,5.233595624294E-02,0.998629534755));
#177 = PCURVE('',#44,#178);
#178 = DEFINITIONAL_REPRESENTATION('',(#179),#183);
#179 = LINE('',#180,#181);
#180 = CARTESIAN_POINT('',(0.,-28.));
#181 = VECTOR('',#182,1.);
#182 = DIRECTION('',(1.,0.));
#183 = ( GEOMETRIC_REPRESENTATION_CONTEXT(2) 
PARAMETRIC_REPRESENTATION_CONTEXT() REPRESENTATION_CONTEXT('2D SPACE',''
  ) );
#184 = PCURVE('',#72,#185);
#185 = DEFINITIONAL_REPRESENTATION('',(#186),#190);
#186 = LINE('',#187,#188);
#187 = CARTESIAN_POINT('',(-4.137414437719,-71.75581806913));
#188 = VECTOR('',#189,1.);
#189 = DIRECTION('',(0.998629534755,-5.233595624294E-02));
#190 = ( GEOMETRIC_REPRESENTATION_CONTEXT(2) 
PARAMETRIC_REPRESENTATION_CONTEXT() REPRESENTATION_CONTEXT('2D SPACE',''
  ) );
#191 = ORIENTED_EDGE('',*,*,#21,.F.);
#192 = ORIENTED_EDGE('',*,*,#193,.F.);
#193 = EDGE_CURVE('',#142,#22,#194,.T.);
#194 = SURFACE_CURVE('',#195,(#199,#206),.PCURVE_S1.);
#195 = LINE('',#196,#197);
#196 = CARTESIAN_POINT('',(-14.,71.755818069133,-4.137414437719));
#197 = VECTOR('',#198,1.);
#198 = DIRECTION('',(0.,5.233595624294E-02,0.998629534755));
#199 = PCURVE('',#44,#200);
#200 = DEFINITIONAL_REPRESENTATION('',(#201),#205);
#201 = LINE('',#202,#203);
#202 = CARTESIAN_POINT('',(0.,0.));
#203 = VECTOR('',#204,1.);
#204 = DIRECTION('',(1.,0.));
#205 = ( GEOMETRIC_REPRESENTATION_CONTEXT(2) 
PARAMETRIC_REPRESENTATION_CONTEXT() REPRESENTATION_CONTEXT('2D SPACE',''
  ) );
#206 = PCURVE('',#126,#207);
#207 = DEFINITIONAL_REPRESENTATION('',(#208),#212);
#208 = LINE('',#209,#210);
#209 = CARTESIAN_POINT('',(-4.137414437719,-71.75581806913));
#210 = VECTOR('',#211,1.);
#211 = DIRECTION('',(0.998629534755,-5.233595624294E-02));
#212 = ( GEOMETRIC_REPRESENTATION_CONTEXT(2) 
PARAMETRIC_REPRESENTATION_CONTEXT() REPRESENTATION_CONTEXT('2D SPACE',''
  ) );
#213 = ADVANCED_FACE('',(#214),#100,.F.);
#214 = FACE_BOUND('',#215,.F.);
#215 = EDGE_LOOP('',(#216,#217,#240,#268));
#216 = ORIENTED_EDGE('',*,*,#84,.T.);
#217 = ORIENTED_EDGE('',*,*,#218,.T.);
#218 = EDGE_CURVE('',#57,#219,#221,.T.);
#219 = VERTEX_POINT('',#220);
#220 = CARTESIAN_POINT('',(14.,77.479433750729,1.785313884539));
#221 = SURFACE_CURVE('',#222,(#226,#233),.PCURVE_S1.);
#222 = LINE('',#223,#224);
#223 = CARTESIAN_POINT('',(14.,77.479433750729,-1.785313884539));
#224 = VECTOR('',#225,1.);
#225 = DIRECTION('',(0.,0.,1.));
#226 = PCURVE('',#100,#227);
#227 = DEFINITIONAL_REPRESENTATION('',(#228),#232);
#228 = LINE('',#229,#230);
#229 = CARTESIAN_POINT('',(0.,-28.));
#230 = VECTOR('',#231,1.);
#231 = DIRECTION('',(1.,0.));
#232 = ( GEOMETRIC_REPRESENTATION_CONTEXT(2) 
PARAMETRIC_REPRESENTATION_CONTEXT() REPRESENTATION_CONTEXT('2D SPACE',''
  ) );
#233 = PCURVE('',#72,#234);
#234 = DEFINITIONAL_REPRESENTATION('',(#235),#239);
#235 = LINE('',#236,#237);
#236 = CARTESIAN_POINT('',(-1.785313884539,-77.47943375072));
#237 = VECTOR('',#238,1.);
#238 = DIRECTION('',(1.,0.));
#239 = ( GEOMETRIC_REPRESENTATION_CONTEXT(2) 
PARAMETRIC_REPRESENTATION_CONTEXT() REPRESENTATION_CONTEXT('2D SPACE',''
  ) );
#240 = ORIENTED_EDGE('',*,*,#241,.F.);
#241 = EDGE_CURVE('',#242,#219,#244,.T.);
#242 = VERTEX_POINT('',#243);
#243 = CARTESIAN_POINT('',(-14.,77.479433750729,1.785313884539));
#244 = SURFACE_CURVE('',#245,(#249,#256),.PCURVE_S1.);
#245 = LINE('',#246,#247);
#246 = CARTESIAN_POINT('',(-14.,77.479433750729,1.785313884539));
#247 = VECTOR('',#248,1.);
#248 = DIRECTION('',(1.,0.,0.));
#249 = PCURVE('',#100,#250);
#250 = DEFINITIONAL_REPRESENTATION('',(#251),#255);
#251 = LINE('',#252,#253);
#252 = CARTESIAN_POINT('',(3.570627769079,0.));
#253 = VECTOR('',#254,1.);
#254 = DIRECTION('',(0.,-1.));
#255 = ( GEOMETRIC_REPRESENTATION_CONTEXT(2) 
PARAMETRIC_REPRESENTATION_CONTEXT() REPRESENTATION_CONTEXT('2D SPACE',''
  ) );
#256 = PCURVE('',#257,#262);
#257 = PLANE('',#258);
#258 = AXIS2_PLACEMENT_3D('',#259,#260,#261);
#259 = CARTESIAN_POINT('',(-14.,77.479433750729,1.785313884539));
#260 = DIRECTION('',(0.,-0.271023996947,-0.96257259107));
#261 = DIRECTION('',(0.,-0.96257259107,0.271023996947));
#262 = DEFINITIONAL_REPRESENTATION('',(#263),#267);
#263 = LINE('',#264,#265);
#264 = CARTESIAN_POINT('',(0.,0.));
#265 = VECTOR('',#266,1.);
#266 = DIRECTION('',(0.,-1.));
#267 = ( GEOMETRIC_REPRESENTATION_CONTEXT(2) 
PARAMETRIC_REPRESENTATION_CONTEXT() REPRESENTATION_CONTEXT('2D SPACE',''
  ) );
#268 = ORIENTED_EDGE('',*,*,#269,.F.);
#269 = EDGE_CURVE('',#85,#242,#270,.T.);
#270 = SURFACE_CURVE('',#271,(#275,#282),.PCURVE_S1.);
#271 = LINE('',#272,#273);
#272 = CARTESIAN_POINT('',(-14.,77.479433750729,-1.785313884539));
#273 = VECTOR('',#274,1.);
#274 = DIRECTION('',(0.,0.,1.));
#275 = PCURVE('',#100,#276);
#276 = DEFINITIONAL_REPRESENTATION('',(#277),#281);
#277 = LINE('',#278,#279);
#278 = CARTESIAN_POINT('',(0.,0.));
#279 = VECTOR('',#280,1.);
#280 = DIRECTION('',(1.,0.));
#281 = ( GEOMETRIC_REPRESENTATION_CONTEXT(2) 
PARAMETRIC_REPRESENTATION_CONTEXT() REPRESENTATION_CONTEXT('2D SPACE',''
  ) );
#282 = PCURVE('',#126,#283);
#283 = DEFINITIONAL_REPRESENTATION('',(#284),#288);
#284 = LINE('',#285,#286);
#285 = CARTESIAN_POINT('',(-1.785313884539,-77.47943375072));
#286 = VECTOR('',#287,1.);
#287 = DIRECTION('',(1.,0.));
#288 = ( GEOMETRIC_REPRESENTATION_CONTEXT(2) 
PARAMETRIC_REPRESENTATION_CONTEXT() REPRESENTATION_CONTEXT('2D SPACE',''
  ) );
#289 = ADVANCED_FACE('',(#290,#6919),#126,.F.);
#290 = FACE_BOUND('',#291,.F.);
#291 = EDGE_LOOP('',(#292,#293,#294,#317,#345,#373,#401,#429,#457,#485,
    #513,#541,#569,#597,#625,#653,#681,#709,#737,#765,#793,#821,#849,
    #877,#905,#933,#961,#989,#1017,#1045,#1073,#1101,#1129,#1157,#1185,
    #1213,#1241,#1269,#1297,#1325,#1353,#1381,#1409,#1437,#1465,#1493,
    #1521,#1549,#1577,#1605,#1633,#1661,#1689,#1717,#1745,#1773,#1801,
    #1829,#1857,#1885,#1913,#1941,#1969,#1997,#2025,#2053,#2081,#2109,
    #2137,#2165,#2193,#2221,#2249,#2277,#2305,#2333,#2361,#2389,#2417,
    #2445,#2473,#2501,#2529,#2557,#2585,#2613,#2641,#2669,#2697,#2725,
    #2753,#2781,#2809,#2837,#2865,#2893,#2921,#2949,#2977,#3005,#3033,
    #3061,#3089,#3117,#3145,#3173,#3201,#3229,#3257,#3285,#3313,#3341,
    #3369,#3397,#3425,#3453,#3481,#3509,#3537,#3565,#3593,#3621,#3649,
    #3677,#3705,#3733,#3761,#3789,#3817,#3845,#3873,#3901,#3929,#3957,
    #3985,#4013,#4041,#4069,#4097,#4125,#4153,#4181,#4209,#4237,#4265,
    #4293,#4321,#4349,#4377,#4405,#4433,#4461,#4489,#4517,#4545,#4573,
    #4601,#4629,#4657,#4685,#4713,#4741,#4769,#4797,#4825,#4853,#4881,
    #4909,#4937,#4965,#4993,#5021,#5049,#5077,#5105,#5133,#5161,#5189,
    #5217,#5245,#5273,#5301,#5329,#5357,#5385,#5413,#5441,#5469,#5497,
    #5525,#5553,#5581,#5609,#5637,#5665,#5693,#5721,#5749,#5777,#5805,
    #5833,#5861,#5889,#5917,#5945,#5973,#6001,#6029,#6057,#6085,#6113,
    #6141,#6169,#6197,#6225,#6253,#6281,#6309,#6337,#6365,#6393,#6421,
    #6449,#6477,#6505,#6533,#6561,#6589,#6617,#6645,#6673,#6701,#6729,
    #6757,#6785,#6813,#6841,#6869,#6897,#6918));
#292 = ORIENTED_EDGE('',*,*,#112,.T.);
#293 = ORIENTED_EDGE('',*,*,#269,.T.);
#294 = ORIENTED_EDGE('',*,*,#295,.T.);
#295 = EDGE_CURVE('',#242,#296,#298,.T.);
#296 = VERTEX_POINT('',#297);
#297 = CARTESIAN_POINT('',(-14.,71.795209762892,3.385776144756));
#298 = SURFACE_CURVE('',#299,(#303,#310),.PCURVE_S1.);
#299 = LINE('',#300,#301);
#300 = CARTESIAN_POINT('',(-14.,77.479433750729,1.785313884539));
#301 = VECTOR('',#302,1.);
#302 = DIRECTION('',(0.,-0.96257259107,0.271023996947));
#303 = PCURVE('',#126,#304);
#304 = DEFINITIONAL_REPRESENTATION('',(#305),#309);
#305 = LINE('',#306,#307);
#306 = CARTESIAN_POINT('',(1.78531388454,-77.47943375072));
#307 = VECTOR('',#308,1.);
#308 = DIRECTION('',(0.271023996947,0.96257259107));
#309 = ( GEOMETRIC_REPRESENTATION_CONTEXT(2) 
PARAMETRIC_REPRESENTATION_CONTEXT() REPRESENTATION_CONTEXT('2D SPACE',''
  ) );
#310 = PCURVE('',#257,#311);
#311 = DEFINITIONAL_REPRESENTATION('',(#312),#316);
#312 = LINE('',#313,#314);
#313 = CARTESIAN_POINT('',(0.,0.));
#314 = VECTOR('',#315,1.);
#315 = DIRECTION('',(1.,0.));
#316 = ( GEOMETRIC_REPRESENTATION_CONTEXT(2) 
PARAMETRIC_REPRESENTATION_CONTEXT() REPRESENTATION_CONTEXT('2D SPACE',''
  ) );
#317 = ORIENTED_EDGE('',*,*,#318,.T.);
#318 = EDGE_CURVE('',#296,#319,#321,.T.);
#319 = VERTEX_POINT('',#320);
#320 = CARTESIAN_POINT('',(-14.,71.755818069133,4.137414437719));
#321 = SURFACE_CURVE('',#322,(#326,#333),.PCURVE_S1.);
#322 = LINE('',#323,#324);
#323 = CARTESIAN_POINT('',(-14.,71.795209762892,3.385776144756));
#324 = VECTOR('',#325,1.);
#325 = DIRECTION('',(0.,-5.233595624294E-02,0.998629534755));
#326 = PCURVE('',#126,#327);
#327 = DEFINITIONAL_REPRESENTATION('',(#328),#332);
#328 = LINE('',#329,#330);
#329 = CARTESIAN_POINT('',(3.385776144756,-71.79520976289));
#330 = VECTOR('',#331,1.);
#331 = DIRECTION('',(0.998629534755,5.233595624294E-02));
#332 = ( GEOMETRIC_REPRESENTATION_CONTEXT(2) 
PARAMETRIC_REPRESENTATION_CONTEXT() REPRESENTATION_CONTEXT('2D SPACE',''
  ) );
#333 = PCURVE('',#334,#339);
#334 = PLANE('',#335);
#335 = AXIS2_PLACEMENT_3D('',#336,#337,#338);
#336 = CARTESIAN_POINT('',(-14.,71.795209762892,3.385776144756));
#337 = DIRECTION('',(0.,-0.998629534755,-5.233595624294E-02));
#338 = DIRECTION('',(0.,-5.233595624294E-02,0.998629534755));
#339 = DEFINITIONAL_REPRESENTATION('',(#340),#344);
#340 = LINE('',#341,#342);
#341 = CARTESIAN_POINT('',(0.,0.));
#342 = VECTOR('',#343,1.);
#343 = DIRECTION('',(1.,0.));
#344 = ( GEOMETRIC_REPRESENTATION_CONTEXT(2) 
PARAMETRIC_REPRESENTATION_CONTEXT() REPRESENTATION_CONTEXT('2D SPACE',''
  ) );
#345 = ORIENTED_EDGE('',*,*,#346,.T.);
#346 = EDGE_CURVE('',#319,#347,#349,.T.);
#347 = VERTEX_POINT('',#348);
#348 = CARTESIAN_POINT('',(-14.,77.241609422637,6.323272396532));
#349 = SURFACE_CURVE('',#350,(#354,#361),.PCURVE_S1.);
#350 = LINE('',#351,#352);
#351 = CARTESIAN_POINT('',(-14.,71.755818069133,4.137414437719));
#352 = VECTOR('',#353,1.);
#353 = DIRECTION('',(0.,0.928969795791,0.370155532862));
#354 = PCURVE('',#126,#355);
#355 = DEFINITIONAL_REPRESENTATION('',(#356),#360);
#356 = LINE('',#357,#358);
#357 = CARTESIAN_POINT('',(4.137414437719,-71.75581806913));
#358 = VECTOR('',#359,1.);
#359 = DIRECTION('',(0.370155532862,-0.928969795791));
#360 = ( GEOMETRIC_REPRESENTATION_CONTEXT(2) 
PARAMETRIC_REPRESENTATION_CONTEXT() REPRESENTATION_CONTEXT('2D SPACE',''
  ) );
#361 = PCURVE('',#362,#367);
#362 = PLANE('',#363);
#363 = AXIS2_PLACEMENT_3D('',#364,#365,#366);
#364 = CARTESIAN_POINT('',(-14.,71.755818069133,4.137414437719));
#365 = DIRECTION('',(0.,-0.370155532862,0.928969795791));
#366 = DIRECTION('',(0.,0.928969795791,0.370155532862));
#367 = DEFINITIONAL_REPRESENTATION('',(#368),#372);
#368 = LINE('',#369,#370);
#369 = CARTESIAN_POINT('',(0.,0.));
#370 = VECTOR('',#371,1.);
#371 = DIRECTION('',(1.,0.));
#372 = ( GEOMETRIC_REPRESENTATION_CONTEXT(2) 
PARAMETRIC_REPRESENTATION_CONTEXT() REPRESENTATION_CONTEXT('2D SPACE',''
  ) );
#373 = ORIENTED_EDGE('',*,*,#374,.T.);
#374 = EDGE_CURVE('',#347,#375,#377,.T.);
#375 = VERTEX_POINT('',#376);
#376 = CARTESIAN_POINT('',(-14.,76.868377189035,9.874339893091));
#377 = SURFACE_CURVE('',#378,(#382,#389),.PCURVE_S1.);
#378 = LINE('',#379,#380);
#379 = CARTESIAN_POINT('',(-14.,77.241609422637,6.323272396532));
#380 = VECTOR('',#381,1.);
#381 = DIRECTION('',(0.,-0.104528463268,0.994521895368));
#382 = PCURVE('',#126,#383);
#383 = DEFINITIONAL_REPRESENTATION('',(#384),#388);
#384 = LINE('',#385,#386);
#385 = CARTESIAN_POINT('',(6.323272396532,-77.24160942263));
#386 = VECTOR('',#387,1.);
#387 = DIRECTION('',(0.994521895368,0.104528463268));
#388 = ( GEOMETRIC_REPRESENTATION_CONTEXT(2) 
PARAMETRIC_REPRESENTATION_CONTEXT() REPRESENTATION_CONTEXT('2D SPACE',''
  ) );
#389 = PCURVE('',#390,#395);
#390 = PLANE('',#391);
#391 = AXIS2_PLACEMENT_3D('',#392,#393,#394);
#392 = CARTESIAN_POINT('',(-14.,77.241609422637,6.323272396532));
#393 = DIRECTION('',(0.,-0.994521895368,-0.104528463268));
#394 = DIRECTION('',(0.,-0.104528463268,0.994521895368));
#395 = DEFINITIONAL_REPRESENTATION('',(#396),#400);
#396 = LINE('',#397,#398);
#397 = CARTESIAN_POINT('',(0.,0.));
#398 = VECTOR('',#399,1.);
#399 = DIRECTION('',(1.,0.));
#400 = ( GEOMETRIC_REPRESENTATION_CONTEXT(2) 
PARAMETRIC_REPRESENTATION_CONTEXT() REPRESENTATION_CONTEXT('2D SPACE',''
  ) );
#401 = ORIENTED_EDGE('',*,*,#402,.T.);
#402 = EDGE_CURVE('',#375,#403,#405,.T.);
#403 = VERTEX_POINT('',#404);
#404 = CARTESIAN_POINT('',(-14.,71.047998114374,10.871871455269));
#405 = SURFACE_CURVE('',#406,(#410,#417),.PCURVE_S1.);
#406 = LINE('',#407,#408);
#407 = CARTESIAN_POINT('',(-14.,76.868377189035,9.874339893091));
#408 = VECTOR('',#409,1.);
#409 = DIRECTION('',(0.,-0.98562923961,0.168923065406));
#410 = PCURVE('',#126,#411);
#411 = DEFINITIONAL_REPRESENTATION('',(#412),#416);
#412 = LINE('',#413,#414);
#413 = CARTESIAN_POINT('',(9.874339893091,-76.86837718903));
#414 = VECTOR('',#415,1.);
#415 = DIRECTION('',(0.168923065406,0.98562923961));
#416 = ( GEOMETRIC_REPRESENTATION_CONTEXT(2) 
PARAMETRIC_REPRESENTATION_CONTEXT() REPRESENTATION_CONTEXT('2D SPACE',''
  ) );
#417 = PCURVE('',#418,#423);
#418 = PLANE('',#419);
#419 = AXIS2_PLACEMENT_3D('',#420,#421,#422);
#420 = CARTESIAN_POINT('',(-14.,76.868377189035,9.874339893091));
#421 = DIRECTION('',(0.,-0.168923065406,-0.98562923961));
#422 = DIRECTION('',(0.,-0.98562923961,0.168923065406));
#423 = DEFINITIONAL_REPRESENTATION('',(#424),#428);
#424 = LINE('',#425,#426);
#425 = CARTESIAN_POINT('',(0.,0.));
#426 = VECTOR('',#427,1.);
#427 = DIRECTION('',(1.,0.));
#428 = ( GEOMETRIC_REPRESENTATION_CONTEXT(2) 
PARAMETRIC_REPRESENTATION_CONTEXT() REPRESENTATION_CONTEXT('2D SPACE',''
  ) );
#429 = ORIENTED_EDGE('',*,*,#430,.T.);
#430 = EDGE_CURVE('',#403,#431,#433,.T.);
#431 = VERTEX_POINT('',#432);
#432 = CARTESIAN_POINT('',(-14.,70.930254616739,11.615274641804));
#433 = SURFACE_CURVE('',#434,(#438,#445),.PCURVE_S1.);
#434 = LINE('',#435,#436);
#435 = CARTESIAN_POINT('',(-14.,71.047998114374,10.871871455269));
#436 = VECTOR('',#437,1.);
#437 = DIRECTION('',(0.,-0.15643446504,0.987688340595));
#438 = PCURVE('',#126,#439);
#439 = DEFINITIONAL_REPRESENTATION('',(#440),#444);
#440 = LINE('',#441,#442);
#441 = CARTESIAN_POINT('',(10.871871455269,-71.04799811437));
#442 = VECTOR('',#443,1.);
#443 = DIRECTION('',(0.987688340595,0.15643446504));
#444 = ( GEOMETRIC_REPRESENTATION_CONTEXT(2) 
PARAMETRIC_REPRESENTATION_CONTEXT() REPRESENTATION_CONTEXT('2D SPACE',''
  ) );
#445 = PCURVE('',#446,#451);
#446 = PLANE('',#447);
#447 = AXIS2_PLACEMENT_3D('',#448,#449,#450);
#448 = CARTESIAN_POINT('',(-14.,71.047998114374,10.871871455269));
#449 = DIRECTION('',(0.,-0.987688340595,-0.15643446504));
#450 = DIRECTION('',(0.,-0.15643446504,0.987688340595));
#451 = DEFINITIONAL_REPRESENTATION('',(#452),#456);
#452 = LINE('',#453,#454);
#453 = CARTESIAN_POINT('',(0.,0.));
#454 = VECTOR('',#455,1.);
#455 = DIRECTION('',(1.,0.));
#456 = ( GEOMETRIC_REPRESENTATION_CONTEXT(2) 
PARAMETRIC_REPRESENTATION_CONTEXT() REPRESENTATION_CONTEXT('2D SPACE',''
  ) );
#457 = ORIENTED_EDGE('',*,*,#458,.T.);
#458 = EDGE_CURVE('',#431,#459,#461,.T.);
#459 = VERTEX_POINT('',#460);
#460 = CARTESIAN_POINT('',(-14.,76.157509857865,14.362579581998));
#461 = SURFACE_CURVE('',#462,(#466,#473),.PCURVE_S1.);
#462 = LINE('',#463,#464);
#463 = CARTESIAN_POINT('',(-14.,70.930254616739,11.615274641804));
#464 = VECTOR('',#465,1.);
#465 = DIRECTION('',(0.,0.88518901303,0.465231567299));
#466 = PCURVE('',#126,#467);
#467 = DEFINITIONAL_REPRESENTATION('',(#468),#472);
#468 = LINE('',#469,#470);
#469 = CARTESIAN_POINT('',(11.615274641804,-70.93025461673));
#470 = VECTOR('',#471,1.);
#471 = DIRECTION('',(0.465231567299,-0.88518901303));
#472 = ( GEOMETRIC_REPRESENTATION_CONTEXT(2) 
PARAMETRIC_REPRESENTATION_CONTEXT() REPRESENTATION_CONTEXT('2D SPACE',''
  ) );
#473 = PCURVE('',#474,#479);
#474 = PLANE('',#475);
#475 = AXIS2_PLACEMENT_3D('',#476,#477,#478);
#476 = CARTESIAN_POINT('',(-14.,70.930254616739,11.615274641804));
#477 = DIRECTION('',(0.,-0.465231567299,0.88518901303));
#478 = DIRECTION('',(0.,0.88518901303,0.465231567299));
#479 = DEFINITIONAL_REPRESENTATION('',(#480),#484);
#480 = LINE('',#481,#482);
#481 = CARTESIAN_POINT('',(0.,0.));
#482 = VECTOR('',#483,1.);
#483 = DIRECTION('',(1.,0.));
#484 = ( GEOMETRIC_REPRESENTATION_CONTEXT(2) 
PARAMETRIC_REPRESENTATION_CONTEXT() REPRESENTATION_CONTEXT('2D SPACE',''
  ) );
#485 = ORIENTED_EDGE('',*,*,#486,.T.);
#486 = EDGE_CURVE('',#459,#487,#489,.T.);
#487 = VERTEX_POINT('',#488);
#488 = CARTESIAN_POINT('',(-14.,75.415134601115,17.855180567436));
#489 = SURFACE_CURVE('',#490,(#494,#501),.PCURVE_S1.);
#490 = LINE('',#491,#492);
#491 = CARTESIAN_POINT('',(-14.,76.157509857865,14.362579581998));
#492 = VECTOR('',#493,1.);
#493 = DIRECTION('',(0.,-0.207911690818,0.978147600734));
#494 = PCURVE('',#126,#495);
#495 = DEFINITIONAL_REPRESENTATION('',(#496),#500);
#496 = LINE('',#497,#498);
#497 = CARTESIAN_POINT('',(14.362579581998,-76.15750985786));
#498 = VECTOR('',#499,1.);
#499 = DIRECTION('',(0.978147600734,0.207911690818));
#500 = ( GEOMETRIC_REPRESENTATION_CONTEXT(2) 
PARAMETRIC_REPRESENTATION_CONTEXT() REPRESENTATION_CONTEXT('2D SPACE',''
  ) );
#501 = PCURVE('',#502,#507);
#502 = PLANE('',#503);
#503 = AXIS2_PLACEMENT_3D('',#504,#505,#506);
#504 = CARTESIAN_POINT('',(-14.,76.157509857865,14.362579581998));
#505 = DIRECTION('',(0.,-0.978147600734,-0.207911690818));
#506 = DIRECTION('',(0.,-0.207911690818,0.978147600734));
#507 = DEFINITIONAL_REPRESENTATION('',(#508),#512);
#508 = LINE('',#509,#510);
#509 = CARTESIAN_POINT('',(0.,0.));
#510 = VECTOR('',#511,1.);
#511 = DIRECTION('',(1.,0.));
#512 = ( GEOMETRIC_REPRESENTATION_CONTEXT(2) 
PARAMETRIC_REPRESENTATION_CONTEXT() REPRESENTATION_CONTEXT('2D SPACE',''
  ) );
#513 = ORIENTED_EDGE('',*,*,#514,.T.);
#514 = EDGE_CURVE('',#487,#515,#517,.T.);
#515 = VERTEX_POINT('',#516);
#516 = CARTESIAN_POINT('',(-14.,69.522369730766,18.238852267033));
#517 = SURFACE_CURVE('',#518,(#522,#529),.PCURVE_S1.);
#518 = LINE('',#519,#520);
#519 = CARTESIAN_POINT('',(-14.,75.415134601115,17.855180567436));
#520 = VECTOR('',#521,1.);
#521 = DIRECTION('',(0.,-0.997887127945,6.497137741081E-02));
#522 = PCURVE('',#126,#523);
#523 = DEFINITIONAL_REPRESENTATION('',(#524),#528);
#524 = LINE('',#525,#526);
#525 = CARTESIAN_POINT('',(17.855180567436,-75.41513460111));
#526 = VECTOR('',#527,1.);
#527 = DIRECTION('',(6.497137741081E-02,0.997887127945));
#528 = ( GEOMETRIC_REPRESENTATION_CONTEXT(2) 
PARAMETRIC_REPRESENTATION_CONTEXT() REPRESENTATION_CONTEXT('2D SPACE',''
  ) );
#529 = PCURVE('',#530,#535);
#530 = PLANE('',#531);
#531 = AXIS2_PLACEMENT_3D('',#532,#533,#534);
#532 = CARTESIAN_POINT('',(-14.,75.415134601115,17.855180567436));
#533 = DIRECTION('',(0.,-6.497137741081E-02,-0.997887127945));
#534 = DIRECTION('',(0.,-0.997887127945,6.497137741081E-02));
#535 = DEFINITIONAL_REPRESENTATION('',(#536),#540);
#536 = LINE('',#537,#538);
#537 = CARTESIAN_POINT('',(0.,0.));
#538 = VECTOR('',#539,1.);
#539 = DIRECTION('',(1.,0.));
#540 = ( GEOMETRIC_REPRESENTATION_CONTEXT(2) 
PARAMETRIC_REPRESENTATION_CONTEXT() REPRESENTATION_CONTEXT('2D SPACE',''
  ) );
#541 = ORIENTED_EDGE('',*,*,#542,.T.);
#542 = EDGE_CURVE('',#515,#543,#545,.T.);
#543 = VERTEX_POINT('',#544);
#544 = CARTESIAN_POINT('',(-14.,69.327564451654,18.965875466261));
#545 = SURFACE_CURVE('',#546,(#550,#557),.PCURVE_S1.);
#546 = LINE('',#547,#548);
#547 = CARTESIAN_POINT('',(-14.,69.522369730766,18.238852267033));
#548 = VECTOR('',#549,1.);
#549 = DIRECTION('',(0.,-0.258819045103,0.965925826289));
#550 = PCURVE('',#126,#551);
#551 = DEFINITIONAL_REPRESENTATION('',(#552),#556);
#552 = LINE('',#553,#554);
#553 = CARTESIAN_POINT('',(18.238852267033,-69.52236973076));
#554 = VECTOR('',#555,1.);
#555 = DIRECTION('',(0.965925826289,0.258819045103));
#556 = ( GEOMETRIC_REPRESENTATION_CONTEXT(2) 
PARAMETRIC_REPRESENTATION_CONTEXT() REPRESENTATION_CONTEXT('2D SPACE',''
  ) );
#557 = PCURVE('',#558,#563);
#558 = PLANE('',#559);
#559 = AXIS2_PLACEMENT_3D('',#560,#561,#562);
#560 = CARTESIAN_POINT('',(-14.,69.522369730766,18.238852267033));
#561 = DIRECTION('',(0.,-0.965925826289,-0.258819045103));
#562 = DIRECTION('',(0.,-0.258819045103,0.965925826289));
#563 = DEFINITIONAL_REPRESENTATION('',(#564),#568);
#564 = LINE('',#565,#566);
#565 = CARTESIAN_POINT('',(0.,0.));
#566 = VECTOR('',#567,1.);
#567 = DIRECTION('',(1.,0.));
#568 = ( GEOMETRIC_REPRESENTATION_CONTEXT(2) 
PARAMETRIC_REPRESENTATION_CONTEXT() REPRESENTATION_CONTEXT('2D SPACE',''
  ) );
#569 = ORIENTED_EDGE('',*,*,#570,.T.);
#570 = EDGE_CURVE('',#543,#571,#573,.T.);
#571 = VERTEX_POINT('',#572);
#572 = CARTESIAN_POINT('',(-14.,74.239012678106,22.24452734));
#573 = SURFACE_CURVE('',#574,(#578,#585),.PCURVE_S1.);
#574 = LINE('',#575,#576);
#575 = CARTESIAN_POINT('',(-14.,69.327564451654,18.965875466261));
#576 = VECTOR('',#577,1.);
#577 = DIRECTION('',(0.,0.831709914204,0.555210427329));
#578 = PCURVE('',#126,#579);
#579 = DEFINITIONAL_REPRESENTATION('',(#580),#584);
#580 = LINE('',#581,#582);
#581 = CARTESIAN_POINT('',(18.965875466261,-69.32756445165));
#582 = VECTOR('',#583,1.);
#583 = DIRECTION('',(0.555210427329,-0.831709914204));
#584 = ( GEOMETRIC_REPRESENTATION_CONTEXT(2) 
PARAMETRIC_REPRESENTATION_CONTEXT() REPRESENTATION_CONTEXT('2D SPACE',''
  ) );
#585 = PCURVE('',#586,#591);
#586 = PLANE('',#587);
#587 = AXIS2_PLACEMENT_3D('',#588,#589,#590);
#588 = CARTESIAN_POINT('',(-14.,69.327564451654,18.965875466261));
#589 = DIRECTION('',(0.,-0.555210427329,0.831709914204));
#590 = DIRECTION('',(0.,0.831709914204,0.555210427329));
#591 = DEFINITIONAL_REPRESENTATION('',(#592),#596);
#592 = LINE('',#593,#594);
#593 = CARTESIAN_POINT('',(0.,0.));
#594 = VECTOR('',#595,1.);
#595 = DIRECTION('',(1.,0.));
#596 = ( GEOMETRIC_REPRESENTATION_CONTEXT(2) 
PARAMETRIC_REPRESENTATION_CONTEXT() REPRESENTATION_CONTEXT('2D SPACE',''
  ) );
#597 = ORIENTED_EDGE('',*,*,#598,.T.);
#598 = EDGE_CURVE('',#571,#599,#601,.T.);
#599 = VERTEX_POINT('',#600);
#600 = CARTESIAN_POINT('',(-14.,73.135628016874,25.640396147047));
#601 = SURFACE_CURVE('',#602,(#606,#613),.PCURVE_S1.);
#602 = LINE('',#603,#604);
#603 = CARTESIAN_POINT('',(-14.,74.239012678106,22.24452734));
#604 = VECTOR('',#605,1.);
#605 = DIRECTION('',(0.,-0.309016994375,0.951056516295));
#606 = PCURVE('',#126,#607);
#607 = DEFINITIONAL_REPRESENTATION('',(#608),#612);
#608 = LINE('',#609,#610);
#609 = CARTESIAN_POINT('',(22.24452734,-74.2390126781));
#610 = VECTOR('',#611,1.);
#611 = DIRECTION('',(0.951056516295,0.309016994375));
#612 = ( GEOMETRIC_REPRESENTATION_CONTEXT(2) 
PARAMETRIC_REPRESENTATION_CONTEXT() REPRESENTATION_CONTEXT('2D SPACE',''
  ) );
#613 = PCURVE('',#614,#619);
#614 = PLANE('',#615);
#615 = AXIS2_PLACEMENT_3D('',#616,#617,#618);
#616 = CARTESIAN_POINT('',(-14.,74.239012678106,22.24452734));
#617 = DIRECTION('',(0.,-0.951056516295,-0.309016994375));
#618 = DIRECTION('',(0.,-0.309016994375,0.951056516295));
#619 = DEFINITIONAL_REPRESENTATION('',(#620),#624);
#620 = LINE('',#621,#622);
#621 = CARTESIAN_POINT('',(0.,0.));
#622 = VECTOR('',#623,1.);
#623 = DIRECTION('',(1.,0.));
#624 = ( GEOMETRIC_REPRESENTATION_CONTEXT(2) 
PARAMETRIC_REPRESENTATION_CONTEXT() REPRESENTATION_CONTEXT('2D SPACE',''
  ) );
#625 = ORIENTED_EDGE('',*,*,#626,.T.);
#626 = EDGE_CURVE('',#599,#627,#629,.T.);
#627 = VERTEX_POINT('',#628);
#628 = CARTESIAN_POINT('',(-14.,67.235039715897,25.406004396634));
#629 = SURFACE_CURVE('',#630,(#634,#641),.PCURVE_S1.);
#630 = LINE('',#631,#632);
#631 = CARTESIAN_POINT('',(-14.,73.135628016874,25.640396147047));
#632 = VECTOR('',#633,1.);
#633 = DIRECTION('',(0.,-0.999211956084,-3.969215059133E-02));
#634 = PCURVE('',#126,#635);
#635 = DEFINITIONAL_REPRESENTATION('',(#636),#640);
#636 = LINE('',#637,#638);
#637 = CARTESIAN_POINT('',(25.640396147047,-73.13562801687));
#638 = VECTOR('',#639,1.);
#639 = DIRECTION('',(-3.969215059133E-02,0.999211956084));
#640 = ( GEOMETRIC_REPRESENTATION_CONTEXT(2) 
PARAMETRIC_REPRESENTATION_CONTEXT() REPRESENTATION_CONTEXT('2D SPACE',''
  ) );
#641 = PCURVE('',#642,#647);
#642 = PLANE('',#643);
#643 = AXIS2_PLACEMENT_3D('',#644,#645,#646);
#644 = CARTESIAN_POINT('',(-14.,73.135628016874,25.640396147047));
#645 = DIRECTION('',(0.,3.969215059133E-02,-0.999211956084));
#646 = DIRECTION('',(0.,-0.999211956084,-3.969215059133E-02));
#647 = DEFINITIONAL_REPRESENTATION('',(#648),#652);
#648 = LINE('',#649,#650);
#649 = CARTESIAN_POINT('',(0.,0.));
#650 = VECTOR('',#651,1.);
#651 = DIRECTION('',(1.,0.));
#652 = ( GEOMETRIC_REPRESENTATION_CONTEXT(2) 
PARAMETRIC_REPRESENTATION_CONTEXT() REPRESENTATION_CONTEXT('2D SPACE',''
  ) );
#653 = ORIENTED_EDGE('',*,*,#654,.T.);
#654 = EDGE_CURVE('',#627,#655,#657,.T.);
#655 = VERTEX_POINT('',#656);
#656 = CARTESIAN_POINT('',(-14.,66.965306982711,26.108682190245));
#657 = SURFACE_CURVE('',#658,(#662,#669),.PCURVE_S1.);
#658 = LINE('',#659,#660);
#659 = CARTESIAN_POINT('',(-14.,67.235039715897,25.406004396634));
#660 = VECTOR('',#661,1.);
#661 = DIRECTION('',(0.,-0.358367949545,0.933580426497));
#662 = PCURVE('',#126,#663);
#663 = DEFINITIONAL_REPRESENTATION('',(#664),#668);
#664 = LINE('',#665,#666);
#665 = CARTESIAN_POINT('',(25.406004396634,-67.23503971589));
#666 = VECTOR('',#667,1.);
#667 = DIRECTION('',(0.933580426497,0.358367949545));
#668 = ( GEOMETRIC_REPRESENTATION_CONTEXT(2) 
PARAMETRIC_REPRESENTATION_CONTEXT() REPRESENTATION_CONTEXT('2D SPACE',''
  ) );
#669 = PCURVE('',#670,#675);
#670 = PLANE('',#671);
#671 = AXIS2_PLACEMENT_3D('',#672,#673,#674);
#672 = CARTESIAN_POINT('',(-14.,67.235039715897,25.406004396634));
#673 = DIRECTION('',(0.,-0.933580426497,-0.358367949545));
#674 = DIRECTION('',(0.,-0.358367949545,0.933580426497));
#675 = DEFINITIONAL_REPRESENTATION('',(#676),#680);
#676 = LINE('',#677,#678);
#677 = CARTESIAN_POINT('',(0.,0.));
#678 = VECTOR('',#679,1.);
#679 = DIRECTION('',(1.,0.));
#680 = ( GEOMETRIC_REPRESENTATION_CONTEXT(2) 
PARAMETRIC_REPRESENTATION_CONTEXT() REPRESENTATION_CONTEXT('2D SPACE',''
  ) );
#681 = ORIENTED_EDGE('',*,*,#682,.T.);
#682 = EDGE_CURVE('',#655,#683,#685,.T.);
#683 = VERTEX_POINT('',#684);
#684 = CARTESIAN_POINT('',(-14.,71.507137339934,29.882759401498));
#685 = SURFACE_CURVE('',#686,(#690,#697),.PCURVE_S1.);
#686 = LINE('',#687,#688);
#687 = CARTESIAN_POINT('',(-14.,66.965306982711,26.108682190245));
#688 = VECTOR('',#689,1.);
#689 = DIRECTION('',(0.,0.769118427512,0.639106285732));
#690 = PCURVE('',#126,#691);
#691 = DEFINITIONAL_REPRESENTATION('',(#692),#696);
#692 = LINE('',#693,#694);
#693 = CARTESIAN_POINT('',(26.108682190245,-66.96530698271));
#694 = VECTOR('',#695,1.);
#695 = DIRECTION('',(0.639106285732,-0.769118427512));
#696 = ( GEOMETRIC_REPRESENTATION_CONTEXT(2) 
PARAMETRIC_REPRESENTATION_CONTEXT() REPRESENTATION_CONTEXT('2D SPACE',''
  ) );
#697 = PCURVE('',#698,#703);
#698 = PLANE('',#699);
#699 = AXIS2_PLACEMENT_3D('',#700,#701,#702);
#700 = CARTESIAN_POINT('',(-14.,66.965306982711,26.108682190245));
#701 = DIRECTION('',(0.,-0.639106285732,0.769118427512));
#702 = DIRECTION('',(0.,0.769118427512,0.639106285732));
#703 = DEFINITIONAL_REPRESENTATION('',(#704),#708);
#704 = LINE('',#705,#706);
#705 = CARTESIAN_POINT('',(0.,0.));
#706 = VECTOR('',#707,1.);
#707 = DIRECTION('',(1.,0.));
#708 = ( GEOMETRIC_REPRESENTATION_CONTEXT(2) 
PARAMETRIC_REPRESENTATION_CONTEXT() REPRESENTATION_CONTEXT('2D SPACE',''
  ) );
#709 = ORIENTED_EDGE('',*,*,#710,.T.);
#710 = EDGE_CURVE('',#683,#711,#713,.T.);
#711 = VERTEX_POINT('',#712);
#712 = CARTESIAN_POINT('',(-14.,70.054832187465,33.144690180873));
#713 = SURFACE_CURVE('',#714,(#718,#725),.PCURVE_S1.);
#714 = LINE('',#715,#716);
#715 = CARTESIAN_POINT('',(-14.,71.507137339934,29.882759401498));
#716 = VECTOR('',#717,1.);
#717 = DIRECTION('',(0.,-0.406736643076,0.913545457643));
#718 = PCURVE('',#126,#719);
#719 = DEFINITIONAL_REPRESENTATION('',(#720),#724);
#720 = LINE('',#721,#722);
#721 = CARTESIAN_POINT('',(29.882759401498,-71.50713733993));
#722 = VECTOR('',#723,1.);
#723 = DIRECTION('',(0.913545457643,0.406736643076));
#724 = ( GEOMETRIC_REPRESENTATION_CONTEXT(2) 
PARAMETRIC_REPRESENTATION_CONTEXT() REPRESENTATION_CONTEXT('2D SPACE',''
  ) );
#725 = PCURVE('',#726,#731);
#726 = PLANE('',#727);
#727 = AXIS2_PLACEMENT_3D('',#728,#729,#730);
#728 = CARTESIAN_POINT('',(-14.,71.507137339934,29.882759401498));
#729 = DIRECTION('',(0.,-0.913545457643,-0.406736643076));
#730 = DIRECTION('',(0.,-0.406736643076,0.913545457643));
#731 = DEFINITIONAL_REPRESENTATION('',(#732),#736);
#732 = LINE('',#733,#734);
#733 = CARTESIAN_POINT('',(0.,0.));
#734 = VECTOR('',#735,1.);
#735 = DIRECTION('',(1.,0.));
#736 = ( GEOMETRIC_REPRESENTATION_CONTEXT(2) 
PARAMETRIC_REPRESENTATION_CONTEXT() REPRESENTATION_CONTEXT('2D SPACE',''
  ) );
#737 = ORIENTED_EDGE('',*,*,#738,.T.);
#738 = EDGE_CURVE('',#711,#739,#741,.T.);
#739 = VERTEX_POINT('',#740);
#740 = CARTESIAN_POINT('',(-14.,64.211068536063,32.294803025518));
#741 = SURFACE_CURVE('',#742,(#746,#753),.PCURVE_S1.);
#742 = LINE('',#743,#744);
#743 = CARTESIAN_POINT('',(-14.,70.054832187465,33.144690180873));
#744 = VECTOR('',#745,1.);
#745 = DIRECTION('',(0.,-0.989589208934,-0.143920803085));
#746 = PCURVE('',#126,#747);
#747 = DEFINITIONAL_REPRESENTATION('',(#748),#752);
#748 = LINE('',#749,#750);
#749 = CARTESIAN_POINT('',(33.144690180873,-70.05483218746));
#750 = VECTOR('',#751,1.);
#751 = DIRECTION('',(-0.143920803085,0.989589208934));
#752 = ( GEOMETRIC_REPRESENTATION_CONTEXT(2) 
PARAMETRIC_REPRESENTATION_CONTEXT() REPRESENTATION_CONTEXT('2D SPACE',''
  ) );
#753 = PCURVE('',#754,#759);
#754 = PLANE('',#755);
#755 = AXIS2_PLACEMENT_3D('',#756,#757,#758);
#756 = CARTESIAN_POINT('',(-14.,70.054832187465,33.144690180873));
#757 = DIRECTION('',(0.,0.143920803085,-0.989589208934));
#758 = DIRECTION('',(0.,-0.989589208934,-0.143920803085));
#759 = DEFINITIONAL_REPRESENTATION('',(#760),#764);
#760 = LINE('',#761,#762);
#761 = CARTESIAN_POINT('',(0.,0.));
#762 = VECTOR('',#763,1.);
#763 = DIRECTION('',(1.,0.));
#764 = ( GEOMETRIC_REPRESENTATION_CONTEXT(2) 
PARAMETRIC_REPRESENTATION_CONTEXT() REPRESENTATION_CONTEXT('2D SPACE',''
  ) );
#765 = ORIENTED_EDGE('',*,*,#766,.T.);
#766 = EDGE_CURVE('',#739,#767,#769,.T.);
#767 = VERTEX_POINT('',#768);
#768 = CARTESIAN_POINT('',(-14.,63.869363597074,32.96543672856));
#769 = SURFACE_CURVE('',#770,(#774,#781),.PCURVE_S1.);
#770 = LINE('',#771,#772);
#771 = CARTESIAN_POINT('',(-14.,64.211068536063,32.294803025518));
#772 = VECTOR('',#773,1.);
#773 = DIRECTION('',(0.,-0.45399049974,0.891006524188));
#774 = PCURVE('',#126,#775);
#775 = DEFINITIONAL_REPRESENTATION('',(#776),#780);
#776 = LINE('',#777,#778);
#777 = CARTESIAN_POINT('',(32.294803025518,-64.21106853606));
#778 = VECTOR('',#779,1.);
#779 = DIRECTION('',(0.891006524188,0.45399049974));
#780 = ( GEOMETRIC_REPRESENTATION_CONTEXT(2) 
PARAMETRIC_REPRESENTATION_CONTEXT() REPRESENTATION_CONTEXT('2D SPACE',''
  ) );
#781 = PCURVE('',#782,#787);
#782 = PLANE('',#783);
#783 = AXIS2_PLACEMENT_3D('',#784,#785,#786);
#784 = CARTESIAN_POINT('',(-14.,64.211068536063,32.294803025518));
#785 = DIRECTION('',(0.,-0.891006524188,-0.45399049974));
#786 = DIRECTION('',(0.,-0.45399049974,0.891006524188));
#787 = DEFINITIONAL_REPRESENTATION('',(#788),#792);
#788 = LINE('',#789,#790);
#789 = CARTESIAN_POINT('',(0.,0.));
#790 = VECTOR('',#791,1.);
#791 = DIRECTION('',(1.,0.));
#792 = ( GEOMETRIC_REPRESENTATION_CONTEXT(2) 
PARAMETRIC_REPRESENTATION_CONTEXT() REPRESENTATION_CONTEXT('2D SPACE',''
  ) );
#793 = ORIENTED_EDGE('',*,*,#794,.T.);
#794 = EDGE_CURVE('',#767,#795,#797,.T.);
#795 = VERTEX_POINT('',#796);
#796 = CARTESIAN_POINT('',(-14.,67.991814841235,37.193589697624));
#797 = SURFACE_CURVE('',#798,(#802,#809),.PCURVE_S1.);
#798 = LINE('',#799,#800);
#799 = CARTESIAN_POINT('',(-14.,63.869363597074,32.96543672856));
#800 = VECTOR('',#801,1.);
#801 = DIRECTION('',(0.,0.69810031838,0.715999961926));
#802 = PCURVE('',#126,#803);
#803 = DEFINITIONAL_REPRESENTATION('',(#804),#808);
#804 = LINE('',#805,#806);
#805 = CARTESIAN_POINT('',(32.96543672856,-63.86936359707));
#806 = VECTOR('',#807,1.);
#807 = DIRECTION('',(0.715999961926,-0.69810031838));
#808 = ( GEOMETRIC_REPRESENTATION_CONTEXT(2) 
PARAMETRIC_REPRESENTATION_CONTEXT() REPRESENTATION_CONTEXT('2D SPACE',''
  ) );
#809 = PCURVE('',#810,#815);
#810 = PLANE('',#811);
#811 = AXIS2_PLACEMENT_3D('',#812,#813,#814);
#812 = CARTESIAN_POINT('',(-14.,63.869363597074,32.96543672856));
#813 = DIRECTION('',(0.,-0.715999961926,0.69810031838));
#814 = DIRECTION('',(0.,0.69810031838,0.715999961926));
#815 = DEFINITIONAL_REPRESENTATION('',(#816),#820);
#816 = LINE('',#817,#818);
#817 = CARTESIAN_POINT('',(0.,0.));
#818 = VECTOR('',#819,1.);
#819 = DIRECTION('',(1.,0.));
#820 = ( GEOMETRIC_REPRESENTATION_CONTEXT(2) 
PARAMETRIC_REPRESENTATION_CONTEXT() REPRESENTATION_CONTEXT('2D SPACE',''
  ) );
#821 = ORIENTED_EDGE('',*,*,#822,.T.);
#822 = EDGE_CURVE('',#795,#823,#825,.T.);
#823 = VERTEX_POINT('',#824);
#824 = CARTESIAN_POINT('',(-14.,66.206500956695,40.285844053105));
#825 = SURFACE_CURVE('',#826,(#830,#837),.PCURVE_S1.);
#826 = LINE('',#827,#828);
#827 = CARTESIAN_POINT('',(-14.,67.991814841235,37.193589697624));
#828 = VECTOR('',#829,1.);
#829 = DIRECTION('',(0.,-0.5,0.866025403784));
#830 = PCURVE('',#126,#831);
#831 = DEFINITIONAL_REPRESENTATION('',(#832),#836);
#832 = LINE('',#833,#834);
#833 = CARTESIAN_POINT('',(37.193589697625,-67.99181484123));
#834 = VECTOR('',#835,1.);
#835 = DIRECTION('',(0.866025403784,0.5));
#836 = ( GEOMETRIC_REPRESENTATION_CONTEXT(2) 
PARAMETRIC_REPRESENTATION_CONTEXT() REPRESENTATION_CONTEXT('2D SPACE',''
  ) );
#837 = PCURVE('',#838,#843);
#838 = PLANE('',#839);
#839 = AXIS2_PLACEMENT_3D('',#840,#841,#842);
#840 = CARTESIAN_POINT('',(-14.,67.991814841235,37.193589697624));
#841 = DIRECTION('',(0.,-0.866025403784,-0.5));
#842 = DIRECTION('',(0.,-0.5,0.866025403784));
#843 = DEFINITIONAL_REPRESENTATION('',(#844),#848);
#844 = LINE('',#845,#846);
#845 = CARTESIAN_POINT('',(0.,0.));
#846 = VECTOR('',#847,1.);
#847 = DIRECTION('',(1.,0.));
#848 = ( GEOMETRIC_REPRESENTATION_CONTEXT(2) 
PARAMETRIC_REPRESENTATION_CONTEXT() REPRESENTATION_CONTEXT('2D SPACE',''
  ) );
#849 = ORIENTED_EDGE('',*,*,#850,.T.);
#850 = EDGE_CURVE('',#823,#851,#853,.T.);
#851 = VERTEX_POINT('',#852);
#852 = CARTESIAN_POINT('',(-14.,60.483587452319,38.829773034331));
#853 = SURFACE_CURVE('',#854,(#858,#865),.PCURVE_S1.);
#854 = LINE('',#855,#856);
#855 = CARTESIAN_POINT('',(-14.,66.206500956695,40.285844053105));
#856 = VECTOR('',#857,1.);
#857 = DIRECTION('',(0.,-0.969124315327,-0.246572629144));
#858 = PCURVE('',#126,#859);
#859 = DEFINITIONAL_REPRESENTATION('',(#860),#864);
#860 = LINE('',#861,#862);
#861 = CARTESIAN_POINT('',(40.285844053105,-66.20650095669));
#862 = VECTOR('',#863,1.);
#863 = DIRECTION('',(-0.246572629144,0.969124315327));
#864 = ( GEOMETRIC_REPRESENTATION_CONTEXT(2) 
PARAMETRIC_REPRESENTATION_CONTEXT() REPRESENTATION_CONTEXT('2D SPACE',''
  ) );
#865 = PCURVE('',#866,#871);
#866 = PLANE('',#867);
#867 = AXIS2_PLACEMENT_3D('',#868,#869,#870);
#868 = CARTESIAN_POINT('',(-14.,66.206500956695,40.285844053105));
#869 = DIRECTION('',(0.,0.246572629144,-0.969124315327));
#870 = DIRECTION('',(0.,-0.969124315327,-0.246572629144));
#871 = DEFINITIONAL_REPRESENTATION('',(#872),#876);
#872 = LINE('',#873,#874);
#873 = CARTESIAN_POINT('',(0.,0.));
#874 = VECTOR('',#875,1.);
#875 = DIRECTION('',(1.,0.));
#876 = ( GEOMETRIC_REPRESENTATION_CONTEXT(2) 
PARAMETRIC_REPRESENTATION_CONTEXT() REPRESENTATION_CONTEXT('2D SPACE',''
  ) );
#877 = ORIENTED_EDGE('',*,*,#878,.T.);
#878 = EDGE_CURVE('',#851,#879,#881,.T.);
#879 = VERTEX_POINT('',#880);
#880 = CARTESIAN_POINT('',(-14.,60.073654098344,39.461015043616));
#881 = SURFACE_CURVE('',#882,(#886,#893),.PCURVE_S1.);
#882 = LINE('',#883,#884);
#883 = CARTESIAN_POINT('',(-14.,60.483587452319,38.829773034331));
#884 = VECTOR('',#885,1.);
#885 = DIRECTION('',(0.,-0.544639035015,0.838670567945));
#886 = PCURVE('',#126,#887);
#887 = DEFINITIONAL_REPRESENTATION('',(#888),#892);
#888 = LINE('',#889,#890);
#889 = CARTESIAN_POINT('',(38.829773034332,-60.48358745231));
#890 = VECTOR('',#891,1.);
#891 = DIRECTION('',(0.838670567945,0.544639035015));
#892 = ( GEOMETRIC_REPRESENTATION_CONTEXT(2) 
PARAMETRIC_REPRESENTATION_CONTEXT() REPRESENTATION_CONTEXT('2D SPACE',''
  ) );
#893 = PCURVE('',#894,#899);
#894 = PLANE('',#895);
#895 = AXIS2_PLACEMENT_3D('',#896,#897,#898);
#896 = CARTESIAN_POINT('',(-14.,60.483587452319,38.829773034331));
#897 = DIRECTION('',(0.,-0.838670567945,-0.544639035015));
#898 = DIRECTION('',(0.,-0.544639035015,0.838670567945));
#899 = DEFINITIONAL_REPRESENTATION('',(#900),#904);
#900 = LINE('',#901,#902);
#901 = CARTESIAN_POINT('',(0.,0.));
#902 = VECTOR('',#903,1.);
#903 = DIRECTION('',(1.,0.));
#904 = ( GEOMETRIC_REPRESENTATION_CONTEXT(2) 
PARAMETRIC_REPRESENTATION_CONTEXT() REPRESENTATION_CONTEXT('2D SPACE',''
  ) );
#905 = ORIENTED_EDGE('',*,*,#906,.T.);
#906 = EDGE_CURVE('',#879,#907,#909,.T.);
#907 = VERTEX_POINT('',#908);
#908 = CARTESIAN_POINT('',(-14.,63.731559790933,44.096919241764));
#909 = SURFACE_CURVE('',#910,(#914,#921),.PCURVE_S1.);
#910 = LINE('',#911,#912);
#911 = CARTESIAN_POINT('',(-14.,60.073654098344,39.461015043616));
#912 = VECTOR('',#913,1.);
#913 = DIRECTION('',(0.,0.619433676072,0.785048992705));
#914 = PCURVE('',#126,#915);
#915 = DEFINITIONAL_REPRESENTATION('',(#916),#920);
#916 = LINE('',#917,#918);
#917 = CARTESIAN_POINT('',(39.461015043616,-60.07365409834));
#918 = VECTOR('',#919,1.);
#919 = DIRECTION('',(0.785048992705,-0.619433676072));
#920 = ( GEOMETRIC_REPRESENTATION_CONTEXT(2) 
PARAMETRIC_REPRESENTATION_CONTEXT() REPRESENTATION_CONTEXT('2D SPACE',''
  ) );
#921 = PCURVE('',#922,#927);
#922 = PLANE('',#923);
#923 = AXIS2_PLACEMENT_3D('',#924,#925,#926);
#924 = CARTESIAN_POINT('',(-14.,60.073654098344,39.461015043616));
#925 = DIRECTION('',(0.,-0.785048992705,0.619433676072));
#926 = DIRECTION('',(0.,0.619433676072,0.785048992705));
#927 = DEFINITIONAL_REPRESENTATION('',(#928),#932);
#928 = LINE('',#929,#930);
#929 = CARTESIAN_POINT('',(0.,0.));
#930 = VECTOR('',#931,1.);
#931 = DIRECTION('',(1.,0.));
#932 = ( GEOMETRIC_REPRESENTATION_CONTEXT(2) 
PARAMETRIC_REPRESENTATION_CONTEXT() REPRESENTATION_CONTEXT('2D SPACE',''
  ) );
#933 = ORIENTED_EDGE('',*,*,#934,.T.);
#934 = EDGE_CURVE('',#907,#935,#937,.T.);
#935 = VERTEX_POINT('',#936);
#936 = CARTESIAN_POINT('',(-14.,61.632797446843,46.985617787536));
#937 = SURFACE_CURVE('',#938,(#942,#949),.PCURVE_S1.);
#938 = LINE('',#939,#940);
#939 = CARTESIAN_POINT('',(-14.,63.731559790933,44.096919241764));
#940 = VECTOR('',#941,1.);
#941 = DIRECTION('',(0.,-0.587785252292,0.809016994375));
#942 = PCURVE('',#126,#943);
#943 = DEFINITIONAL_REPRESENTATION('',(#944),#948);
#944 = LINE('',#945,#946);
#945 = CARTESIAN_POINT('',(44.096919241765,-63.73155979093));
#946 = VECTOR('',#947,1.);
#947 = DIRECTION('',(0.809016994375,0.587785252292));
#948 = ( GEOMETRIC_REPRESENTATION_CONTEXT(2) 
PARAMETRIC_REPRESENTATION_CONTEXT() REPRESENTATION_CONTEXT('2D SPACE',''
  ) );
#949 = PCURVE('',#950,#955);
#950 = PLANE('',#951);
#951 = AXIS2_PLACEMENT_3D('',#952,#953,#954);
#952 = CARTESIAN_POINT('',(-14.,63.731559790933,44.096919241764));
#953 = DIRECTION('',(0.,-0.809016994375,-0.587785252292));
#954 = DIRECTION('',(0.,-0.587785252292,0.809016994375));
#955 = DEFINITIONAL_REPRESENTATION('',(#956),#960);
#956 = LINE('',#957,#958);
#957 = CARTESIAN_POINT('',(0.,0.));
#958 = VECTOR('',#959,1.);
#959 = DIRECTION('',(1.,0.));
#960 = ( GEOMETRIC_REPRESENTATION_CONTEXT(2) 
PARAMETRIC_REPRESENTATION_CONTEXT() REPRESENTATION_CONTEXT('2D SPACE',''
  ) );
#961 = ORIENTED_EDGE('',*,*,#962,.T.);
#962 = EDGE_CURVE('',#935,#963,#965,.T.);
#963 = VERTEX_POINT('',#964);
#964 = CARTESIAN_POINT('',(-14.,56.093435527442,44.939315924129));
#965 = SURFACE_CURVE('',#966,(#970,#977),.PCURVE_S1.);
#966 = LINE('',#967,#968);
#967 = CARTESIAN_POINT('',(-14.,61.632797446843,46.985617787536));
#968 = VECTOR('',#969,1.);
#969 = DIRECTION('',(0.,-0.938041492918,-0.346522953878));
#970 = PCURVE('',#126,#971);
#971 = DEFINITIONAL_REPRESENTATION('',(#972),#976);
#972 = LINE('',#973,#974);
#973 = CARTESIAN_POINT('',(46.985617787537,-61.63279744684));
#974 = VECTOR('',#975,1.);
#975 = DIRECTION('',(-0.346522953878,0.938041492918));
#976 = ( GEOMETRIC_REPRESENTATION_CONTEXT(2) 
PARAMETRIC_REPRESENTATION_CONTEXT() REPRESENTATION_CONTEXT('2D SPACE',''
  ) );
#977 = PCURVE('',#978,#983);
#978 = PLANE('',#979);
#979 = AXIS2_PLACEMENT_3D('',#980,#981,#982);
#980 = CARTESIAN_POINT('',(-14.,61.632797446843,46.985617787536));
#981 = DIRECTION('',(0.,0.346522953878,-0.938041492918));
#982 = DIRECTION('',(0.,-0.938041492918,-0.346522953878));
#983 = DEFINITIONAL_REPRESENTATION('',(#984),#988);
#984 = LINE('',#985,#986);
#985 = CARTESIAN_POINT('',(0.,0.));
#986 = VECTOR('',#987,1.);
#987 = DIRECTION('',(1.,0.));
#988 = ( GEOMETRIC_REPRESENTATION_CONTEXT(2) 
PARAMETRIC_REPRESENTATION_CONTEXT() REPRESENTATION_CONTEXT('2D SPACE',''
  ) );
#989 = ORIENTED_EDGE('',*,*,#990,.T.);
#990 = EDGE_CURVE('',#963,#991,#993,.T.);
#991 = VERTEX_POINT('',#992);
#992 = CARTESIAN_POINT('',(-14.,55.619765074093,45.524250220105));
#993 = SURFACE_CURVE('',#994,(#998,#1005),.PCURVE_S1.);
#994 = LINE('',#995,#996);
#995 = CARTESIAN_POINT('',(-14.,56.093435527442,44.939315924129));
#996 = VECTOR('',#997,1.);
#997 = DIRECTION('',(0.,-0.62932039105,0.777145961457));
#998 = PCURVE('',#126,#999);
#999 = DEFINITIONAL_REPRESENTATION('',(#1000),#1004);
#1000 = LINE('',#1001,#1002);
#1001 = CARTESIAN_POINT('',(44.939315924129,-56.09343552744));
#1002 = VECTOR('',#1003,1.);
#1003 = DIRECTION('',(0.777145961457,0.62932039105));
#1004 = ( GEOMETRIC_REPRESENTATION_CONTEXT(2) 
PARAMETRIC_REPRESENTATION_CONTEXT() REPRESENTATION_CONTEXT('2D SPACE',''
  ) );
#1005 = PCURVE('',#1006,#1011);
#1006 = PLANE('',#1007);
#1007 = AXIS2_PLACEMENT_3D('',#1008,#1009,#1010);
#1008 = CARTESIAN_POINT('',(-14.,56.093435527442,44.939315924129));
#1009 = DIRECTION('',(0.,-0.777145961457,-0.62932039105));
#1010 = DIRECTION('',(0.,-0.62932039105,0.777145961457));
#1011 = DEFINITIONAL_REPRESENTATION('',(#1012),#1016);
#1012 = LINE('',#1013,#1014);
#1013 = CARTESIAN_POINT('',(0.,0.));
#1014 = VECTOR('',#1015,1.);
#1015 = DIRECTION('',(1.,0.));
#1016 = ( GEOMETRIC_REPRESENTATION_CONTEXT(2) 
PARAMETRIC_REPRESENTATION_CONTEXT() REPRESENTATION_CONTEXT('2D SPACE',''
  ) );
#1017 = ORIENTED_EDGE('',*,*,#1018,.T.);
#1018 = EDGE_CURVE('',#991,#1019,#1021,.T.);
#1019 = VERTEX_POINT('',#1020);
#1020 = CARTESIAN_POINT('',(-14.,58.773048434876,50.517113710818));
#1021 = SURFACE_CURVE('',#1022,(#1026,#1033),.PCURVE_S1.);
#1022 = LINE('',#1023,#1024);
#1023 = CARTESIAN_POINT('',(-14.,55.619765074093,45.524250220105));
#1024 = VECTOR('',#1025,1.);
#1025 = DIRECTION('',(0.,0.533980388785,0.845496862438));
#1026 = PCURVE('',#126,#1027);
#1027 = DEFINITIONAL_REPRESENTATION('',(#1028),#1032);
#1028 = LINE('',#1029,#1030);
#1029 = CARTESIAN_POINT('',(45.524250220105,-55.61976507409));
#1030 = VECTOR('',#1031,1.);
#1031 = DIRECTION('',(0.845496862438,-0.533980388785));
#1032 = ( GEOMETRIC_REPRESENTATION_CONTEXT(2) 
PARAMETRIC_REPRESENTATION_CONTEXT() REPRESENTATION_CONTEXT('2D SPACE',''
  ) );
#1033 = PCURVE('',#1034,#1039);
#1034 = PLANE('',#1035);
#1035 = AXIS2_PLACEMENT_3D('',#1036,#1037,#1038);
#1036 = CARTESIAN_POINT('',(-14.,55.619765074093,45.524250220105));
#1037 = DIRECTION('',(0.,-0.845496862438,0.533980388785));
#1038 = DIRECTION('',(0.,0.533980388785,0.845496862438));
#1039 = DEFINITIONAL_REPRESENTATION('',(#1040),#1044);
#1040 = LINE('',#1041,#1042);
#1041 = CARTESIAN_POINT('',(0.,0.));
#1042 = VECTOR('',#1043,1.);
#1043 = DIRECTION('',(1.,0.));
#1044 = ( GEOMETRIC_REPRESENTATION_CONTEXT(2) 
PARAMETRIC_REPRESENTATION_CONTEXT() REPRESENTATION_CONTEXT('2D SPACE',''
  ) );
#1045 = ORIENTED_EDGE('',*,*,#1046,.T.);
#1046 = EDGE_CURVE('',#1019,#1047,#1049,.T.);
#1047 = VERTEX_POINT('',#1048);
#1048 = CARTESIAN_POINT('',(-14.,56.38383211067,53.170607261115));
#1049 = SURFACE_CURVE('',#1050,(#1054,#1061),.PCURVE_S1.);
#1050 = LINE('',#1051,#1052);
#1051 = CARTESIAN_POINT('',(-14.,58.773048434876,50.517113710818));
#1052 = VECTOR('',#1053,1.);
#1053 = DIRECTION('',(0.,-0.669130606359,0.743144825477));
#1054 = PCURVE('',#126,#1055);
#1055 = DEFINITIONAL_REPRESENTATION('',(#1056),#1060);
#1056 = LINE('',#1057,#1058);
#1057 = CARTESIAN_POINT('',(50.517113710818,-58.77304843487));
#1058 = VECTOR('',#1059,1.);
#1059 = DIRECTION('',(0.743144825477,0.669130606359));
#1060 = ( GEOMETRIC_REPRESENTATION_CONTEXT(2) 
PARAMETRIC_REPRESENTATION_CONTEXT() REPRESENTATION_CONTEXT('2D SPACE',''
  ) );
#1061 = PCURVE('',#1062,#1067);
#1062 = PLANE('',#1063);
#1063 = AXIS2_PLACEMENT_3D('',#1064,#1065,#1066);
#1064 = CARTESIAN_POINT('',(-14.,58.773048434876,50.517113710818));
#1065 = DIRECTION('',(0.,-0.743144825477,-0.669130606359));
#1066 = DIRECTION('',(0.,-0.669130606359,0.743144825477));
#1067 = DEFINITIONAL_REPRESENTATION('',(#1068),#1072);
#1068 = LINE('',#1069,#1070);
#1069 = CARTESIAN_POINT('',(0.,0.));
#1070 = VECTOR('',#1071,1.);
#1071 = DIRECTION('',(1.,0.));
#1072 = ( GEOMETRIC_REPRESENTATION_CONTEXT(2) 
PARAMETRIC_REPRESENTATION_CONTEXT() REPRESENTATION_CONTEXT('2D SPACE',''
  ) );
#1073 = ORIENTED_EDGE('',*,*,#1074,.T.);
#1074 = EDGE_CURVE('',#1047,#1075,#1077,.T.);
#1075 = VERTEX_POINT('',#1076);
#1076 = CARTESIAN_POINT('',(-14.,51.088712184621,50.556494264505));
#1077 = SURFACE_CURVE('',#1078,(#1082,#1089),.PCURVE_S1.);
#1078 = LINE('',#1079,#1080);
#1079 = CARTESIAN_POINT('',(-14.,56.38383211067,53.170607261115));
#1080 = VECTOR('',#1081,1.);
#1081 = DIRECTION('',(0.,-0.896681291615,-0.442676700616));
#1082 = PCURVE('',#126,#1083);
#1083 = DEFINITIONAL_REPRESENTATION('',(#1084),#1088);
#1084 = LINE('',#1085,#1086);
#1085 = CARTESIAN_POINT('',(53.170607261115,-56.38383211067));
#1086 = VECTOR('',#1087,1.);
#1087 = DIRECTION('',(-0.442676700616,0.896681291615));
#1088 = ( GEOMETRIC_REPRESENTATION_CONTEXT(2) 
PARAMETRIC_REPRESENTATION_CONTEXT() REPRESENTATION_CONTEXT('2D SPACE',''
  ) );
#1089 = PCURVE('',#1090,#1095);
#1090 = PLANE('',#1091);
#1091 = AXIS2_PLACEMENT_3D('',#1092,#1093,#1094);
#1092 = CARTESIAN_POINT('',(-14.,56.38383211067,53.170607261115));
#1093 = DIRECTION('',(0.,0.442676700616,-0.896681291615));
#1094 = DIRECTION('',(0.,-0.896681291615,-0.442676700616));
#1095 = DEFINITIONAL_REPRESENTATION('',(#1096),#1100);
#1096 = LINE('',#1097,#1098);
#1097 = CARTESIAN_POINT('',(0.,0.));
#1098 = VECTOR('',#1099,1.);
#1099 = DIRECTION('',(1.,0.));
#1100 = ( GEOMETRIC_REPRESENTATION_CONTEXT(2) 
PARAMETRIC_REPRESENTATION_CONTEXT() REPRESENTATION_CONTEXT('2D SPACE',''
  ) );
#1101 = ORIENTED_EDGE('',*,*,#1102,.T.);
#1102 = EDGE_CURVE('',#1075,#1103,#1105,.T.);
#1103 = VERTEX_POINT('',#1104);
#1104 = CARTESIAN_POINT('',(-14.,50.556494264505,51.088712184621));
#1105 = SURFACE_CURVE('',#1106,(#1110,#1117),.PCURVE_S1.);
#1106 = LINE('',#1107,#1108);
#1107 = CARTESIAN_POINT('',(-14.,51.088712184621,50.556494264505));
#1108 = VECTOR('',#1109,1.);
#1109 = DIRECTION('',(0.,-0.707106781187,0.707106781187));
#1110 = PCURVE('',#126,#1111);
#1111 = DEFINITIONAL_REPRESENTATION('',(#1112),#1116);
#1112 = LINE('',#1113,#1114);
#1113 = CARTESIAN_POINT('',(50.556494264505,-51.08871218462));
#1114 = VECTOR('',#1115,1.);
#1115 = DIRECTION('',(0.707106781187,0.707106781187));
#1116 = ( GEOMETRIC_REPRESENTATION_CONTEXT(2) 
PARAMETRIC_REPRESENTATION_CONTEXT() REPRESENTATION_CONTEXT('2D SPACE',''
  ) );
#1117 = PCURVE('',#1118,#1123);
#1118 = PLANE('',#1119);
#1119 = AXIS2_PLACEMENT_3D('',#1120,#1121,#1122);
#1120 = CARTESIAN_POINT('',(-14.,51.088712184621,50.556494264505));
#1121 = DIRECTION('',(0.,-0.707106781187,-0.707106781187));
#1122 = DIRECTION('',(0.,-0.707106781187,0.707106781187));
#1123 = DEFINITIONAL_REPRESENTATION('',(#1124),#1128);
#1124 = LINE('',#1125,#1126);
#1125 = CARTESIAN_POINT('',(0.,0.));
#1126 = VECTOR('',#1127,1.);
#1127 = DIRECTION('',(1.,0.));
#1128 = ( GEOMETRIC_REPRESENTATION_CONTEXT(2) 
PARAMETRIC_REPRESENTATION_CONTEXT() REPRESENTATION_CONTEXT('2D SPACE',''
  ) );
#1129 = ORIENTED_EDGE('',*,*,#1130,.T.);
#1130 = EDGE_CURVE('',#1103,#1131,#1133,.T.);
#1131 = VERTEX_POINT('',#1132);
#1132 = CARTESIAN_POINT('',(-14.,53.170607261115,56.38383211067));
#1133 = SURFACE_CURVE('',#1134,(#1138,#1145),.PCURVE_S1.);
#1134 = LINE('',#1135,#1136);
#1135 = CARTESIAN_POINT('',(-14.,50.556494264505,51.088712184621));
#1136 = VECTOR('',#1137,1.);
#1137 = DIRECTION('',(0.,0.442676700616,0.896681291615));
#1138 = PCURVE('',#126,#1139);
#1139 = DEFINITIONAL_REPRESENTATION('',(#1140),#1144);
#1140 = LINE('',#1141,#1142);
#1141 = CARTESIAN_POINT('',(51.088712184621,-50.5564942645));
#1142 = VECTOR('',#1143,1.);
#1143 = DIRECTION('',(0.896681291615,-0.442676700616));
#1144 = ( GEOMETRIC_REPRESENTATION_CONTEXT(2) 
PARAMETRIC_REPRESENTATION_CONTEXT() REPRESENTATION_CONTEXT('2D SPACE',''
  ) );
#1145 = PCURVE('',#1146,#1151);
#1146 = PLANE('',#1147);
#1147 = AXIS2_PLACEMENT_3D('',#1148,#1149,#1150);
#1148 = CARTESIAN_POINT('',(-14.,50.556494264505,51.088712184621));
#1149 = DIRECTION('',(0.,-0.896681291615,0.442676700616));
#1150 = DIRECTION('',(0.,0.442676700616,0.896681291615));
#1151 = DEFINITIONAL_REPRESENTATION('',(#1152),#1156);
#1152 = LINE('',#1153,#1154);
#1153 = CARTESIAN_POINT('',(0.,0.));
#1154 = VECTOR('',#1155,1.);
#1155 = DIRECTION('',(1.,0.));
#1156 = ( GEOMETRIC_REPRESENTATION_CONTEXT(2) 
PARAMETRIC_REPRESENTATION_CONTEXT() REPRESENTATION_CONTEXT('2D SPACE',''
  ) );
#1157 = ORIENTED_EDGE('',*,*,#1158,.T.);
#1158 = EDGE_CURVE('',#1131,#1159,#1161,.T.);
#1159 = VERTEX_POINT('',#1160);
#1160 = CARTESIAN_POINT('',(-14.,50.517113710818,58.773048434876));
#1161 = SURFACE_CURVE('',#1162,(#1166,#1173),.PCURVE_S1.);
#1162 = LINE('',#1163,#1164);
#1163 = CARTESIAN_POINT('',(-14.,53.170607261115,56.38383211067));
#1164 = VECTOR('',#1165,1.);
#1165 = DIRECTION('',(0.,-0.743144825477,0.669130606359));
#1166 = PCURVE('',#126,#1167);
#1167 = DEFINITIONAL_REPRESENTATION('',(#1168),#1172);
#1168 = LINE('',#1169,#1170);
#1169 = CARTESIAN_POINT('',(56.38383211067,-53.17060726111));
#1170 = VECTOR('',#1171,1.);
#1171 = DIRECTION('',(0.669130606359,0.743144825477));
#1172 = ( GEOMETRIC_REPRESENTATION_CONTEXT(2) 
PARAMETRIC_REPRESENTATION_CONTEXT() REPRESENTATION_CONTEXT('2D SPACE',''
  ) );
#1173 = PCURVE('',#1174,#1179);
#1174 = PLANE('',#1175);
#1175 = AXIS2_PLACEMENT_3D('',#1176,#1177,#1178);
#1176 = CARTESIAN_POINT('',(-14.,53.170607261115,56.38383211067));
#1177 = DIRECTION('',(0.,-0.669130606359,-0.743144825477));
#1178 = DIRECTION('',(0.,-0.743144825477,0.669130606359));
#1179 = DEFINITIONAL_REPRESENTATION('',(#1180),#1184);
#1180 = LINE('',#1181,#1182);
#1181 = CARTESIAN_POINT('',(0.,0.));
#1182 = VECTOR('',#1183,1.);
#1183 = DIRECTION('',(1.,0.));
#1184 = ( GEOMETRIC_REPRESENTATION_CONTEXT(2) 
PARAMETRIC_REPRESENTATION_CONTEXT() REPRESENTATION_CONTEXT('2D SPACE',''
  ) );
#1185 = ORIENTED_EDGE('',*,*,#1186,.T.);
#1186 = EDGE_CURVE('',#1159,#1187,#1189,.T.);
#1187 = VERTEX_POINT('',#1188);
#1188 = CARTESIAN_POINT('',(-14.,45.524250220105,55.619765074093));
#1189 = SURFACE_CURVE('',#1190,(#1194,#1201),.PCURVE_S1.);
#1190 = LINE('',#1191,#1192);
#1191 = CARTESIAN_POINT('',(-14.,50.517113710818,58.773048434876));
#1192 = VECTOR('',#1193,1.);
#1193 = DIRECTION('',(0.,-0.845496862438,-0.533980388785));
#1194 = PCURVE('',#126,#1195);
#1195 = DEFINITIONAL_REPRESENTATION('',(#1196),#1200);
#1196 = LINE('',#1197,#1198);
#1197 = CARTESIAN_POINT('',(58.773048434876,-50.51711371081));
#1198 = VECTOR('',#1199,1.);
#1199 = DIRECTION('',(-0.533980388785,0.845496862438));
#1200 = ( GEOMETRIC_REPRESENTATION_CONTEXT(2) 
PARAMETRIC_REPRESENTATION_CONTEXT() REPRESENTATION_CONTEXT('2D SPACE',''
  ) );
#1201 = PCURVE('',#1202,#1207);
#1202 = PLANE('',#1203);
#1203 = AXIS2_PLACEMENT_3D('',#1204,#1205,#1206);
#1204 = CARTESIAN_POINT('',(-14.,50.517113710818,58.773048434876));
#1205 = DIRECTION('',(0.,0.533980388785,-0.845496862438));
#1206 = DIRECTION('',(0.,-0.845496862438,-0.533980388785));
#1207 = DEFINITIONAL_REPRESENTATION('',(#1208),#1212);
#1208 = LINE('',#1209,#1210);
#1209 = CARTESIAN_POINT('',(0.,0.));
#1210 = VECTOR('',#1211,1.);
#1211 = DIRECTION('',(1.,0.));
#1212 = ( GEOMETRIC_REPRESENTATION_CONTEXT(2) 
PARAMETRIC_REPRESENTATION_CONTEXT() REPRESENTATION_CONTEXT('2D SPACE',''
  ) );
#1213 = ORIENTED_EDGE('',*,*,#1214,.T.);
#1214 = EDGE_CURVE('',#1187,#1215,#1217,.T.);
#1215 = VERTEX_POINT('',#1216);
#1216 = CARTESIAN_POINT('',(-14.,44.939315924129,56.093435527442));
#1217 = SURFACE_CURVE('',#1218,(#1222,#1229),.PCURVE_S1.);
#1218 = LINE('',#1219,#1220);
#1219 = CARTESIAN_POINT('',(-14.,45.524250220105,55.619765074093));
#1220 = VECTOR('',#1221,1.);
#1221 = DIRECTION('',(0.,-0.777145961457,0.62932039105));
#1222 = PCURVE('',#126,#1223);
#1223 = DEFINITIONAL_REPRESENTATION('',(#1224),#1228);
#1224 = LINE('',#1225,#1226);
#1225 = CARTESIAN_POINT('',(55.619765074093,-45.5242502201));
#1226 = VECTOR('',#1227,1.);
#1227 = DIRECTION('',(0.62932039105,0.777145961457));
#1228 = ( GEOMETRIC_REPRESENTATION_CONTEXT(2) 
PARAMETRIC_REPRESENTATION_CONTEXT() REPRESENTATION_CONTEXT('2D SPACE',''
  ) );
#1229 = PCURVE('',#1230,#1235);
#1230 = PLANE('',#1231);
#1231 = AXIS2_PLACEMENT_3D('',#1232,#1233,#1234);
#1232 = CARTESIAN_POINT('',(-14.,45.524250220105,55.619765074093));
#1233 = DIRECTION('',(0.,-0.62932039105,-0.777145961457));
#1234 = DIRECTION('',(0.,-0.777145961457,0.62932039105));
#1235 = DEFINITIONAL_REPRESENTATION('',(#1236),#1240);
#1236 = LINE('',#1237,#1238);
#1237 = CARTESIAN_POINT('',(0.,0.));
#1238 = VECTOR('',#1239,1.);
#1239 = DIRECTION('',(1.,0.));
#1240 = ( GEOMETRIC_REPRESENTATION_CONTEXT(2) 
PARAMETRIC_REPRESENTATION_CONTEXT() REPRESENTATION_CONTEXT('2D SPACE',''
  ) );
#1241 = ORIENTED_EDGE('',*,*,#1242,.T.);
#1242 = EDGE_CURVE('',#1215,#1243,#1245,.T.);
#1243 = VERTEX_POINT('',#1244);
#1244 = CARTESIAN_POINT('',(-14.,46.985617787536,61.632797446843));
#1245 = SURFACE_CURVE('',#1246,(#1250,#1257),.PCURVE_S1.);
#1246 = LINE('',#1247,#1248);
#1247 = CARTESIAN_POINT('',(-14.,44.939315924129,56.093435527442));
#1248 = VECTOR('',#1249,1.);
#1249 = DIRECTION('',(0.,0.346522953878,0.938041492918));
#1250 = PCURVE('',#126,#1251);
#1251 = DEFINITIONAL_REPRESENTATION('',(#1252),#1256);
#1252 = LINE('',#1253,#1254);
#1253 = CARTESIAN_POINT('',(56.093435527443,-44.93931592412));
#1254 = VECTOR('',#1255,1.);
#1255 = DIRECTION('',(0.938041492918,-0.346522953878));
#1256 = ( GEOMETRIC_REPRESENTATION_CONTEXT(2) 
PARAMETRIC_REPRESENTATION_CONTEXT() REPRESENTATION_CONTEXT('2D SPACE',''
  ) );
#1257 = PCURVE('',#1258,#1263);
#1258 = PLANE('',#1259);
#1259 = AXIS2_PLACEMENT_3D('',#1260,#1261,#1262);
#1260 = CARTESIAN_POINT('',(-14.,44.939315924129,56.093435527442));
#1261 = DIRECTION('',(0.,-0.938041492918,0.346522953878));
#1262 = DIRECTION('',(0.,0.346522953878,0.938041492918));
#1263 = DEFINITIONAL_REPRESENTATION('',(#1264),#1268);
#1264 = LINE('',#1265,#1266);
#1265 = CARTESIAN_POINT('',(0.,0.));
#1266 = VECTOR('',#1267,1.);
#1267 = DIRECTION('',(1.,0.));
#1268 = ( GEOMETRIC_REPRESENTATION_CONTEXT(2) 
PARAMETRIC_REPRESENTATION_CONTEXT() REPRESENTATION_CONTEXT('2D SPACE',''
  ) );
#1269 = ORIENTED_EDGE('',*,*,#1270,.T.);
#1270 = EDGE_CURVE('',#1243,#1271,#1273,.T.);
#1271 = VERTEX_POINT('',#1272);
#1272 = CARTESIAN_POINT('',(-14.,44.096919241764,63.731559790933));
#1273 = SURFACE_CURVE('',#1274,(#1278,#1285),.PCURVE_S1.);
#1274 = LINE('',#1275,#1276);
#1275 = CARTESIAN_POINT('',(-14.,46.985617787536,61.632797446843));
#1276 = VECTOR('',#1277,1.);
#1277 = DIRECTION('',(0.,-0.809016994375,0.587785252292));
#1278 = PCURVE('',#126,#1279);
#1279 = DEFINITIONAL_REPRESENTATION('',(#1280),#1284);
#1280 = LINE('',#1281,#1282);
#1281 = CARTESIAN_POINT('',(61.632797446843,-46.98561778753));
#1282 = VECTOR('',#1283,1.);
#1283 = DIRECTION('',(0.587785252292,0.809016994375));
#1284 = ( GEOMETRIC_REPRESENTATION_CONTEXT(2) 
PARAMETRIC_REPRESENTATION_CONTEXT() REPRESENTATION_CONTEXT('2D SPACE',''
  ) );
#1285 = PCURVE('',#1286,#1291);
#1286 = PLANE('',#1287);
#1287 = AXIS2_PLACEMENT_3D('',#1288,#1289,#1290);
#1288 = CARTESIAN_POINT('',(-14.,46.985617787536,61.632797446843));
#1289 = DIRECTION('',(0.,-0.587785252292,-0.809016994375));
#1290 = DIRECTION('',(0.,-0.809016994375,0.587785252292));
#1291 = DEFINITIONAL_REPRESENTATION('',(#1292),#1296);
#1292 = LINE('',#1293,#1294);
#1293 = CARTESIAN_POINT('',(0.,0.));
#1294 = VECTOR('',#1295,1.);
#1295 = DIRECTION('',(1.,0.));
#1296 = ( GEOMETRIC_REPRESENTATION_CONTEXT(2) 
PARAMETRIC_REPRESENTATION_CONTEXT() REPRESENTATION_CONTEXT('2D SPACE',''
  ) );
#1297 = ORIENTED_EDGE('',*,*,#1298,.T.);
#1298 = EDGE_CURVE('',#1271,#1299,#1301,.T.);
#1299 = VERTEX_POINT('',#1300);
#1300 = CARTESIAN_POINT('',(-14.,39.461015043616,60.073654098344));
#1301 = SURFACE_CURVE('',#1302,(#1306,#1313),.PCURVE_S1.);
#1302 = LINE('',#1303,#1304);
#1303 = CARTESIAN_POINT('',(-14.,44.096919241764,63.731559790933));
#1304 = VECTOR('',#1305,1.);
#1305 = DIRECTION('',(0.,-0.785048992705,-0.619433676072));
#1306 = PCURVE('',#126,#1307);
#1307 = DEFINITIONAL_REPRESENTATION('',(#1308),#1312);
#1308 = LINE('',#1309,#1310);
#1309 = CARTESIAN_POINT('',(63.731559790933,-44.09691924176));
#1310 = VECTOR('',#1311,1.);
#1311 = DIRECTION('',(-0.619433676072,0.785048992705));
#1312 = ( GEOMETRIC_REPRESENTATION_CONTEXT(2) 
PARAMETRIC_REPRESENTATION_CONTEXT() REPRESENTATION_CONTEXT('2D SPACE',''
  ) );
#1313 = PCURVE('',#1314,#1319);
#1314 = PLANE('',#1315);
#1315 = AXIS2_PLACEMENT_3D('',#1316,#1317,#1318);
#1316 = CARTESIAN_POINT('',(-14.,44.096919241764,63.731559790933));
#1317 = DIRECTION('',(0.,0.619433676072,-0.785048992705));
#1318 = DIRECTION('',(0.,-0.785048992705,-0.619433676072));
#1319 = DEFINITIONAL_REPRESENTATION('',(#1320),#1324);
#1320 = LINE('',#1321,#1322);
#1321 = CARTESIAN_POINT('',(0.,0.));
#1322 = VECTOR('',#1323,1.);
#1323 = DIRECTION('',(1.,0.));
#1324 = ( GEOMETRIC_REPRESENTATION_CONTEXT(2) 
PARAMETRIC_REPRESENTATION_CONTEXT() REPRESENTATION_CONTEXT('2D SPACE',''
  ) );
#1325 = ORIENTED_EDGE('',*,*,#1326,.T.);
#1326 = EDGE_CURVE('',#1299,#1327,#1329,.T.);
#1327 = VERTEX_POINT('',#1328);
#1328 = CARTESIAN_POINT('',(-14.,38.829773034331,60.483587452319));
#1329 = SURFACE_CURVE('',#1330,(#1334,#1341),.PCURVE_S1.);
#1330 = LINE('',#1331,#1332);
#1331 = CARTESIAN_POINT('',(-14.,39.461015043616,60.073654098344));
#1332 = VECTOR('',#1333,1.);
#1333 = DIRECTION('',(0.,-0.838670567945,0.544639035015));
#1334 = PCURVE('',#126,#1335);
#1335 = DEFINITIONAL_REPRESENTATION('',(#1336),#1340);
#1336 = LINE('',#1337,#1338);
#1337 = CARTESIAN_POINT('',(60.073654098344,-39.46101504361));
#1338 = VECTOR('',#1339,1.);
#1339 = DIRECTION('',(0.544639035015,0.838670567945));
#1340 = ( GEOMETRIC_REPRESENTATION_CONTEXT(2) 
PARAMETRIC_REPRESENTATION_CONTEXT() REPRESENTATION_CONTEXT('2D SPACE',''
  ) );
#1341 = PCURVE('',#1342,#1347);
#1342 = PLANE('',#1343);
#1343 = AXIS2_PLACEMENT_3D('',#1344,#1345,#1346);
#1344 = CARTESIAN_POINT('',(-14.,39.461015043616,60.073654098344));
#1345 = DIRECTION('',(0.,-0.544639035015,-0.838670567945));
#1346 = DIRECTION('',(0.,-0.838670567945,0.544639035015));
#1347 = DEFINITIONAL_REPRESENTATION('',(#1348),#1352);
#1348 = LINE('',#1349,#1350);
#1349 = CARTESIAN_POINT('',(0.,0.));
#1350 = VECTOR('',#1351,1.);
#1351 = DIRECTION('',(1.,0.));
#1352 = ( GEOMETRIC_REPRESENTATION_CONTEXT(2) 
PARAMETRIC_REPRESENTATION_CONTEXT() REPRESENTATION_CONTEXT('2D SPACE',''
  ) );
#1353 = ORIENTED_EDGE('',*,*,#1354,.T.);
#1354 = EDGE_CURVE('',#1327,#1355,#1357,.T.);
#1355 = VERTEX_POINT('',#1356);
#1356 = CARTESIAN_POINT('',(-14.,40.285844053105,66.206500956695));
#1357 = SURFACE_CURVE('',#1358,(#1362,#1369),.PCURVE_S1.);
#1358 = LINE('',#1359,#1360);
#1359 = CARTESIAN_POINT('',(-14.,38.829773034331,60.483587452319));
#1360 = VECTOR('',#1361,1.);
#1361 = DIRECTION('',(0.,0.246572629144,0.969124315327));
#1362 = PCURVE('',#126,#1363);
#1363 = DEFINITIONAL_REPRESENTATION('',(#1364),#1368);
#1364 = LINE('',#1365,#1366);
#1365 = CARTESIAN_POINT('',(60.483587452319,-38.82977303433));
#1366 = VECTOR('',#1367,1.);
#1367 = DIRECTION('',(0.969124315327,-0.246572629144));
#1368 = ( GEOMETRIC_REPRESENTATION_CONTEXT(2) 
PARAMETRIC_REPRESENTATION_CONTEXT() REPRESENTATION_CONTEXT('2D SPACE',''
  ) );
#1369 = PCURVE('',#1370,#1375);
#1370 = PLANE('',#1371);
#1371 = AXIS2_PLACEMENT_3D('',#1372,#1373,#1374);
#1372 = CARTESIAN_POINT('',(-14.,38.829773034331,60.483587452319));
#1373 = DIRECTION('',(0.,-0.969124315327,0.246572629144));
#1374 = DIRECTION('',(0.,0.246572629144,0.969124315327));
#1375 = DEFINITIONAL_REPRESENTATION('',(#1376),#1380);
#1376 = LINE('',#1377,#1378);
#1377 = CARTESIAN_POINT('',(0.,0.));
#1378 = VECTOR('',#1379,1.);
#1379 = DIRECTION('',(1.,0.));
#1380 = ( GEOMETRIC_REPRESENTATION_CONTEXT(2) 
PARAMETRIC_REPRESENTATION_CONTEXT() REPRESENTATION_CONTEXT('2D SPACE',''
  ) );
#1381 = ORIENTED_EDGE('',*,*,#1382,.T.);
#1382 = EDGE_CURVE('',#1355,#1383,#1385,.T.);
#1383 = VERTEX_POINT('',#1384);
#1384 = CARTESIAN_POINT('',(-14.,37.193589697624,67.991814841235));
#1385 = SURFACE_CURVE('',#1386,(#1390,#1397),.PCURVE_S1.);
#1386 = LINE('',#1387,#1388);
#1387 = CARTESIAN_POINT('',(-14.,40.285844053105,66.206500956695));
#1388 = VECTOR('',#1389,1.);
#1389 = DIRECTION('',(0.,-0.866025403784,0.5));
#1390 = PCURVE('',#126,#1391);
#1391 = DEFINITIONAL_REPRESENTATION('',(#1392),#1396);
#1392 = LINE('',#1393,#1394);
#1393 = CARTESIAN_POINT('',(66.206500956695,-40.2858440531));
#1394 = VECTOR('',#1395,1.);
#1395 = DIRECTION('',(0.5,0.866025403784));
#1396 = ( GEOMETRIC_REPRESENTATION_CONTEXT(2) 
PARAMETRIC_REPRESENTATION_CONTEXT() REPRESENTATION_CONTEXT('2D SPACE',''
  ) );
#1397 = PCURVE('',#1398,#1403);
#1398 = PLANE('',#1399);
#1399 = AXIS2_PLACEMENT_3D('',#1400,#1401,#1402);
#1400 = CARTESIAN_POINT('',(-14.,40.285844053105,66.206500956695));
#1401 = DIRECTION('',(0.,-0.5,-0.866025403784));
#1402 = DIRECTION('',(0.,-0.866025403784,0.5));
#1403 = DEFINITIONAL_REPRESENTATION('',(#1404),#1408);
#1404 = LINE('',#1405,#1406);
#1405 = CARTESIAN_POINT('',(0.,0.));
#1406 = VECTOR('',#1407,1.);
#1407 = DIRECTION('',(1.,0.));
#1408 = ( GEOMETRIC_REPRESENTATION_CONTEXT(2) 
PARAMETRIC_REPRESENTATION_CONTEXT() REPRESENTATION_CONTEXT('2D SPACE',''
  ) );
#1409 = ORIENTED_EDGE('',*,*,#1410,.T.);
#1410 = EDGE_CURVE('',#1383,#1411,#1413,.T.);
#1411 = VERTEX_POINT('',#1412);
#1412 = CARTESIAN_POINT('',(-14.,32.96543672856,63.869363597074));
#1413 = SURFACE_CURVE('',#1414,(#1418,#1425),.PCURVE_S1.);
#1414 = LINE('',#1415,#1416);
#1415 = CARTESIAN_POINT('',(-14.,37.193589697624,67.991814841235));
#1416 = VECTOR('',#1417,1.);
#1417 = DIRECTION('',(0.,-0.715999961926,-0.69810031838));
#1418 = PCURVE('',#126,#1419);
#1419 = DEFINITIONAL_REPRESENTATION('',(#1420),#1424);
#1420 = LINE('',#1421,#1422);
#1421 = CARTESIAN_POINT('',(67.991814841235,-37.19358969762));
#1422 = VECTOR('',#1423,1.);
#1423 = DIRECTION('',(-0.69810031838,0.715999961926));
#1424 = ( GEOMETRIC_REPRESENTATION_CONTEXT(2) 
PARAMETRIC_REPRESENTATION_CONTEXT() REPRESENTATION_CONTEXT('2D SPACE',''
  ) );
#1425 = PCURVE('',#1426,#1431);
#1426 = PLANE('',#1427);
#1427 = AXIS2_PLACEMENT_3D('',#1428,#1429,#1430);
#1428 = CARTESIAN_POINT('',(-14.,37.193589697624,67.991814841235));
#1429 = DIRECTION('',(0.,0.69810031838,-0.715999961926));
#1430 = DIRECTION('',(0.,-0.715999961926,-0.69810031838));
#1431 = DEFINITIONAL_REPRESENTATION('',(#1432),#1436);
#1432 = LINE('',#1433,#1434);
#1433 = CARTESIAN_POINT('',(0.,0.));
#1434 = VECTOR('',#1435,1.);
#1435 = DIRECTION('',(1.,0.));
#1436 = ( GEOMETRIC_REPRESENTATION_CONTEXT(2) 
PARAMETRIC_REPRESENTATION_CONTEXT() REPRESENTATION_CONTEXT('2D SPACE',''
  ) );
#1437 = ORIENTED_EDGE('',*,*,#1438,.T.);
#1438 = EDGE_CURVE('',#1411,#1439,#1441,.T.);
#1439 = VERTEX_POINT('',#1440);
#1440 = CARTESIAN_POINT('',(-14.,32.294803025518,64.211068536063));
#1441 = SURFACE_CURVE('',#1442,(#1446,#1453),.PCURVE_S1.);
#1442 = LINE('',#1443,#1444);
#1443 = CARTESIAN_POINT('',(-14.,32.96543672856,63.869363597074));
#1444 = VECTOR('',#1445,1.);
#1445 = DIRECTION('',(0.,-0.891006524188,0.45399049974));
#1446 = PCURVE('',#126,#1447);
#1447 = DEFINITIONAL_REPRESENTATION('',(#1448),#1452);
#1448 = LINE('',#1449,#1450);
#1449 = CARTESIAN_POINT('',(63.869363597075,-32.96543672856));
#1450 = VECTOR('',#1451,1.);
#1451 = DIRECTION('',(0.45399049974,0.891006524188));
#1452 = ( GEOMETRIC_REPRESENTATION_CONTEXT(2) 
PARAMETRIC_REPRESENTATION_CONTEXT() REPRESENTATION_CONTEXT('2D SPACE',''
  ) );
#1453 = PCURVE('',#1454,#1459);
#1454 = PLANE('',#1455);
#1455 = AXIS2_PLACEMENT_3D('',#1456,#1457,#1458);
#1456 = CARTESIAN_POINT('',(-14.,32.96543672856,63.869363597074));
#1457 = DIRECTION('',(0.,-0.45399049974,-0.891006524188));
#1458 = DIRECTION('',(0.,-0.891006524188,0.45399049974));
#1459 = DEFINITIONAL_REPRESENTATION('',(#1460),#1464);
#1460 = LINE('',#1461,#1462);
#1461 = CARTESIAN_POINT('',(0.,0.));
#1462 = VECTOR('',#1463,1.);
#1463 = DIRECTION('',(1.,0.));
#1464 = ( GEOMETRIC_REPRESENTATION_CONTEXT(2) 
PARAMETRIC_REPRESENTATION_CONTEXT() REPRESENTATION_CONTEXT('2D SPACE',''
  ) );
#1465 = ORIENTED_EDGE('',*,*,#1466,.T.);
#1466 = EDGE_CURVE('',#1439,#1467,#1469,.T.);
#1467 = VERTEX_POINT('',#1468);
#1468 = CARTESIAN_POINT('',(-14.,33.144690180873,70.054832187465));
#1469 = SURFACE_CURVE('',#1470,(#1474,#1481),.PCURVE_S1.);
#1470 = LINE('',#1471,#1472);
#1471 = CARTESIAN_POINT('',(-14.,32.294803025518,64.211068536063));
#1472 = VECTOR('',#1473,1.);
#1473 = DIRECTION('',(0.,0.143920803085,0.989589208934));
#1474 = PCURVE('',#126,#1475);
#1475 = DEFINITIONAL_REPRESENTATION('',(#1476),#1480);
#1476 = LINE('',#1477,#1478);
#1477 = CARTESIAN_POINT('',(64.211068536063,-32.29480302551));
#1478 = VECTOR('',#1479,1.);
#1479 = DIRECTION('',(0.989589208934,-0.143920803085));
#1480 = ( GEOMETRIC_REPRESENTATION_CONTEXT(2) 
PARAMETRIC_REPRESENTATION_CONTEXT() REPRESENTATION_CONTEXT('2D SPACE',''
  ) );
#1481 = PCURVE('',#1482,#1487);
#1482 = PLANE('',#1483);
#1483 = AXIS2_PLACEMENT_3D('',#1484,#1485,#1486);
#1484 = CARTESIAN_POINT('',(-14.,32.294803025518,64.211068536063));
#1485 = DIRECTION('',(0.,-0.989589208934,0.143920803085));
#1486 = DIRECTION('',(0.,0.143920803085,0.989589208934));
#1487 = DEFINITIONAL_REPRESENTATION('',(#1488),#1492);
#1488 = LINE('',#1489,#1490);
#1489 = CARTESIAN_POINT('',(0.,0.));
#1490 = VECTOR('',#1491,1.);
#1491 = DIRECTION('',(1.,0.));
#1492 = ( GEOMETRIC_REPRESENTATION_CONTEXT(2) 
PARAMETRIC_REPRESENTATION_CONTEXT() REPRESENTATION_CONTEXT('2D SPACE',''
  ) );
#1493 = ORIENTED_EDGE('',*,*,#1494,.T.);
#1494 = EDGE_CURVE('',#1467,#1495,#1497,.T.);
#1495 = VERTEX_POINT('',#1496);
#1496 = CARTESIAN_POINT('',(-14.,29.882759401498,71.507137339934));
#1497 = SURFACE_CURVE('',#1498,(#1502,#1509),.PCURVE_S1.);
#1498 = LINE('',#1499,#1500);
#1499 = CARTESIAN_POINT('',(-14.,33.144690180873,70.054832187465));
#1500 = VECTOR('',#1501,1.);
#1501 = DIRECTION('',(0.,-0.913545457643,0.406736643076));
#1502 = PCURVE('',#126,#1503);
#1503 = DEFINITIONAL_REPRESENTATION('',(#1504),#1508);
#1504 = LINE('',#1505,#1506);
#1505 = CARTESIAN_POINT('',(70.054832187466,-33.14469018087));
#1506 = VECTOR('',#1507,1.);
#1507 = DIRECTION('',(0.406736643076,0.913545457643));
#1508 = ( GEOMETRIC_REPRESENTATION_CONTEXT(2) 
PARAMETRIC_REPRESENTATION_CONTEXT() REPRESENTATION_CONTEXT('2D SPACE',''
  ) );
#1509 = PCURVE('',#1510,#1515);
#1510 = PLANE('',#1511);
#1511 = AXIS2_PLACEMENT_3D('',#1512,#1513,#1514);
#1512 = CARTESIAN_POINT('',(-14.,33.144690180873,70.054832187465));
#1513 = DIRECTION('',(0.,-0.406736643076,-0.913545457643));
#1514 = DIRECTION('',(0.,-0.913545457643,0.406736643076));
#1515 = DEFINITIONAL_REPRESENTATION('',(#1516),#1520);
#1516 = LINE('',#1517,#1518);
#1517 = CARTESIAN_POINT('',(0.,0.));
#1518 = VECTOR('',#1519,1.);
#1519 = DIRECTION('',(1.,0.));
#1520 = ( GEOMETRIC_REPRESENTATION_CONTEXT(2) 
PARAMETRIC_REPRESENTATION_CONTEXT() REPRESENTATION_CONTEXT('2D SPACE',''
  ) );
#1521 = ORIENTED_EDGE('',*,*,#1522,.T.);
#1522 = EDGE_CURVE('',#1495,#1523,#1525,.T.);
#1523 = VERTEX_POINT('',#1524);
#1524 = CARTESIAN_POINT('',(-14.,26.108682190245,66.965306982711));
#1525 = SURFACE_CURVE('',#1526,(#1530,#1537),.PCURVE_S1.);
#1526 = LINE('',#1527,#1528);
#1527 = CARTESIAN_POINT('',(-14.,29.882759401498,71.507137339934));
#1528 = VECTOR('',#1529,1.);
#1529 = DIRECTION('',(0.,-0.639106285732,-0.769118427512));
#1530 = PCURVE('',#126,#1531);
#1531 = DEFINITIONAL_REPRESENTATION('',(#1532),#1536);
#1532 = LINE('',#1533,#1534);
#1533 = CARTESIAN_POINT('',(71.507137339934,-29.88275940149));
#1534 = VECTOR('',#1535,1.);
#1535 = DIRECTION('',(-0.769118427512,0.639106285732));
#1536 = ( GEOMETRIC_REPRESENTATION_CONTEXT(2) 
PARAMETRIC_REPRESENTATION_CONTEXT() REPRESENTATION_CONTEXT('2D SPACE',''
  ) );
#1537 = PCURVE('',#1538,#1543);
#1538 = PLANE('',#1539);
#1539 = AXIS2_PLACEMENT_3D('',#1540,#1541,#1542);
#1540 = CARTESIAN_POINT('',(-14.,29.882759401498,71.507137339934));
#1541 = DIRECTION('',(0.,0.769118427512,-0.639106285732));
#1542 = DIRECTION('',(0.,-0.639106285732,-0.769118427512));
#1543 = DEFINITIONAL_REPRESENTATION('',(#1544),#1548);
#1544 = LINE('',#1545,#1546);
#1545 = CARTESIAN_POINT('',(0.,0.));
#1546 = VECTOR('',#1547,1.);
#1547 = DIRECTION('',(1.,0.));
#1548 = ( GEOMETRIC_REPRESENTATION_CONTEXT(2) 
PARAMETRIC_REPRESENTATION_CONTEXT() REPRESENTATION_CONTEXT('2D SPACE',''
  ) );
#1549 = ORIENTED_EDGE('',*,*,#1550,.T.);
#1550 = EDGE_CURVE('',#1523,#1551,#1553,.T.);
#1551 = VERTEX_POINT('',#1552);
#1552 = CARTESIAN_POINT('',(-14.,25.406004396634,67.235039715897));
#1553 = SURFACE_CURVE('',#1554,(#1558,#1565),.PCURVE_S1.);
#1554 = LINE('',#1555,#1556);
#1555 = CARTESIAN_POINT('',(-14.,26.108682190245,66.965306982711));
#1556 = VECTOR('',#1557,1.);
#1557 = DIRECTION('',(0.,-0.933580426497,0.358367949545));
#1558 = PCURVE('',#126,#1559);
#1559 = DEFINITIONAL_REPRESENTATION('',(#1560),#1564);
#1560 = LINE('',#1561,#1562);
#1561 = CARTESIAN_POINT('',(66.965306982711,-26.10868219024));
#1562 = VECTOR('',#1563,1.);
#1563 = DIRECTION('',(0.358367949545,0.933580426497));
#1564 = ( GEOMETRIC_REPRESENTATION_CONTEXT(2) 
PARAMETRIC_REPRESENTATION_CONTEXT() REPRESENTATION_CONTEXT('2D SPACE',''
  ) );
#1565 = PCURVE('',#1566,#1571);
#1566 = PLANE('',#1567);
#1567 = AXIS2_PLACEMENT_3D('',#1568,#1569,#1570);
#1568 = CARTESIAN_POINT('',(-14.,26.108682190245,66.965306982711));
#1569 = DIRECTION('',(0.,-0.358367949545,-0.933580426497));
#1570 = DIRECTION('',(0.,-0.933580426497,0.358367949545));
#1571 = DEFINITIONAL_REPRESENTATION('',(#1572),#1576);
#1572 = LINE('',#1573,#1574);
#1573 = CARTESIAN_POINT('',(0.,0.));
#1574 = VECTOR('',#1575,1.);
#1575 = DIRECTION('',(1.,0.));
#1576 = ( GEOMETRIC_REPRESENTATION_CONTEXT(2) 
PARAMETRIC_REPRESENTATION_CONTEXT() REPRESENTATION_CONTEXT('2D SPACE',''
  ) );
#1577 = ORIENTED_EDGE('',*,*,#1578,.T.);
#1578 = EDGE_CURVE('',#1551,#1579,#1581,.T.);
#1579 = VERTEX_POINT('',#1580);
#1580 = CARTESIAN_POINT('',(-14.,25.640396147047,73.135628016874));
#1581 = SURFACE_CURVE('',#1582,(#1586,#1593),.PCURVE_S1.);
#1582 = LINE('',#1583,#1584);
#1583 = CARTESIAN_POINT('',(-14.,25.406004396634,67.235039715897));
#1584 = VECTOR('',#1585,1.);
#1585 = DIRECTION('',(0.,3.969215059133E-02,0.999211956084));
#1586 = PCURVE('',#126,#1587);
#1587 = DEFINITIONAL_REPRESENTATION('',(#1588),#1592);
#1588 = LINE('',#1589,#1590);
#1589 = CARTESIAN_POINT('',(67.235039715897,-25.40600439663));
#1590 = VECTOR('',#1591,1.);
#1591 = DIRECTION('',(0.999211956084,-3.969215059133E-02));
#1592 = ( GEOMETRIC_REPRESENTATION_CONTEXT(2) 
PARAMETRIC_REPRESENTATION_CONTEXT() REPRESENTATION_CONTEXT('2D SPACE',''
  ) );
#1593 = PCURVE('',#1594,#1599);
#1594 = PLANE('',#1595);
#1595 = AXIS2_PLACEMENT_3D('',#1596,#1597,#1598);
#1596 = CARTESIAN_POINT('',(-14.,25.406004396634,67.235039715897));
#1597 = DIRECTION('',(0.,-0.999211956084,3.969215059133E-02));
#1598 = DIRECTION('',(0.,3.969215059133E-02,0.999211956084));
#1599 = DEFINITIONAL_REPRESENTATION('',(#1600),#1604);
#1600 = LINE('',#1601,#1602);
#1601 = CARTESIAN_POINT('',(0.,0.));
#1602 = VECTOR('',#1603,1.);
#1603 = DIRECTION('',(1.,0.));
#1604 = ( GEOMETRIC_REPRESENTATION_CONTEXT(2) 
PARAMETRIC_REPRESENTATION_CONTEXT() REPRESENTATION_CONTEXT('2D SPACE',''
  ) );
#1605 = ORIENTED_EDGE('',*,*,#1606,.T.);
#1606 = EDGE_CURVE('',#1579,#1607,#1609,.T.);
#1607 = VERTEX_POINT('',#1608);
#1608 = CARTESIAN_POINT('',(-14.,22.24452734,74.239012678106));
#1609 = SURFACE_CURVE('',#1610,(#1614,#1621),.PCURVE_S1.);
#1610 = LINE('',#1611,#1612);
#1611 = CARTESIAN_POINT('',(-14.,25.640396147047,73.135628016874));
#1612 = VECTOR('',#1613,1.);
#1613 = DIRECTION('',(0.,-0.951056516295,0.309016994375));
#1614 = PCURVE('',#126,#1615);
#1615 = DEFINITIONAL_REPRESENTATION('',(#1616),#1620);
#1616 = LINE('',#1617,#1618);
#1617 = CARTESIAN_POINT('',(73.135628016874,-25.64039614704));
#1618 = VECTOR('',#1619,1.);
#1619 = DIRECTION('',(0.309016994375,0.951056516295));
#1620 = ( GEOMETRIC_REPRESENTATION_CONTEXT(2) 
PARAMETRIC_REPRESENTATION_CONTEXT() REPRESENTATION_CONTEXT('2D SPACE',''
  ) );
#1621 = PCURVE('',#1622,#1627);
#1622 = PLANE('',#1623);
#1623 = AXIS2_PLACEMENT_3D('',#1624,#1625,#1626);
#1624 = CARTESIAN_POINT('',(-14.,25.640396147047,73.135628016874));
#1625 = DIRECTION('',(0.,-0.309016994375,-0.951056516295));
#1626 = DIRECTION('',(0.,-0.951056516295,0.309016994375));
#1627 = DEFINITIONAL_REPRESENTATION('',(#1628),#1632);
#1628 = LINE('',#1629,#1630);
#1629 = CARTESIAN_POINT('',(0.,0.));
#1630 = VECTOR('',#1631,1.);
#1631 = DIRECTION('',(1.,0.));
#1632 = ( GEOMETRIC_REPRESENTATION_CONTEXT(2) 
PARAMETRIC_REPRESENTATION_CONTEXT() REPRESENTATION_CONTEXT('2D SPACE',''
  ) );
#1633 = ORIENTED_EDGE('',*,*,#1634,.T.);
#1634 = EDGE_CURVE('',#1607,#1635,#1637,.T.);
#1635 = VERTEX_POINT('',#1636);
#1636 = CARTESIAN_POINT('',(-14.,18.965875466261,69.327564451654));
#1637 = SURFACE_CURVE('',#1638,(#1642,#1649),.PCURVE_S1.);
#1638 = LINE('',#1639,#1640);
#1639 = CARTESIAN_POINT('',(-14.,22.24452734,74.239012678106));
#1640 = VECTOR('',#1641,1.);
#1641 = DIRECTION('',(0.,-0.555210427329,-0.831709914204));
#1642 = PCURVE('',#126,#1643);
#1643 = DEFINITIONAL_REPRESENTATION('',(#1644),#1648);
#1644 = LINE('',#1645,#1646);
#1645 = CARTESIAN_POINT('',(74.239012678106,-22.24452734));
#1646 = VECTOR('',#1647,1.);
#1647 = DIRECTION('',(-0.831709914204,0.555210427329));
#1648 = ( GEOMETRIC_REPRESENTATION_CONTEXT(2) 
PARAMETRIC_REPRESENTATION_CONTEXT() REPRESENTATION_CONTEXT('2D SPACE',''
  ) );
#1649 = PCURVE('',#1650,#1655);
#1650 = PLANE('',#1651);
#1651 = AXIS2_PLACEMENT_3D('',#1652,#1653,#1654);
#1652 = CARTESIAN_POINT('',(-14.,22.24452734,74.239012678106));
#1653 = DIRECTION('',(0.,0.831709914204,-0.555210427329));
#1654 = DIRECTION('',(0.,-0.555210427329,-0.831709914204));
#1655 = DEFINITIONAL_REPRESENTATION('',(#1656),#1660);
#1656 = LINE('',#1657,#1658);
#1657 = CARTESIAN_POINT('',(0.,0.));
#1658 = VECTOR('',#1659,1.);
#1659 = DIRECTION('',(1.,0.));
#1660 = ( GEOMETRIC_REPRESENTATION_CONTEXT(2) 
PARAMETRIC_REPRESENTATION_CONTEXT() REPRESENTATION_CONTEXT('2D SPACE',''
  ) );
#1661 = ORIENTED_EDGE('',*,*,#1662,.T.);
#1662 = EDGE_CURVE('',#1635,#1663,#1665,.T.);
#1663 = VERTEX_POINT('',#1664);
#1664 = CARTESIAN_POINT('',(-14.,18.238852267033,69.522369730766));
#1665 = SURFACE_CURVE('',#1666,(#1670,#1677),.PCURVE_S1.);
#1666 = LINE('',#1667,#1668);
#1667 = CARTESIAN_POINT('',(-14.,18.965875466261,69.327564451654));
#1668 = VECTOR('',#1669,1.);
#1669 = DIRECTION('',(0.,-0.965925826289,0.258819045103));
#1670 = PCURVE('',#126,#1671);
#1671 = DEFINITIONAL_REPRESENTATION('',(#1672),#1676);
#1672 = LINE('',#1673,#1674);
#1673 = CARTESIAN_POINT('',(69.327564451654,-18.96587546626));
#1674 = VECTOR('',#1675,1.);
#1675 = DIRECTION('',(0.258819045103,0.965925826289));
#1676 = ( GEOMETRIC_REPRESENTATION_CONTEXT(2) 
PARAMETRIC_REPRESENTATION_CONTEXT() REPRESENTATION_CONTEXT('2D SPACE',''
  ) );
#1677 = PCURVE('',#1678,#1683);
#1678 = PLANE('',#1679);
#1679 = AXIS2_PLACEMENT_3D('',#1680,#1681,#1682);
#1680 = CARTESIAN_POINT('',(-14.,18.965875466261,69.327564451654));
#1681 = DIRECTION('',(0.,-0.258819045103,-0.965925826289));
#1682 = DIRECTION('',(0.,-0.965925826289,0.258819045103));
#1683 = DEFINITIONAL_REPRESENTATION('',(#1684),#1688);
#1684 = LINE('',#1685,#1686);
#1685 = CARTESIAN_POINT('',(0.,0.));
#1686 = VECTOR('',#1687,1.);
#1687 = DIRECTION('',(1.,0.));
#1688 = ( GEOMETRIC_REPRESENTATION_CONTEXT(2) 
PARAMETRIC_REPRESENTATION_CONTEXT() REPRESENTATION_CONTEXT('2D SPACE',''
  ) );
#1689 = ORIENTED_EDGE('',*,*,#1690,.T.);
#1690 = EDGE_CURVE('',#1663,#1691,#1693,.T.);
#1691 = VERTEX_POINT('',#1692);
#1692 = CARTESIAN_POINT('',(-14.,17.855180567436,75.415134601115));
#1693 = SURFACE_CURVE('',#1694,(#1698,#1705),.PCURVE_S1.);
#1694 = LINE('',#1695,#1696);
#1695 = CARTESIAN_POINT('',(-14.,18.238852267033,69.522369730766));
#1696 = VECTOR('',#1697,1.);
#1697 = DIRECTION('',(0.,-6.497137741081E-02,0.997887127945));
#1698 = PCURVE('',#126,#1699);
#1699 = DEFINITIONAL_REPRESENTATION('',(#1700),#1704);
#1700 = LINE('',#1701,#1702);
#1701 = CARTESIAN_POINT('',(69.522369730766,-18.23885226703));
#1702 = VECTOR('',#1703,1.);
#1703 = DIRECTION('',(0.997887127945,6.497137741081E-02));
#1704 = ( GEOMETRIC_REPRESENTATION_CONTEXT(2) 
PARAMETRIC_REPRESENTATION_CONTEXT() REPRESENTATION_CONTEXT('2D SPACE',''
  ) );
#1705 = PCURVE('',#1706,#1711);
#1706 = PLANE('',#1707);
#1707 = AXIS2_PLACEMENT_3D('',#1708,#1709,#1710);
#1708 = CARTESIAN_POINT('',(-14.,18.238852267033,69.522369730766));
#1709 = DIRECTION('',(0.,-0.997887127945,-6.497137741081E-02));
#1710 = DIRECTION('',(0.,-6.497137741081E-02,0.997887127945));
#1711 = DEFINITIONAL_REPRESENTATION('',(#1712),#1716);
#1712 = LINE('',#1713,#1714);
#1713 = CARTESIAN_POINT('',(0.,0.));
#1714 = VECTOR('',#1715,1.);
#1715 = DIRECTION('',(1.,0.));
#1716 = ( GEOMETRIC_REPRESENTATION_CONTEXT(2) 
PARAMETRIC_REPRESENTATION_CONTEXT() REPRESENTATION_CONTEXT('2D SPACE',''
  ) );
#1717 = ORIENTED_EDGE('',*,*,#1718,.T.);
#1718 = EDGE_CURVE('',#1691,#1719,#1721,.T.);
#1719 = VERTEX_POINT('',#1720);
#1720 = CARTESIAN_POINT('',(-14.,14.362579581998,76.157509857865));
#1721 = SURFACE_CURVE('',#1722,(#1726,#1733),.PCURVE_S1.);
#1722 = LINE('',#1723,#1724);
#1723 = CARTESIAN_POINT('',(-14.,17.855180567436,75.415134601115));
#1724 = VECTOR('',#1725,1.);
#1725 = DIRECTION('',(0.,-0.978147600734,0.207911690818));
#1726 = PCURVE('',#126,#1727);
#1727 = DEFINITIONAL_REPRESENTATION('',(#1728),#1732);
#1728 = LINE('',#1729,#1730);
#1729 = CARTESIAN_POINT('',(75.415134601115,-17.85518056743));
#1730 = VECTOR('',#1731,1.);
#1731 = DIRECTION('',(0.207911690818,0.978147600734));
#1732 = ( GEOMETRIC_REPRESENTATION_CONTEXT(2) 
PARAMETRIC_REPRESENTATION_CONTEXT() REPRESENTATION_CONTEXT('2D SPACE',''
  ) );
#1733 = PCURVE('',#1734,#1739);
#1734 = PLANE('',#1735);
#1735 = AXIS2_PLACEMENT_3D('',#1736,#1737,#1738);
#1736 = CARTESIAN_POINT('',(-14.,17.855180567436,75.415134601115));
#1737 = DIRECTION('',(0.,-0.207911690818,-0.978147600734));
#1738 = DIRECTION('',(0.,-0.978147600734,0.207911690818));
#1739 = DEFINITIONAL_REPRESENTATION('',(#1740),#1744);
#1740 = LINE('',#1741,#1742);
#1741 = CARTESIAN_POINT('',(0.,0.));
#1742 = VECTOR('',#1743,1.);
#1743 = DIRECTION('',(1.,0.));
#1744 = ( GEOMETRIC_REPRESENTATION_CONTEXT(2) 
PARAMETRIC_REPRESENTATION_CONTEXT() REPRESENTATION_CONTEXT('2D SPACE',''
  ) );
#1745 = ORIENTED_EDGE('',*,*,#1746,.T.);
#1746 = EDGE_CURVE('',#1719,#1747,#1749,.T.);
#1747 = VERTEX_POINT('',#1748);
#1748 = CARTESIAN_POINT('',(-14.,11.615274641804,70.930254616739));
#1749 = SURFACE_CURVE('',#1750,(#1754,#1761),.PCURVE_S1.);
#1750 = LINE('',#1751,#1752);
#1751 = CARTESIAN_POINT('',(-14.,14.362579581998,76.157509857865));
#1752 = VECTOR('',#1753,1.);
#1753 = DIRECTION('',(0.,-0.465231567299,-0.88518901303));
#1754 = PCURVE('',#126,#1755);
#1755 = DEFINITIONAL_REPRESENTATION('',(#1756),#1760);
#1756 = LINE('',#1757,#1758);
#1757 = CARTESIAN_POINT('',(76.157509857865,-14.36257958199));
#1758 = VECTOR('',#1759,1.);
#1759 = DIRECTION('',(-0.88518901303,0.465231567299));
#1760 = ( GEOMETRIC_REPRESENTATION_CONTEXT(2) 
PARAMETRIC_REPRESENTATION_CONTEXT() REPRESENTATION_CONTEXT('2D SPACE',''
  ) );
#1761 = PCURVE('',#1762,#1767);
#1762 = PLANE('',#1763);
#1763 = AXIS2_PLACEMENT_3D('',#1764,#1765,#1766);
#1764 = CARTESIAN_POINT('',(-14.,14.362579581998,76.157509857865));
#1765 = DIRECTION('',(0.,0.88518901303,-0.465231567299));
#1766 = DIRECTION('',(0.,-0.465231567299,-0.88518901303));
#1767 = DEFINITIONAL_REPRESENTATION('',(#1768),#1772);
#1768 = LINE('',#1769,#1770);
#1769 = CARTESIAN_POINT('',(0.,0.));
#1770 = VECTOR('',#1771,1.);
#1771 = DIRECTION('',(1.,0.));
#1772 = ( GEOMETRIC_REPRESENTATION_CONTEXT(2) 
PARAMETRIC_REPRESENTATION_CONTEXT() REPRESENTATION_CONTEXT('2D SPACE',''
  ) );
#1773 = ORIENTED_EDGE('',*,*,#1774,.T.);
#1774 = EDGE_CURVE('',#1747,#1775,#1777,.T.);
#1775 = VERTEX_POINT('',#1776);
#1776 = CARTESIAN_POINT('',(-14.,10.871871455269,71.047998114374));
#1777 = SURFACE_CURVE('',#1778,(#1782,#1789),.PCURVE_S1.);
#1778 = LINE('',#1779,#1780);
#1779 = CARTESIAN_POINT('',(-14.,11.615274641804,70.930254616739));
#1780 = VECTOR('',#1781,1.);
#1781 = DIRECTION('',(0.,-0.987688340595,0.15643446504));
#1782 = PCURVE('',#126,#1783);
#1783 = DEFINITIONAL_REPRESENTATION('',(#1784),#1788);
#1784 = LINE('',#1785,#1786);
#1785 = CARTESIAN_POINT('',(70.930254616739,-11.6152746418));
#1786 = VECTOR('',#1787,1.);
#1787 = DIRECTION('',(0.15643446504,0.987688340595));
#1788 = ( GEOMETRIC_REPRESENTATION_CONTEXT(2) 
PARAMETRIC_REPRESENTATION_CONTEXT() REPRESENTATION_CONTEXT('2D SPACE',''
  ) );
#1789 = PCURVE('',#1790,#1795);
#1790 = PLANE('',#1791);
#1791 = AXIS2_PLACEMENT_3D('',#1792,#1793,#1794);
#1792 = CARTESIAN_POINT('',(-14.,11.615274641804,70.930254616739));
#1793 = DIRECTION('',(0.,-0.15643446504,-0.987688340595));
#1794 = DIRECTION('',(0.,-0.987688340595,0.15643446504));
#1795 = DEFINITIONAL_REPRESENTATION('',(#1796),#1800);
#1796 = LINE('',#1797,#1798);
#1797 = CARTESIAN_POINT('',(0.,0.));
#1798 = VECTOR('',#1799,1.);
#1799 = DIRECTION('',(1.,0.));
#1800 = ( GEOMETRIC_REPRESENTATION_CONTEXT(2) 
PARAMETRIC_REPRESENTATION_CONTEXT() REPRESENTATION_CONTEXT('2D SPACE',''
  ) );
#1801 = ORIENTED_EDGE('',*,*,#1802,.T.);
#1802 = EDGE_CURVE('',#1775,#1803,#1805,.T.);
#1803 = VERTEX_POINT('',#1804);
#1804 = CARTESIAN_POINT('',(-14.,9.874339893091,76.868377189035));
#1805 = SURFACE_CURVE('',#1806,(#1810,#1817),.PCURVE_S1.);
#1806 = LINE('',#1807,#1808);
#1807 = CARTESIAN_POINT('',(-14.,10.871871455269,71.047998114374));
#1808 = VECTOR('',#1809,1.);
#1809 = DIRECTION('',(0.,-0.168923065406,0.98562923961));
#1810 = PCURVE('',#126,#1811);
#1811 = DEFINITIONAL_REPRESENTATION('',(#1812),#1816);
#1812 = LINE('',#1813,#1814);
#1813 = CARTESIAN_POINT('',(71.047998114374,-10.87187145526));
#1814 = VECTOR('',#1815,1.);
#1815 = DIRECTION('',(0.98562923961,0.168923065406));
#1816 = ( GEOMETRIC_REPRESENTATION_CONTEXT(2) 
PARAMETRIC_REPRESENTATION_CONTEXT() REPRESENTATION_CONTEXT('2D SPACE',''
  ) );
#1817 = PCURVE('',#1818,#1823);
#1818 = PLANE('',#1819);
#1819 = AXIS2_PLACEMENT_3D('',#1820,#1821,#1822);
#1820 = CARTESIAN_POINT('',(-14.,10.871871455269,71.047998114374));
#1821 = DIRECTION('',(0.,-0.98562923961,-0.168923065406));
#1822 = DIRECTION('',(0.,-0.168923065406,0.98562923961));
#1823 = DEFINITIONAL_REPRESENTATION('',(#1824),#1828);
#1824 = LINE('',#1825,#1826);
#1825 = CARTESIAN_POINT('',(0.,0.));
#1826 = VECTOR('',#1827,1.);
#1827 = DIRECTION('',(1.,0.));
#1828 = ( GEOMETRIC_REPRESENTATION_CONTEXT(2) 
PARAMETRIC_REPRESENTATION_CONTEXT() REPRESENTATION_CONTEXT('2D SPACE',''
  ) );
#1829 = ORIENTED_EDGE('',*,*,#1830,.T.);
#1830 = EDGE_CURVE('',#1803,#1831,#1833,.T.);
#1831 = VERTEX_POINT('',#1832);
#1832 = CARTESIAN_POINT('',(-14.,6.323272396532,77.241609422637));
#1833 = SURFACE_CURVE('',#1834,(#1838,#1845),.PCURVE_S1.);
#1834 = LINE('',#1835,#1836);
#1835 = CARTESIAN_POINT('',(-14.,9.874339893091,76.868377189035));
#1836 = VECTOR('',#1837,1.);
#1837 = DIRECTION('',(0.,-0.994521895368,0.104528463268));
#1838 = PCURVE('',#126,#1839);
#1839 = DEFINITIONAL_REPRESENTATION('',(#1840),#1844);
#1840 = LINE('',#1841,#1842);
#1841 = CARTESIAN_POINT('',(76.868377189035,-9.874339893091));
#1842 = VECTOR('',#1843,1.);
#1843 = DIRECTION('',(0.104528463268,0.994521895368));
#1844 = ( GEOMETRIC_REPRESENTATION_CONTEXT(2) 
PARAMETRIC_REPRESENTATION_CONTEXT() REPRESENTATION_CONTEXT('2D SPACE',''
  ) );
#1845 = PCURVE('',#1846,#1851);
#1846 = PLANE('',#1847);
#1847 = AXIS2_PLACEMENT_3D('',#1848,#1849,#1850);
#1848 = CARTESIAN_POINT('',(-14.,9.874339893091,76.868377189035));
#1849 = DIRECTION('',(0.,-0.104528463268,-0.994521895368));
#1850 = DIRECTION('',(0.,-0.994521895368,0.104528463268));
#1851 = DEFINITIONAL_REPRESENTATION('',(#1852),#1856);
#1852 = LINE('',#1853,#1854);
#1853 = CARTESIAN_POINT('',(0.,0.));
#1854 = VECTOR('',#1855,1.);
#1855 = DIRECTION('',(1.,0.));
#1856 = ( GEOMETRIC_REPRESENTATION_CONTEXT(2) 
PARAMETRIC_REPRESENTATION_CONTEXT() REPRESENTATION_CONTEXT('2D SPACE',''
  ) );
#1857 = ORIENTED_EDGE('',*,*,#1858,.T.);
#1858 = EDGE_CURVE('',#1831,#1859,#1861,.T.);
#1859 = VERTEX_POINT('',#1860);
#1860 = CARTESIAN_POINT('',(-14.,4.137414437719,71.755818069133));
#1861 = SURFACE_CURVE('',#1862,(#1866,#1873),.PCURVE_S1.);
#1862 = LINE('',#1863,#1864);
#1863 = CARTESIAN_POINT('',(-14.,6.323272396532,77.241609422637));
#1864 = VECTOR('',#1865,1.);
#1865 = DIRECTION('',(0.,-0.370155532862,-0.928969795791));
#1866 = PCURVE('',#126,#1867);
#1867 = DEFINITIONAL_REPRESENTATION('',(#1868),#1872);
#1868 = LINE('',#1869,#1870);
#1869 = CARTESIAN_POINT('',(77.241609422637,-6.323272396532));
#1870 = VECTOR('',#1871,1.);
#1871 = DIRECTION('',(-0.928969795791,0.370155532862));
#1872 = ( GEOMETRIC_REPRESENTATION_CONTEXT(2) 
PARAMETRIC_REPRESENTATION_CONTEXT() REPRESENTATION_CONTEXT('2D SPACE',''
  ) );
#1873 = PCURVE('',#1874,#1879);
#1874 = PLANE('',#1875);
#1875 = AXIS2_PLACEMENT_3D('',#1876,#1877,#1878);
#1876 = CARTESIAN_POINT('',(-14.,6.323272396532,77.241609422637));
#1877 = DIRECTION('',(0.,0.928969795791,-0.370155532862));
#1878 = DIRECTION('',(0.,-0.370155532862,-0.928969795791));
#1879 = DEFINITIONAL_REPRESENTATION('',(#1880),#1884);
#1880 = LINE('',#1881,#1882);
#1881 = CARTESIAN_POINT('',(0.,0.));
#1882 = VECTOR('',#1883,1.);
#1883 = DIRECTION('',(1.,0.));
#1884 = ( GEOMETRIC_REPRESENTATION_CONTEXT(2) 
PARAMETRIC_REPRESENTATION_CONTEXT() REPRESENTATION_CONTEXT('2D SPACE',''
  ) );
#1885 = ORIENTED_EDGE('',*,*,#1886,.T.);
#1886 = EDGE_CURVE('',#1859,#1887,#1889,.T.);
#1887 = VERTEX_POINT('',#1888);
#1888 = CARTESIAN_POINT('',(-14.,3.385776144756,71.795209762892));
#1889 = SURFACE_CURVE('',#1890,(#1894,#1901),.PCURVE_S1.);
#1890 = LINE('',#1891,#1892);
#1891 = CARTESIAN_POINT('',(-14.,4.137414437719,71.755818069133));
#1892 = VECTOR('',#1893,1.);
#1893 = DIRECTION('',(0.,-0.998629534755,5.233595624294E-02));
#1894 = PCURVE('',#126,#1895);
#1895 = DEFINITIONAL_REPRESENTATION('',(#1896),#1900);
#1896 = LINE('',#1897,#1898);
#1897 = CARTESIAN_POINT('',(71.755818069133,-4.137414437719));
#1898 = VECTOR('',#1899,1.);
#1899 = DIRECTION('',(5.233595624294E-02,0.998629534755));
#1900 = ( GEOMETRIC_REPRESENTATION_CONTEXT(2) 
PARAMETRIC_REPRESENTATION_CONTEXT() REPRESENTATION_CONTEXT('2D SPACE',''
  ) );
#1901 = PCURVE('',#1902,#1907);
#1902 = PLANE('',#1903);
#1903 = AXIS2_PLACEMENT_3D('',#1904,#1905,#1906);
#1904 = CARTESIAN_POINT('',(-14.,4.137414437719,71.755818069133));
#1905 = DIRECTION('',(0.,-5.233595624294E-02,-0.998629534755));
#1906 = DIRECTION('',(0.,-0.998629534755,5.233595624294E-02));
#1907 = DEFINITIONAL_REPRESENTATION('',(#1908),#1912);
#1908 = LINE('',#1909,#1910);
#1909 = CARTESIAN_POINT('',(0.,0.));
#1910 = VECTOR('',#1911,1.);
#1911 = DIRECTION('',(1.,0.));
#1912 = ( GEOMETRIC_REPRESENTATION_CONTEXT(2) 
PARAMETRIC_REPRESENTATION_CONTEXT() REPRESENTATION_CONTEXT('2D SPACE',''
  ) );
#1913 = ORIENTED_EDGE('',*,*,#1914,.T.);
#1914 = EDGE_CURVE('',#1887,#1915,#1917,.T.);
#1915 = VERTEX_POINT('',#1916);
#1916 = CARTESIAN_POINT('',(-14.,1.785313884539,77.479433750729));
#1917 = SURFACE_CURVE('',#1918,(#1922,#1929),.PCURVE_S1.);
#1918 = LINE('',#1919,#1920);
#1919 = CARTESIAN_POINT('',(-14.,3.385776144756,71.795209762892));
#1920 = VECTOR('',#1921,1.);
#1921 = DIRECTION('',(0.,-0.271023996947,0.96257259107));
#1922 = PCURVE('',#126,#1923);
#1923 = DEFINITIONAL_REPRESENTATION('',(#1924),#1928);
#1924 = LINE('',#1925,#1926);
#1925 = CARTESIAN_POINT('',(71.795209762892,-3.385776144756));
#1926 = VECTOR('',#1927,1.);
#1927 = DIRECTION('',(0.96257259107,0.271023996947));
#1928 = ( GEOMETRIC_REPRESENTATION_CONTEXT(2) 
PARAMETRIC_REPRESENTATION_CONTEXT() REPRESENTATION_CONTEXT('2D SPACE',''
  ) );
#1929 = PCURVE('',#1930,#1935);
#1930 = PLANE('',#1931);
#1931 = AXIS2_PLACEMENT_3D('',#1932,#1933,#1934);
#1932 = CARTESIAN_POINT('',(-14.,3.385776144756,71.795209762892));
#1933 = DIRECTION('',(0.,-0.96257259107,-0.271023996947));
#1934 = DIRECTION('',(0.,-0.271023996947,0.96257259107));
#1935 = DEFINITIONAL_REPRESENTATION('',(#1936),#1940);
#1936 = LINE('',#1937,#1938);
#1937 = CARTESIAN_POINT('',(0.,0.));
#1938 = VECTOR('',#1939,1.);
#1939 = DIRECTION('',(1.,0.));
#1940 = ( GEOMETRIC_REPRESENTATION_CONTEXT(2) 
PARAMETRIC_REPRESENTATION_CONTEXT() REPRESENTATION_CONTEXT('2D SPACE',''
  ) );
#1941 = ORIENTED_EDGE('',*,*,#1942,.T.);
#1942 = EDGE_CURVE('',#1915,#1943,#1945,.T.);
#1943 = VERTEX_POINT('',#1944);
#1944 = CARTESIAN_POINT('',(-14.,-1.785313884539,77.479433750729));
#1945 = SURFACE_CURVE('',#1946,(#1950,#1957),.PCURVE_S1.);
#1946 = LINE('',#1947,#1948);
#1947 = CARTESIAN_POINT('',(-14.,1.785313884539,77.479433750729));
#1948 = VECTOR('',#1949,1.);
#1949 = DIRECTION('',(0.,-1.,0.));
#1950 = PCURVE('',#126,#1951);
#1951 = DEFINITIONAL_REPRESENTATION('',(#1952),#1956);
#1952 = LINE('',#1953,#1954);
#1953 = CARTESIAN_POINT('',(77.479433750729,-1.785313884539));
#1954 = VECTOR('',#1955,1.);
#1955 = DIRECTION('',(0.,1.));
#1956 = ( GEOMETRIC_REPRESENTATION_CONTEXT(2) 
PARAMETRIC_REPRESENTATION_CONTEXT() REPRESENTATION_CONTEXT('2D SPACE',''
  ) );
#1957 = PCURVE('',#1958,#1963);
#1958 = PLANE('',#1959);
#1959 = AXIS2_PLACEMENT_3D('',#1960,#1961,#1962);
#1960 = CARTESIAN_POINT('',(-14.,1.785313884539,77.479433750729));
#1961 = DIRECTION('',(0.,0.,-1.));
#1962 = DIRECTION('',(0.,-1.,0.));
#1963 = DEFINITIONAL_REPRESENTATION('',(#1964),#1968);
#1964 = LINE('',#1965,#1966);
#1965 = CARTESIAN_POINT('',(0.,-0.));
#1966 = VECTOR('',#1967,1.);
#1967 = DIRECTION('',(1.,0.));
#1968 = ( GEOMETRIC_REPRESENTATION_CONTEXT(2) 
PARAMETRIC_REPRESENTATION_CONTEXT() REPRESENTATION_CONTEXT('2D SPACE',''
  ) );
#1969 = ORIENTED_EDGE('',*,*,#1970,.T.);
#1970 = EDGE_CURVE('',#1943,#1971,#1973,.T.);
#1971 = VERTEX_POINT('',#1972);
#1972 = CARTESIAN_POINT('',(-14.,-3.385776144756,71.795209762892));
#1973 = SURFACE_CURVE('',#1974,(#1978,#1985),.PCURVE_S1.);
#1974 = LINE('',#1975,#1976);
#1975 = CARTESIAN_POINT('',(-14.,-1.785313884539,77.479433750729));
#1976 = VECTOR('',#1977,1.);
#1977 = DIRECTION('',(0.,-0.271023996947,-0.96257259107));
#1978 = PCURVE('',#126,#1979);
#1979 = DEFINITIONAL_REPRESENTATION('',(#1980),#1984);
#1980 = LINE('',#1981,#1982);
#1981 = CARTESIAN_POINT('',(77.479433750729,1.78531388454));
#1982 = VECTOR('',#1983,1.);
#1983 = DIRECTION('',(-0.96257259107,0.271023996947));
#1984 = ( GEOMETRIC_REPRESENTATION_CONTEXT(2) 
PARAMETRIC_REPRESENTATION_CONTEXT() REPRESENTATION_CONTEXT('2D SPACE',''
  ) );
#1985 = PCURVE('',#1986,#1991);
#1986 = PLANE('',#1987);
#1987 = AXIS2_PLACEMENT_3D('',#1988,#1989,#1990);
#1988 = CARTESIAN_POINT('',(-14.,-1.785313884539,77.479433750729));
#1989 = DIRECTION('',(0.,0.96257259107,-0.271023996947));
#1990 = DIRECTION('',(0.,-0.271023996947,-0.96257259107));
#1991 = DEFINITIONAL_REPRESENTATION('',(#1992),#1996);
#1992 = LINE('',#1993,#1994);
#1993 = CARTESIAN_POINT('',(0.,0.));
#1994 = VECTOR('',#1995,1.);
#1995 = DIRECTION('',(1.,0.));
#1996 = ( GEOMETRIC_REPRESENTATION_CONTEXT(2) 
PARAMETRIC_REPRESENTATION_CONTEXT() REPRESENTATION_CONTEXT('2D SPACE',''
  ) );
#1997 = ORIENTED_EDGE('',*,*,#1998,.T.);
#1998 = EDGE_CURVE('',#1971,#1999,#2001,.T.);
#1999 = VERTEX_POINT('',#2000);
#2000 = CARTESIAN_POINT('',(-14.,-4.137414437719,71.755818069133));
#2001 = SURFACE_CURVE('',#2002,(#2006,#2013),.PCURVE_S1.);
#2002 = LINE('',#2003,#2004);
#2003 = CARTESIAN_POINT('',(-14.,-3.385776144756,71.795209762892));
#2004 = VECTOR('',#2005,1.);
#2005 = DIRECTION('',(0.,-0.998629534755,-5.233595624294E-02));
#2006 = PCURVE('',#126,#2007);
#2007 = DEFINITIONAL_REPRESENTATION('',(#2008),#2012);
#2008 = LINE('',#2009,#2010);
#2009 = CARTESIAN_POINT('',(71.795209762892,3.385776144756));
#2010 = VECTOR('',#2011,1.);
#2011 = DIRECTION('',(-5.233595624294E-02,0.998629534755));
#2012 = ( GEOMETRIC_REPRESENTATION_CONTEXT(2) 
PARAMETRIC_REPRESENTATION_CONTEXT() REPRESENTATION_CONTEXT('2D SPACE',''
  ) );
#2013 = PCURVE('',#2014,#2019);
#2014 = PLANE('',#2015);
#2015 = AXIS2_PLACEMENT_3D('',#2016,#2017,#2018);
#2016 = CARTESIAN_POINT('',(-14.,-3.385776144756,71.795209762892));
#2017 = DIRECTION('',(0.,5.233595624294E-02,-0.998629534755));
#2018 = DIRECTION('',(0.,-0.998629534755,-5.233595624294E-02));
#2019 = DEFINITIONAL_REPRESENTATION('',(#2020),#2024);
#2020 = LINE('',#2021,#2022);
#2021 = CARTESIAN_POINT('',(0.,0.));
#2022 = VECTOR('',#2023,1.);
#2023 = DIRECTION('',(1.,0.));
#2024 = ( GEOMETRIC_REPRESENTATION_CONTEXT(2) 
PARAMETRIC_REPRESENTATION_CONTEXT() REPRESENTATION_CONTEXT('2D SPACE',''
  ) );
#2025 = ORIENTED_EDGE('',*,*,#2026,.T.);
#2026 = EDGE_CURVE('',#1999,#2027,#2029,.T.);
#2027 = VERTEX_POINT('',#2028);
#2028 = CARTESIAN_POINT('',(-14.,-6.323272396532,77.241609422637));
#2029 = SURFACE_CURVE('',#2030,(#2034,#2041),.PCURVE_S1.);
#2030 = LINE('',#2031,#2032);
#2031 = CARTESIAN_POINT('',(-14.,-4.137414437719,71.755818069133));
#2032 = VECTOR('',#2033,1.);
#2033 = DIRECTION('',(0.,-0.370155532862,0.928969795791));
#2034 = PCURVE('',#126,#2035);
#2035 = DEFINITIONAL_REPRESENTATION('',(#2036),#2040);
#2036 = LINE('',#2037,#2038);
#2037 = CARTESIAN_POINT('',(71.755818069133,4.137414437719));
#2038 = VECTOR('',#2039,1.);
#2039 = DIRECTION('',(0.928969795791,0.370155532862));
#2040 = ( GEOMETRIC_REPRESENTATION_CONTEXT(2) 
PARAMETRIC_REPRESENTATION_CONTEXT() REPRESENTATION_CONTEXT('2D SPACE',''
  ) );
#2041 = PCURVE('',#2042,#2047);
#2042 = PLANE('',#2043);
#2043 = AXIS2_PLACEMENT_3D('',#2044,#2045,#2046);
#2044 = CARTESIAN_POINT('',(-14.,-4.137414437719,71.755818069133));
#2045 = DIRECTION('',(0.,-0.928969795791,-0.370155532862));
#2046 = DIRECTION('',(0.,-0.370155532862,0.928969795791));
#2047 = DEFINITIONAL_REPRESENTATION('',(#2048),#2052);
#2048 = LINE('',#2049,#2050);
#2049 = CARTESIAN_POINT('',(0.,0.));
#2050 = VECTOR('',#2051,1.);
#2051 = DIRECTION('',(1.,0.));
#2052 = ( GEOMETRIC_REPRESENTATION_CONTEXT(2) 
PARAMETRIC_REPRESENTATION_CONTEXT() REPRESENTATION_CONTEXT('2D SPACE',''
  ) );
#2053 = ORIENTED_EDGE('',*,*,#2054,.T.);
#2054 = EDGE_CURVE('',#2027,#2055,#2057,.T.);
#2055 = VERTEX_POINT('',#2056);
#2056 = CARTESIAN_POINT('',(-14.,-9.874339893091,76.868377189035));
#2057 = SURFACE_CURVE('',#2058,(#2062,#2069),.PCURVE_S1.);
#2058 = LINE('',#2059,#2060);
#2059 = CARTESIAN_POINT('',(-14.,-6.323272396532,77.241609422637));
#2060 = VECTOR('',#2061,1.);
#2061 = DIRECTION('',(0.,-0.994521895368,-0.104528463268));
#2062 = PCURVE('',#126,#2063);
#2063 = DEFINITIONAL_REPRESENTATION('',(#2064),#2068);
#2064 = LINE('',#2065,#2066);
#2065 = CARTESIAN_POINT('',(77.241609422637,6.323272396532));
#2066 = VECTOR('',#2067,1.);
#2067 = DIRECTION('',(-0.104528463268,0.994521895368));
#2068 = ( GEOMETRIC_REPRESENTATION_CONTEXT(2) 
PARAMETRIC_REPRESENTATION_CONTEXT() REPRESENTATION_CONTEXT('2D SPACE',''
  ) );
#2069 = PCURVE('',#2070,#2075);
#2070 = PLANE('',#2071);
#2071 = AXIS2_PLACEMENT_3D('',#2072,#2073,#2074);
#2072 = CARTESIAN_POINT('',(-14.,-6.323272396532,77.241609422637));
#2073 = DIRECTION('',(0.,0.104528463268,-0.994521895368));
#2074 = DIRECTION('',(0.,-0.994521895368,-0.104528463268));
#2075 = DEFINITIONAL_REPRESENTATION('',(#2076),#2080);
#2076 = LINE('',#2077,#2078);
#2077 = CARTESIAN_POINT('',(0.,0.));
#2078 = VECTOR('',#2079,1.);
#2079 = DIRECTION('',(1.,0.));
#2080 = ( GEOMETRIC_REPRESENTATION_CONTEXT(2) 
PARAMETRIC_REPRESENTATION_CONTEXT() REPRESENTATION_CONTEXT('2D SPACE',''
  ) );
#2081 = ORIENTED_EDGE('',*,*,#2082,.T.);
#2082 = EDGE_CURVE('',#2055,#2083,#2085,.T.);
#2083 = VERTEX_POINT('',#2084);
#2084 = CARTESIAN_POINT('',(-14.,-10.87187145526,71.047998114374));
#2085 = SURFACE_CURVE('',#2086,(#2090,#2097),.PCURVE_S1.);
#2086 = LINE('',#2087,#2088);
#2087 = CARTESIAN_POINT('',(-14.,-9.874339893091,76.868377189035));
#2088 = VECTOR('',#2089,1.);
#2089 = DIRECTION('',(0.,-0.168923065406,-0.98562923961));
#2090 = PCURVE('',#126,#2091);
#2091 = DEFINITIONAL_REPRESENTATION('',(#2092),#2096);
#2092 = LINE('',#2093,#2094);
#2093 = CARTESIAN_POINT('',(76.868377189035,9.874339893091));
#2094 = VECTOR('',#2095,1.);
#2095 = DIRECTION('',(-0.98562923961,0.168923065406));
#2096 = ( GEOMETRIC_REPRESENTATION_CONTEXT(2) 
PARAMETRIC_REPRESENTATION_CONTEXT() REPRESENTATION_CONTEXT('2D SPACE',''
  ) );
#2097 = PCURVE('',#2098,#2103);
#2098 = PLANE('',#2099);
#2099 = AXIS2_PLACEMENT_3D('',#2100,#2101,#2102);
#2100 = CARTESIAN_POINT('',(-14.,-9.874339893091,76.868377189035));
#2101 = DIRECTION('',(0.,0.98562923961,-0.168923065406));
#2102 = DIRECTION('',(0.,-0.168923065406,-0.98562923961));
#2103 = DEFINITIONAL_REPRESENTATION('',(#2104),#2108);
#2104 = LINE('',#2105,#2106);
#2105 = CARTESIAN_POINT('',(0.,0.));
#2106 = VECTOR('',#2107,1.);
#2107 = DIRECTION('',(1.,0.));
#2108 = ( GEOMETRIC_REPRESENTATION_CONTEXT(2) 
PARAMETRIC_REPRESENTATION_CONTEXT() REPRESENTATION_CONTEXT('2D SPACE',''
  ) );
#2109 = ORIENTED_EDGE('',*,*,#2110,.T.);
#2110 = EDGE_CURVE('',#2083,#2111,#2113,.T.);
#2111 = VERTEX_POINT('',#2112);
#2112 = CARTESIAN_POINT('',(-14.,-11.6152746418,70.930254616739));
#2113 = SURFACE_CURVE('',#2114,(#2118,#2125),.PCURVE_S1.);
#2114 = LINE('',#2115,#2116);
#2115 = CARTESIAN_POINT('',(-14.,-10.87187145526,71.047998114374));
#2116 = VECTOR('',#2117,1.);
#2117 = DIRECTION('',(0.,-0.987688340595,-0.15643446504));
#2118 = PCURVE('',#126,#2119);
#2119 = DEFINITIONAL_REPRESENTATION('',(#2120),#2124);
#2120 = LINE('',#2121,#2122);
#2121 = CARTESIAN_POINT('',(71.047998114374,10.871871455269));
#2122 = VECTOR('',#2123,1.);
#2123 = DIRECTION('',(-0.15643446504,0.987688340595));
#2124 = ( GEOMETRIC_REPRESENTATION_CONTEXT(2) 
PARAMETRIC_REPRESENTATION_CONTEXT() REPRESENTATION_CONTEXT('2D SPACE',''
  ) );
#2125 = PCURVE('',#2126,#2131);
#2126 = PLANE('',#2127);
#2127 = AXIS2_PLACEMENT_3D('',#2128,#2129,#2130);
#2128 = CARTESIAN_POINT('',(-14.,-10.87187145526,71.047998114374));
#2129 = DIRECTION('',(0.,0.15643446504,-0.987688340595));
#2130 = DIRECTION('',(0.,-0.987688340595,-0.15643446504));
#2131 = DEFINITIONAL_REPRESENTATION('',(#2132),#2136);
#2132 = LINE('',#2133,#2134);
#2133 = CARTESIAN_POINT('',(0.,0.));
#2134 = VECTOR('',#2135,1.);
#2135 = DIRECTION('',(1.,0.));
#2136 = ( GEOMETRIC_REPRESENTATION_CONTEXT(2) 
PARAMETRIC_REPRESENTATION_CONTEXT() REPRESENTATION_CONTEXT('2D SPACE',''
  ) );
#2137 = ORIENTED_EDGE('',*,*,#2138,.T.);
#2138 = EDGE_CURVE('',#2111,#2139,#2141,.T.);
#2139 = VERTEX_POINT('',#2140);
#2140 = CARTESIAN_POINT('',(-14.,-14.36257958199,76.157509857865));
#2141 = SURFACE_CURVE('',#2142,(#2146,#2153),.PCURVE_S1.);
#2142 = LINE('',#2143,#2144);
#2143 = CARTESIAN_POINT('',(-14.,-11.6152746418,70.930254616739));
#2144 = VECTOR('',#2145,1.);
#2145 = DIRECTION('',(0.,-0.465231567299,0.88518901303));
#2146 = PCURVE('',#126,#2147);
#2147 = DEFINITIONAL_REPRESENTATION('',(#2148),#2152);
#2148 = LINE('',#2149,#2150);
#2149 = CARTESIAN_POINT('',(70.930254616739,11.615274641804));
#2150 = VECTOR('',#2151,1.);
#2151 = DIRECTION('',(0.88518901303,0.465231567299));
#2152 = ( GEOMETRIC_REPRESENTATION_CONTEXT(2) 
PARAMETRIC_REPRESENTATION_CONTEXT() REPRESENTATION_CONTEXT('2D SPACE',''
  ) );
#2153 = PCURVE('',#2154,#2159);
#2154 = PLANE('',#2155);
#2155 = AXIS2_PLACEMENT_3D('',#2156,#2157,#2158);
#2156 = CARTESIAN_POINT('',(-14.,-11.6152746418,70.930254616739));
#2157 = DIRECTION('',(0.,-0.88518901303,-0.465231567299));
#2158 = DIRECTION('',(0.,-0.465231567299,0.88518901303));
#2159 = DEFINITIONAL_REPRESENTATION('',(#2160),#2164);
#2160 = LINE('',#2161,#2162);
#2161 = CARTESIAN_POINT('',(0.,0.));
#2162 = VECTOR('',#2163,1.);
#2163 = DIRECTION('',(1.,0.));
#2164 = ( GEOMETRIC_REPRESENTATION_CONTEXT(2) 
PARAMETRIC_REPRESENTATION_CONTEXT() REPRESENTATION_CONTEXT('2D SPACE',''
  ) );
#2165 = ORIENTED_EDGE('',*,*,#2166,.T.);
#2166 = EDGE_CURVE('',#2139,#2167,#2169,.T.);
#2167 = VERTEX_POINT('',#2168);
#2168 = CARTESIAN_POINT('',(-14.,-17.85518056743,75.415134601115));
#2169 = SURFACE_CURVE('',#2170,(#2174,#2181),.PCURVE_S1.);
#2170 = LINE('',#2171,#2172);
#2171 = CARTESIAN_POINT('',(-14.,-14.36257958199,76.157509857865));
#2172 = VECTOR('',#2173,1.);
#2173 = DIRECTION('',(0.,-0.978147600734,-0.207911690818));
#2174 = PCURVE('',#126,#2175);
#2175 = DEFINITIONAL_REPRESENTATION('',(#2176),#2180);
#2176 = LINE('',#2177,#2178);
#2177 = CARTESIAN_POINT('',(76.157509857865,14.362579581998));
#2178 = VECTOR('',#2179,1.);
#2179 = DIRECTION('',(-0.207911690818,0.978147600734));
#2180 = ( GEOMETRIC_REPRESENTATION_CONTEXT(2) 
PARAMETRIC_REPRESENTATION_CONTEXT() REPRESENTATION_CONTEXT('2D SPACE',''
  ) );
#2181 = PCURVE('',#2182,#2187);
#2182 = PLANE('',#2183);
#2183 = AXIS2_PLACEMENT_3D('',#2184,#2185,#2186);
#2184 = CARTESIAN_POINT('',(-14.,-14.36257958199,76.157509857865));
#2185 = DIRECTION('',(0.,0.207911690818,-0.978147600734));
#2186 = DIRECTION('',(0.,-0.978147600734,-0.207911690818));
#2187 = DEFINITIONAL_REPRESENTATION('',(#2188),#2192);
#2188 = LINE('',#2189,#2190);
#2189 = CARTESIAN_POINT('',(0.,0.));
#2190 = VECTOR('',#2191,1.);
#2191 = DIRECTION('',(1.,0.));
#2192 = ( GEOMETRIC_REPRESENTATION_CONTEXT(2) 
PARAMETRIC_REPRESENTATION_CONTEXT() REPRESENTATION_CONTEXT('2D SPACE',''
  ) );
#2193 = ORIENTED_EDGE('',*,*,#2194,.T.);
#2194 = EDGE_CURVE('',#2167,#2195,#2197,.T.);
#2195 = VERTEX_POINT('',#2196);
#2196 = CARTESIAN_POINT('',(-14.,-18.23885226703,69.522369730766));
#2197 = SURFACE_CURVE('',#2198,(#2202,#2209),.PCURVE_S1.);
#2198 = LINE('',#2199,#2200);
#2199 = CARTESIAN_POINT('',(-14.,-17.85518056743,75.415134601115));
#2200 = VECTOR('',#2201,1.);
#2201 = DIRECTION('',(0.,-6.497137741081E-02,-0.997887127945));
#2202 = PCURVE('',#126,#2203);
#2203 = DEFINITIONAL_REPRESENTATION('',(#2204),#2208);
#2204 = LINE('',#2205,#2206);
#2205 = CARTESIAN_POINT('',(75.415134601115,17.855180567436));
#2206 = VECTOR('',#2207,1.);
#2207 = DIRECTION('',(-0.997887127945,6.497137741081E-02));
#2208 = ( GEOMETRIC_REPRESENTATION_CONTEXT(2) 
PARAMETRIC_REPRESENTATION_CONTEXT() REPRESENTATION_CONTEXT('2D SPACE',''
  ) );
#2209 = PCURVE('',#2210,#2215);
#2210 = PLANE('',#2211);
#2211 = AXIS2_PLACEMENT_3D('',#2212,#2213,#2214);
#2212 = CARTESIAN_POINT('',(-14.,-17.85518056743,75.415134601115));
#2213 = DIRECTION('',(0.,0.997887127945,-6.497137741081E-02));
#2214 = DIRECTION('',(0.,-6.497137741081E-02,-0.997887127945));
#2215 = DEFINITIONAL_REPRESENTATION('',(#2216),#2220);
#2216 = LINE('',#2217,#2218);
#2217 = CARTESIAN_POINT('',(0.,0.));
#2218 = VECTOR('',#2219,1.);
#2219 = DIRECTION('',(1.,0.));
#2220 = ( GEOMETRIC_REPRESENTATION_CONTEXT(2) 
PARAMETRIC_REPRESENTATION_CONTEXT() REPRESENTATION_CONTEXT('2D SPACE',''
  ) );
#2221 = ORIENTED_EDGE('',*,*,#2222,.T.);
#2222 = EDGE_CURVE('',#2195,#2223,#2225,.T.);
#2223 = VERTEX_POINT('',#2224);
#2224 = CARTESIAN_POINT('',(-14.,-18.96587546626,69.327564451654));
#2225 = SURFACE_CURVE('',#2226,(#2230,#2237),.PCURVE_S1.);
#2226 = LINE('',#2227,#2228);
#2227 = CARTESIAN_POINT('',(-14.,-18.23885226703,69.522369730766));
#2228 = VECTOR('',#2229,1.);
#2229 = DIRECTION('',(0.,-0.965925826289,-0.258819045103));
#2230 = PCURVE('',#126,#2231);
#2231 = DEFINITIONAL_REPRESENTATION('',(#2232),#2236);
#2232 = LINE('',#2233,#2234);
#2233 = CARTESIAN_POINT('',(69.522369730766,18.238852267033));
#2234 = VECTOR('',#2235,1.);
#2235 = DIRECTION('',(-0.258819045103,0.965925826289));
#2236 = ( GEOMETRIC_REPRESENTATION_CONTEXT(2) 
PARAMETRIC_REPRESENTATION_CONTEXT() REPRESENTATION_CONTEXT('2D SPACE',''
  ) );
#2237 = PCURVE('',#2238,#2243);
#2238 = PLANE('',#2239);
#2239 = AXIS2_PLACEMENT_3D('',#2240,#2241,#2242);
#2240 = CARTESIAN_POINT('',(-14.,-18.23885226703,69.522369730766));
#2241 = DIRECTION('',(0.,0.258819045103,-0.965925826289));
#2242 = DIRECTION('',(0.,-0.965925826289,-0.258819045103));
#2243 = DEFINITIONAL_REPRESENTATION('',(#2244),#2248);
#2244 = LINE('',#2245,#2246);
#2245 = CARTESIAN_POINT('',(0.,0.));
#2246 = VECTOR('',#2247,1.);
#2247 = DIRECTION('',(1.,0.));
#2248 = ( GEOMETRIC_REPRESENTATION_CONTEXT(2) 
PARAMETRIC_REPRESENTATION_CONTEXT() REPRESENTATION_CONTEXT('2D SPACE',''
  ) );
#2249 = ORIENTED_EDGE('',*,*,#2250,.T.);
#2250 = EDGE_CURVE('',#2223,#2251,#2253,.T.);
#2251 = VERTEX_POINT('',#2252);
#2252 = CARTESIAN_POINT('',(-14.,-22.24452734,74.239012678106));
#2253 = SURFACE_CURVE('',#2254,(#2258,#2265),.PCURVE_S1.);
#2254 = LINE('',#2255,#2256);
#2255 = CARTESIAN_POINT('',(-14.,-18.96587546626,69.327564451654));
#2256 = VECTOR('',#2257,1.);
#2257 = DIRECTION('',(0.,-0.555210427329,0.831709914204));
#2258 = PCURVE('',#126,#2259);
#2259 = DEFINITIONAL_REPRESENTATION('',(#2260),#2264);
#2260 = LINE('',#2261,#2262);
#2261 = CARTESIAN_POINT('',(69.327564451654,18.965875466261));
#2262 = VECTOR('',#2263,1.);
#2263 = DIRECTION('',(0.831709914204,0.555210427329));
#2264 = ( GEOMETRIC_REPRESENTATION_CONTEXT(2) 
PARAMETRIC_REPRESENTATION_CONTEXT() REPRESENTATION_CONTEXT('2D SPACE',''
  ) );
#2265 = PCURVE('',#2266,#2271);
#2266 = PLANE('',#2267);
#2267 = AXIS2_PLACEMENT_3D('',#2268,#2269,#2270);
#2268 = CARTESIAN_POINT('',(-14.,-18.96587546626,69.327564451654));
#2269 = DIRECTION('',(0.,-0.831709914204,-0.555210427329));
#2270 = DIRECTION('',(0.,-0.555210427329,0.831709914204));
#2271 = DEFINITIONAL_REPRESENTATION('',(#2272),#2276);
#2272 = LINE('',#2273,#2274);
#2273 = CARTESIAN_POINT('',(0.,0.));
#2274 = VECTOR('',#2275,1.);
#2275 = DIRECTION('',(1.,0.));
#2276 = ( GEOMETRIC_REPRESENTATION_CONTEXT(2) 
PARAMETRIC_REPRESENTATION_CONTEXT() REPRESENTATION_CONTEXT('2D SPACE',''
  ) );
#2277 = ORIENTED_EDGE('',*,*,#2278,.T.);
#2278 = EDGE_CURVE('',#2251,#2279,#2281,.T.);
#2279 = VERTEX_POINT('',#2280);
#2280 = CARTESIAN_POINT('',(-14.,-25.64039614704,73.135628016874));
#2281 = SURFACE_CURVE('',#2282,(#2286,#2293),.PCURVE_S1.);
#2282 = LINE('',#2283,#2284);
#2283 = CARTESIAN_POINT('',(-14.,-22.24452734,74.239012678106));
#2284 = VECTOR('',#2285,1.);
#2285 = DIRECTION('',(0.,-0.951056516295,-0.309016994375));
#2286 = PCURVE('',#126,#2287);
#2287 = DEFINITIONAL_REPRESENTATION('',(#2288),#2292);
#2288 = LINE('',#2289,#2290);
#2289 = CARTESIAN_POINT('',(74.239012678106,22.24452734));
#2290 = VECTOR('',#2291,1.);
#2291 = DIRECTION('',(-0.309016994375,0.951056516295));
#2292 = ( GEOMETRIC_REPRESENTATION_CONTEXT(2) 
PARAMETRIC_REPRESENTATION_CONTEXT() REPRESENTATION_CONTEXT('2D SPACE',''
  ) );
#2293 = PCURVE('',#2294,#2299);
#2294 = PLANE('',#2295);
#2295 = AXIS2_PLACEMENT_3D('',#2296,#2297,#2298);
#2296 = CARTESIAN_POINT('',(-14.,-22.24452734,74.239012678106));
#2297 = DIRECTION('',(0.,0.309016994375,-0.951056516295));
#2298 = DIRECTION('',(0.,-0.951056516295,-0.309016994375));
#2299 = DEFINITIONAL_REPRESENTATION('',(#2300),#2304);
#2300 = LINE('',#2301,#2302);
#2301 = CARTESIAN_POINT('',(0.,0.));
#2302 = VECTOR('',#2303,1.);
#2303 = DIRECTION('',(1.,0.));
#2304 = ( GEOMETRIC_REPRESENTATION_CONTEXT(2) 
PARAMETRIC_REPRESENTATION_CONTEXT() REPRESENTATION_CONTEXT('2D SPACE',''
  ) );
#2305 = ORIENTED_EDGE('',*,*,#2306,.T.);
#2306 = EDGE_CURVE('',#2279,#2307,#2309,.T.);
#2307 = VERTEX_POINT('',#2308);
#2308 = CARTESIAN_POINT('',(-14.,-25.40600439663,67.235039715897));
#2309 = SURFACE_CURVE('',#2310,(#2314,#2321),.PCURVE_S1.);
#2310 = LINE('',#2311,#2312);
#2311 = CARTESIAN_POINT('',(-14.,-25.64039614704,73.135628016874));
#2312 = VECTOR('',#2313,1.);
#2313 = DIRECTION('',(0.,3.969215059133E-02,-0.999211956084));
#2314 = PCURVE('',#126,#2315);
#2315 = DEFINITIONAL_REPRESENTATION('',(#2316),#2320);
#2316 = LINE('',#2317,#2318);
#2317 = CARTESIAN_POINT('',(73.135628016874,25.640396147047));
#2318 = VECTOR('',#2319,1.);
#2319 = DIRECTION('',(-0.999211956084,-3.969215059133E-02));
#2320 = ( GEOMETRIC_REPRESENTATION_CONTEXT(2) 
PARAMETRIC_REPRESENTATION_CONTEXT() REPRESENTATION_CONTEXT('2D SPACE',''
  ) );
#2321 = PCURVE('',#2322,#2327);
#2322 = PLANE('',#2323);
#2323 = AXIS2_PLACEMENT_3D('',#2324,#2325,#2326);
#2324 = CARTESIAN_POINT('',(-14.,-25.64039614704,73.135628016874));
#2325 = DIRECTION('',(-0.,0.999211956084,3.969215059133E-02));
#2326 = DIRECTION('',(0.,3.969215059133E-02,-0.999211956084));
#2327 = DEFINITIONAL_REPRESENTATION('',(#2328),#2332);
#2328 = LINE('',#2329,#2330);
#2329 = CARTESIAN_POINT('',(0.,0.));
#2330 = VECTOR('',#2331,1.);
#2331 = DIRECTION('',(1.,0.));
#2332 = ( GEOMETRIC_REPRESENTATION_CONTEXT(2) 
PARAMETRIC_REPRESENTATION_CONTEXT() REPRESENTATION_CONTEXT('2D SPACE',''
  ) );
#2333 = ORIENTED_EDGE('',*,*,#2334,.T.);
#2334 = EDGE_CURVE('',#2307,#2335,#2337,.T.);
#2335 = VERTEX_POINT('',#2336);
#2336 = CARTESIAN_POINT('',(-14.,-26.10868219024,66.965306982711));
#2337 = SURFACE_CURVE('',#2338,(#2342,#2349),.PCURVE_S1.);
#2338 = LINE('',#2339,#2340);
#2339 = CARTESIAN_POINT('',(-14.,-25.40600439663,67.235039715897));
#2340 = VECTOR('',#2341,1.);
#2341 = DIRECTION('',(0.,-0.933580426497,-0.358367949545));
#2342 = PCURVE('',#126,#2343);
#2343 = DEFINITIONAL_REPRESENTATION('',(#2344),#2348);
#2344 = LINE('',#2345,#2346);
#2345 = CARTESIAN_POINT('',(67.235039715897,25.406004396634));
#2346 = VECTOR('',#2347,1.);
#2347 = DIRECTION('',(-0.358367949545,0.933580426497));
#2348 = ( GEOMETRIC_REPRESENTATION_CONTEXT(2) 
PARAMETRIC_REPRESENTATION_CONTEXT() REPRESENTATION_CONTEXT('2D SPACE',''
  ) );
#2349 = PCURVE('',#2350,#2355);
#2350 = PLANE('',#2351);
#2351 = AXIS2_PLACEMENT_3D('',#2352,#2353,#2354);
#2352 = CARTESIAN_POINT('',(-14.,-25.40600439663,67.235039715897));
#2353 = DIRECTION('',(0.,0.358367949545,-0.933580426497));
#2354 = DIRECTION('',(0.,-0.933580426497,-0.358367949545));
#2355 = DEFINITIONAL_REPRESENTATION('',(#2356),#2360);
#2356 = LINE('',#2357,#2358);
#2357 = CARTESIAN_POINT('',(0.,0.));
#2358 = VECTOR('',#2359,1.);
#2359 = DIRECTION('',(1.,0.));
#2360 = ( GEOMETRIC_REPRESENTATION_CONTEXT(2) 
PARAMETRIC_REPRESENTATION_CONTEXT() REPRESENTATION_CONTEXT('2D SPACE',''
  ) );
#2361 = ORIENTED_EDGE('',*,*,#2362,.T.);
#2362 = EDGE_CURVE('',#2335,#2363,#2365,.T.);
#2363 = VERTEX_POINT('',#2364);
#2364 = CARTESIAN_POINT('',(-14.,-29.88275940149,71.507137339934));
#2365 = SURFACE_CURVE('',#2366,(#2370,#2377),.PCURVE_S1.);
#2366 = LINE('',#2367,#2368);
#2367 = CARTESIAN_POINT('',(-14.,-26.10868219024,66.965306982711));
#2368 = VECTOR('',#2369,1.);
#2369 = DIRECTION('',(0.,-0.639106285732,0.769118427512));
#2370 = PCURVE('',#126,#2371);
#2371 = DEFINITIONAL_REPRESENTATION('',(#2372),#2376);
#2372 = LINE('',#2373,#2374);
#2373 = CARTESIAN_POINT('',(66.965306982711,26.108682190245));
#2374 = VECTOR('',#2375,1.);
#2375 = DIRECTION('',(0.769118427512,0.639106285732));
#2376 = ( GEOMETRIC_REPRESENTATION_CONTEXT(2) 
PARAMETRIC_REPRESENTATION_CONTEXT() REPRESENTATION_CONTEXT('2D SPACE',''
  ) );
#2377 = PCURVE('',#2378,#2383);
#2378 = PLANE('',#2379);
#2379 = AXIS2_PLACEMENT_3D('',#2380,#2381,#2382);
#2380 = CARTESIAN_POINT('',(-14.,-26.10868219024,66.965306982711));
#2381 = DIRECTION('',(0.,-0.769118427512,-0.639106285732));
#2382 = DIRECTION('',(0.,-0.639106285732,0.769118427512));
#2383 = DEFINITIONAL_REPRESENTATION('',(#2384),#2388);
#2384 = LINE('',#2385,#2386);
#2385 = CARTESIAN_POINT('',(0.,0.));
#2386 = VECTOR('',#2387,1.);
#2387 = DIRECTION('',(1.,0.));
#2388 = ( GEOMETRIC_REPRESENTATION_CONTEXT(2) 
PARAMETRIC_REPRESENTATION_CONTEXT() REPRESENTATION_CONTEXT('2D SPACE',''
  ) );
#2389 = ORIENTED_EDGE('',*,*,#2390,.T.);
#2390 = EDGE_CURVE('',#2363,#2391,#2393,.T.);
#2391 = VERTEX_POINT('',#2392);
#2392 = CARTESIAN_POINT('',(-14.,-33.14469018087,70.054832187465));
#2393 = SURFACE_CURVE('',#2394,(#2398,#2405),.PCURVE_S1.);
#2394 = LINE('',#2395,#2396);
#2395 = CARTESIAN_POINT('',(-14.,-29.88275940149,71.507137339934));
#2396 = VECTOR('',#2397,1.);
#2397 = DIRECTION('',(0.,-0.913545457643,-0.406736643076));
#2398 = PCURVE('',#126,#2399);
#2399 = DEFINITIONAL_REPRESENTATION('',(#2400),#2404);
#2400 = LINE('',#2401,#2402);
#2401 = CARTESIAN_POINT('',(71.507137339934,29.882759401498));
#2402 = VECTOR('',#2403,1.);
#2403 = DIRECTION('',(-0.406736643076,0.913545457643));
#2404 = ( GEOMETRIC_REPRESENTATION_CONTEXT(2) 
PARAMETRIC_REPRESENTATION_CONTEXT() REPRESENTATION_CONTEXT('2D SPACE',''
  ) );
#2405 = PCURVE('',#2406,#2411);
#2406 = PLANE('',#2407);
#2407 = AXIS2_PLACEMENT_3D('',#2408,#2409,#2410);
#2408 = CARTESIAN_POINT('',(-14.,-29.88275940149,71.507137339934));
#2409 = DIRECTION('',(0.,0.406736643076,-0.913545457643));
#2410 = DIRECTION('',(0.,-0.913545457643,-0.406736643076));
#2411 = DEFINITIONAL_REPRESENTATION('',(#2412),#2416);
#2412 = LINE('',#2413,#2414);
#2413 = CARTESIAN_POINT('',(0.,0.));
#2414 = VECTOR('',#2415,1.);
#2415 = DIRECTION('',(1.,0.));
#2416 = ( GEOMETRIC_REPRESENTATION_CONTEXT(2) 
PARAMETRIC_REPRESENTATION_CONTEXT() REPRESENTATION_CONTEXT('2D SPACE',''
  ) );
#2417 = ORIENTED_EDGE('',*,*,#2418,.T.);
#2418 = EDGE_CURVE('',#2391,#2419,#2421,.T.);
#2419 = VERTEX_POINT('',#2420);
#2420 = CARTESIAN_POINT('',(-14.,-32.29480302551,64.211068536063));
#2421 = SURFACE_CURVE('',#2422,(#2426,#2433),.PCURVE_S1.);
#2422 = LINE('',#2423,#2424);
#2423 = CARTESIAN_POINT('',(-14.,-33.14469018087,70.054832187465));
#2424 = VECTOR('',#2425,1.);
#2425 = DIRECTION('',(0.,0.143920803085,-0.989589208934));
#2426 = PCURVE('',#126,#2427);
#2427 = DEFINITIONAL_REPRESENTATION('',(#2428),#2432);
#2428 = LINE('',#2429,#2430);
#2429 = CARTESIAN_POINT('',(70.054832187466,33.144690180873));
#2430 = VECTOR('',#2431,1.);
#2431 = DIRECTION('',(-0.989589208934,-0.143920803085));
#2432 = ( GEOMETRIC_REPRESENTATION_CONTEXT(2) 
PARAMETRIC_REPRESENTATION_CONTEXT() REPRESENTATION_CONTEXT('2D SPACE',''
  ) );
#2433 = PCURVE('',#2434,#2439);
#2434 = PLANE('',#2435);
#2435 = AXIS2_PLACEMENT_3D('',#2436,#2437,#2438);
#2436 = CARTESIAN_POINT('',(-14.,-33.14469018087,70.054832187465));
#2437 = DIRECTION('',(-0.,0.989589208934,0.143920803085));
#2438 = DIRECTION('',(0.,0.143920803085,-0.989589208934));
#2439 = DEFINITIONAL_REPRESENTATION('',(#2440),#2444);
#2440 = LINE('',#2441,#2442);
#2441 = CARTESIAN_POINT('',(0.,0.));
#2442 = VECTOR('',#2443,1.);
#2443 = DIRECTION('',(1.,0.));
#2444 = ( GEOMETRIC_REPRESENTATION_CONTEXT(2) 
PARAMETRIC_REPRESENTATION_CONTEXT() REPRESENTATION_CONTEXT('2D SPACE',''
  ) );
#2445 = ORIENTED_EDGE('',*,*,#2446,.T.);
#2446 = EDGE_CURVE('',#2419,#2447,#2449,.T.);
#2447 = VERTEX_POINT('',#2448);
#2448 = CARTESIAN_POINT('',(-14.,-32.96543672856,63.869363597074));
#2449 = SURFACE_CURVE('',#2450,(#2454,#2461),.PCURVE_S1.);
#2450 = LINE('',#2451,#2452);
#2451 = CARTESIAN_POINT('',(-14.,-32.29480302551,64.211068536063));
#2452 = VECTOR('',#2453,1.);
#2453 = DIRECTION('',(0.,-0.891006524188,-0.45399049974));
#2454 = PCURVE('',#126,#2455);
#2455 = DEFINITIONAL_REPRESENTATION('',(#2456),#2460);
#2456 = LINE('',#2457,#2458);
#2457 = CARTESIAN_POINT('',(64.211068536063,32.294803025518));
#2458 = VECTOR('',#2459,1.);
#2459 = DIRECTION('',(-0.45399049974,0.891006524188));
#2460 = ( GEOMETRIC_REPRESENTATION_CONTEXT(2) 
PARAMETRIC_REPRESENTATION_CONTEXT() REPRESENTATION_CONTEXT('2D SPACE',''
  ) );
#2461 = PCURVE('',#2462,#2467);
#2462 = PLANE('',#2463);
#2463 = AXIS2_PLACEMENT_3D('',#2464,#2465,#2466);
#2464 = CARTESIAN_POINT('',(-14.,-32.29480302551,64.211068536063));
#2465 = DIRECTION('',(0.,0.45399049974,-0.891006524188));
#2466 = DIRECTION('',(0.,-0.891006524188,-0.45399049974));
#2467 = DEFINITIONAL_REPRESENTATION('',(#2468),#2472);
#2468 = LINE('',#2469,#2470);
#2469 = CARTESIAN_POINT('',(0.,0.));
#2470 = VECTOR('',#2471,1.);
#2471 = DIRECTION('',(1.,0.));
#2472 = ( GEOMETRIC_REPRESENTATION_CONTEXT(2) 
PARAMETRIC_REPRESENTATION_CONTEXT() REPRESENTATION_CONTEXT('2D SPACE',''
  ) );
#2473 = ORIENTED_EDGE('',*,*,#2474,.T.);
#2474 = EDGE_CURVE('',#2447,#2475,#2477,.T.);
#2475 = VERTEX_POINT('',#2476);
#2476 = CARTESIAN_POINT('',(-14.,-37.19358969762,67.991814841235));
#2477 = SURFACE_CURVE('',#2478,(#2482,#2489),.PCURVE_S1.);
#2478 = LINE('',#2479,#2480);
#2479 = CARTESIAN_POINT('',(-14.,-32.96543672856,63.869363597074));
#2480 = VECTOR('',#2481,1.);
#2481 = DIRECTION('',(0.,-0.715999961926,0.69810031838));
#2482 = PCURVE('',#126,#2483);
#2483 = DEFINITIONAL_REPRESENTATION('',(#2484),#2488);
#2484 = LINE('',#2485,#2486);
#2485 = CARTESIAN_POINT('',(63.869363597075,32.96543672856));
#2486 = VECTOR('',#2487,1.);
#2487 = DIRECTION('',(0.69810031838,0.715999961926));
#2488 = ( GEOMETRIC_REPRESENTATION_CONTEXT(2) 
PARAMETRIC_REPRESENTATION_CONTEXT() REPRESENTATION_CONTEXT('2D SPACE',''
  ) );
#2489 = PCURVE('',#2490,#2495);
#2490 = PLANE('',#2491);
#2491 = AXIS2_PLACEMENT_3D('',#2492,#2493,#2494);
#2492 = CARTESIAN_POINT('',(-14.,-32.96543672856,63.869363597074));
#2493 = DIRECTION('',(0.,-0.69810031838,-0.715999961926));
#2494 = DIRECTION('',(0.,-0.715999961926,0.69810031838));
#2495 = DEFINITIONAL_REPRESENTATION('',(#2496),#2500);
#2496 = LINE('',#2497,#2498);
#2497 = CARTESIAN_POINT('',(0.,0.));
#2498 = VECTOR('',#2499,1.);
#2499 = DIRECTION('',(1.,0.));
#2500 = ( GEOMETRIC_REPRESENTATION_CONTEXT(2) 
PARAMETRIC_REPRESENTATION_CONTEXT() REPRESENTATION_CONTEXT('2D SPACE',''
  ) );
#2501 = ORIENTED_EDGE('',*,*,#2502,.T.);
#2502 = EDGE_CURVE('',#2475,#2503,#2505,.T.);
#2503 = VERTEX_POINT('',#2504);
#2504 = CARTESIAN_POINT('',(-14.,-40.2858440531,66.206500956695));
#2505 = SURFACE_CURVE('',#2506,(#2510,#2517),.PCURVE_S1.);
#2506 = LINE('',#2507,#2508);
#2507 = CARTESIAN_POINT('',(-14.,-37.19358969762,67.991814841235));
#2508 = VECTOR('',#2509,1.);
#2509 = DIRECTION('',(0.,-0.866025403784,-0.5));
#2510 = PCURVE('',#126,#2511);
#2511 = DEFINITIONAL_REPRESENTATION('',(#2512),#2516);
#2512 = LINE('',#2513,#2514);
#2513 = CARTESIAN_POINT('',(67.991814841235,37.193589697624));
#2514 = VECTOR('',#2515,1.);
#2515 = DIRECTION('',(-0.5,0.866025403784));
#2516 = ( GEOMETRIC_REPRESENTATION_CONTEXT(2) 
PARAMETRIC_REPRESENTATION_CONTEXT() REPRESENTATION_CONTEXT('2D SPACE',''
  ) );
#2517 = PCURVE('',#2518,#2523);
#2518 = PLANE('',#2519);
#2519 = AXIS2_PLACEMENT_3D('',#2520,#2521,#2522);
#2520 = CARTESIAN_POINT('',(-14.,-37.19358969762,67.991814841235));
#2521 = DIRECTION('',(0.,0.5,-0.866025403784));
#2522 = DIRECTION('',(0.,-0.866025403784,-0.5));
#2523 = DEFINITIONAL_REPRESENTATION('',(#2524),#2528);
#2524 = LINE('',#2525,#2526);
#2525 = CARTESIAN_POINT('',(0.,0.));
#2526 = VECTOR('',#2527,1.);
#2527 = DIRECTION('',(1.,0.));
#2528 = ( GEOMETRIC_REPRESENTATION_CONTEXT(2) 
PARAMETRIC_REPRESENTATION_CONTEXT() REPRESENTATION_CONTEXT('2D SPACE',''
  ) );
#2529 = ORIENTED_EDGE('',*,*,#2530,.T.);
#2530 = EDGE_CURVE('',#2503,#2531,#2533,.T.);
#2531 = VERTEX_POINT('',#2532);
#2532 = CARTESIAN_POINT('',(-14.,-38.82977303433,60.483587452319));
#2533 = SURFACE_CURVE('',#2534,(#2538,#2545),.PCURVE_S1.);
#2534 = LINE('',#2535,#2536);
#2535 = CARTESIAN_POINT('',(-14.,-40.2858440531,66.206500956695));
#2536 = VECTOR('',#2537,1.);
#2537 = DIRECTION('',(0.,0.246572629144,-0.969124315327));
#2538 = PCURVE('',#126,#2539);
#2539 = DEFINITIONAL_REPRESENTATION('',(#2540),#2544);
#2540 = LINE('',#2541,#2542);
#2541 = CARTESIAN_POINT('',(66.206500956695,40.285844053105));
#2542 = VECTOR('',#2543,1.);
#2543 = DIRECTION('',(-0.969124315327,-0.246572629144));
#2544 = ( GEOMETRIC_REPRESENTATION_CONTEXT(2) 
PARAMETRIC_REPRESENTATION_CONTEXT() REPRESENTATION_CONTEXT('2D SPACE',''
  ) );
#2545 = PCURVE('',#2546,#2551);
#2546 = PLANE('',#2547);
#2547 = AXIS2_PLACEMENT_3D('',#2548,#2549,#2550);
#2548 = CARTESIAN_POINT('',(-14.,-40.2858440531,66.206500956695));
#2549 = DIRECTION('',(-0.,0.969124315327,0.246572629144));
#2550 = DIRECTION('',(0.,0.246572629144,-0.969124315327));
#2551 = DEFINITIONAL_REPRESENTATION('',(#2552),#2556);
#2552 = LINE('',#2553,#2554);
#2553 = CARTESIAN_POINT('',(0.,0.));
#2554 = VECTOR('',#2555,1.);
#2555 = DIRECTION('',(1.,0.));
#2556 = ( GEOMETRIC_REPRESENTATION_CONTEXT(2) 
PARAMETRIC_REPRESENTATION_CONTEXT() REPRESENTATION_CONTEXT('2D SPACE',''
  ) );
#2557 = ORIENTED_EDGE('',*,*,#2558,.T.);
#2558 = EDGE_CURVE('',#2531,#2559,#2561,.T.);
#2559 = VERTEX_POINT('',#2560);
#2560 = CARTESIAN_POINT('',(-14.,-39.46101504361,60.073654098344));
#2561 = SURFACE_CURVE('',#2562,(#2566,#2573),.PCURVE_S1.);
#2562 = LINE('',#2563,#2564);
#2563 = CARTESIAN_POINT('',(-14.,-38.82977303433,60.483587452319));
#2564 = VECTOR('',#2565,1.);
#2565 = DIRECTION('',(0.,-0.838670567945,-0.544639035015));
#2566 = PCURVE('',#126,#2567);
#2567 = DEFINITIONAL_REPRESENTATION('',(#2568),#2572);
#2568 = LINE('',#2569,#2570);
#2569 = CARTESIAN_POINT('',(60.483587452319,38.829773034332));
#2570 = VECTOR('',#2571,1.);
#2571 = DIRECTION('',(-0.544639035015,0.838670567945));
#2572 = ( GEOMETRIC_REPRESENTATION_CONTEXT(2) 
PARAMETRIC_REPRESENTATION_CONTEXT() REPRESENTATION_CONTEXT('2D SPACE',''
  ) );
#2573 = PCURVE('',#2574,#2579);
#2574 = PLANE('',#2575);
#2575 = AXIS2_PLACEMENT_3D('',#2576,#2577,#2578);
#2576 = CARTESIAN_POINT('',(-14.,-38.82977303433,60.483587452319));
#2577 = DIRECTION('',(0.,0.544639035015,-0.838670567945));
#2578 = DIRECTION('',(0.,-0.838670567945,-0.544639035015));
#2579 = DEFINITIONAL_REPRESENTATION('',(#2580),#2584);
#2580 = LINE('',#2581,#2582);
#2581 = CARTESIAN_POINT('',(0.,0.));
#2582 = VECTOR('',#2583,1.);
#2583 = DIRECTION('',(1.,0.));
#2584 = ( GEOMETRIC_REPRESENTATION_CONTEXT(2) 
PARAMETRIC_REPRESENTATION_CONTEXT() REPRESENTATION_CONTEXT('2D SPACE',''
  ) );
#2585 = ORIENTED_EDGE('',*,*,#2586,.T.);
#2586 = EDGE_CURVE('',#2559,#2587,#2589,.T.);
#2587 = VERTEX_POINT('',#2588);
#2588 = CARTESIAN_POINT('',(-14.,-44.09691924176,63.731559790933));
#2589 = SURFACE_CURVE('',#2590,(#2594,#2601),.PCURVE_S1.);
#2590 = LINE('',#2591,#2592);
#2591 = CARTESIAN_POINT('',(-14.,-39.46101504361,60.073654098344));
#2592 = VECTOR('',#2593,1.);
#2593 = DIRECTION('',(0.,-0.785048992705,0.619433676072));
#2594 = PCURVE('',#126,#2595);
#2595 = DEFINITIONAL_REPRESENTATION('',(#2596),#2600);
#2596 = LINE('',#2597,#2598);
#2597 = CARTESIAN_POINT('',(60.073654098345,39.461015043616));
#2598 = VECTOR('',#2599,1.);
#2599 = DIRECTION('',(0.619433676072,0.785048992705));
#2600 = ( GEOMETRIC_REPRESENTATION_CONTEXT(2) 
PARAMETRIC_REPRESENTATION_CONTEXT() REPRESENTATION_CONTEXT('2D SPACE',''
  ) );
#2601 = PCURVE('',#2602,#2607);
#2602 = PLANE('',#2603);
#2603 = AXIS2_PLACEMENT_3D('',#2604,#2605,#2606);
#2604 = CARTESIAN_POINT('',(-14.,-39.46101504361,60.073654098344));
#2605 = DIRECTION('',(0.,-0.619433676072,-0.785048992705));
#2606 = DIRECTION('',(0.,-0.785048992705,0.619433676072));
#2607 = DEFINITIONAL_REPRESENTATION('',(#2608),#2612);
#2608 = LINE('',#2609,#2610);
#2609 = CARTESIAN_POINT('',(0.,0.));
#2610 = VECTOR('',#2611,1.);
#2611 = DIRECTION('',(1.,0.));
#2612 = ( GEOMETRIC_REPRESENTATION_CONTEXT(2) 
PARAMETRIC_REPRESENTATION_CONTEXT() REPRESENTATION_CONTEXT('2D SPACE',''
  ) );
#2613 = ORIENTED_EDGE('',*,*,#2614,.T.);
#2614 = EDGE_CURVE('',#2587,#2615,#2617,.T.);
#2615 = VERTEX_POINT('',#2616);
#2616 = CARTESIAN_POINT('',(-14.,-46.98561778753,61.632797446843));
#2617 = SURFACE_CURVE('',#2618,(#2622,#2629),.PCURVE_S1.);
#2618 = LINE('',#2619,#2620);
#2619 = CARTESIAN_POINT('',(-14.,-44.09691924176,63.731559790933));
#2620 = VECTOR('',#2621,1.);
#2621 = DIRECTION('',(0.,-0.809016994375,-0.587785252292));
#2622 = PCURVE('',#126,#2623);
#2623 = DEFINITIONAL_REPRESENTATION('',(#2624),#2628);
#2624 = LINE('',#2625,#2626);
#2625 = CARTESIAN_POINT('',(63.731559790933,44.096919241765));
#2626 = VECTOR('',#2627,1.);
#2627 = DIRECTION('',(-0.587785252292,0.809016994375));
#2628 = ( GEOMETRIC_REPRESENTATION_CONTEXT(2) 
PARAMETRIC_REPRESENTATION_CONTEXT() REPRESENTATION_CONTEXT('2D SPACE',''
  ) );
#2629 = PCURVE('',#2630,#2635);
#2630 = PLANE('',#2631);
#2631 = AXIS2_PLACEMENT_3D('',#2632,#2633,#2634);
#2632 = CARTESIAN_POINT('',(-14.,-44.09691924176,63.731559790933));
#2633 = DIRECTION('',(0.,0.587785252292,-0.809016994375));
#2634 = DIRECTION('',(0.,-0.809016994375,-0.587785252292));
#2635 = DEFINITIONAL_REPRESENTATION('',(#2636),#2640);
#2636 = LINE('',#2637,#2638);
#2637 = CARTESIAN_POINT('',(0.,0.));
#2638 = VECTOR('',#2639,1.);
#2639 = DIRECTION('',(1.,0.));
#2640 = ( GEOMETRIC_REPRESENTATION_CONTEXT(2) 
PARAMETRIC_REPRESENTATION_CONTEXT() REPRESENTATION_CONTEXT('2D SPACE',''
  ) );
#2641 = ORIENTED_EDGE('',*,*,#2642,.T.);
#2642 = EDGE_CURVE('',#2615,#2643,#2645,.T.);
#2643 = VERTEX_POINT('',#2644);
#2644 = CARTESIAN_POINT('',(-14.,-44.93931592412,56.093435527442));
#2645 = SURFACE_CURVE('',#2646,(#2650,#2657),.PCURVE_S1.);
#2646 = LINE('',#2647,#2648);
#2647 = CARTESIAN_POINT('',(-14.,-46.98561778753,61.632797446843));
#2648 = VECTOR('',#2649,1.);
#2649 = DIRECTION('',(0.,0.346522953878,-0.938041492918));
#2650 = PCURVE('',#126,#2651);
#2651 = DEFINITIONAL_REPRESENTATION('',(#2652),#2656);
#2652 = LINE('',#2653,#2654);
#2653 = CARTESIAN_POINT('',(61.632797446843,46.985617787536));
#2654 = VECTOR('',#2655,1.);
#2655 = DIRECTION('',(-0.938041492918,-0.346522953878));
#2656 = ( GEOMETRIC_REPRESENTATION_CONTEXT(2) 
PARAMETRIC_REPRESENTATION_CONTEXT() REPRESENTATION_CONTEXT('2D SPACE',''
  ) );
#2657 = PCURVE('',#2658,#2663);
#2658 = PLANE('',#2659);
#2659 = AXIS2_PLACEMENT_3D('',#2660,#2661,#2662);
#2660 = CARTESIAN_POINT('',(-14.,-46.98561778753,61.632797446843));
#2661 = DIRECTION('',(-0.,0.938041492918,0.346522953878));
#2662 = DIRECTION('',(0.,0.346522953878,-0.938041492918));
#2663 = DEFINITIONAL_REPRESENTATION('',(#2664),#2668);
#2664 = LINE('',#2665,#2666);
#2665 = CARTESIAN_POINT('',(0.,0.));
#2666 = VECTOR('',#2667,1.);
#2667 = DIRECTION('',(1.,0.));
#2668 = ( GEOMETRIC_REPRESENTATION_CONTEXT(2) 
PARAMETRIC_REPRESENTATION_CONTEXT() REPRESENTATION_CONTEXT('2D SPACE',''
  ) );
#2669 = ORIENTED_EDGE('',*,*,#2670,.T.);
#2670 = EDGE_CURVE('',#2643,#2671,#2673,.T.);
#2671 = VERTEX_POINT('',#2672);
#2672 = CARTESIAN_POINT('',(-14.,-45.5242502201,55.619765074093));
#2673 = SURFACE_CURVE('',#2674,(#2678,#2685),.PCURVE_S1.);
#2674 = LINE('',#2675,#2676);
#2675 = CARTESIAN_POINT('',(-14.,-44.93931592412,56.093435527442));
#2676 = VECTOR('',#2677,1.);
#2677 = DIRECTION('',(0.,-0.777145961457,-0.62932039105));
#2678 = PCURVE('',#126,#2679);
#2679 = DEFINITIONAL_REPRESENTATION('',(#2680),#2684);
#2680 = LINE('',#2681,#2682);
#2681 = CARTESIAN_POINT('',(56.093435527443,44.939315924129));
#2682 = VECTOR('',#2683,1.);
#2683 = DIRECTION('',(-0.62932039105,0.777145961457));
#2684 = ( GEOMETRIC_REPRESENTATION_CONTEXT(2) 
PARAMETRIC_REPRESENTATION_CONTEXT() REPRESENTATION_CONTEXT('2D SPACE',''
  ) );
#2685 = PCURVE('',#2686,#2691);
#2686 = PLANE('',#2687);
#2687 = AXIS2_PLACEMENT_3D('',#2688,#2689,#2690);
#2688 = CARTESIAN_POINT('',(-14.,-44.93931592412,56.093435527442));
#2689 = DIRECTION('',(0.,0.62932039105,-0.777145961457));
#2690 = DIRECTION('',(0.,-0.777145961457,-0.62932039105));
#2691 = DEFINITIONAL_REPRESENTATION('',(#2692),#2696);
#2692 = LINE('',#2693,#2694);
#2693 = CARTESIAN_POINT('',(0.,0.));
#2694 = VECTOR('',#2695,1.);
#2695 = DIRECTION('',(1.,0.));
#2696 = ( GEOMETRIC_REPRESENTATION_CONTEXT(2) 
PARAMETRIC_REPRESENTATION_CONTEXT() REPRESENTATION_CONTEXT('2D SPACE',''
  ) );
#2697 = ORIENTED_EDGE('',*,*,#2698,.T.);
#2698 = EDGE_CURVE('',#2671,#2699,#2701,.T.);
#2699 = VERTEX_POINT('',#2700);
#2700 = CARTESIAN_POINT('',(-14.,-50.51711371081,58.773048434876));
#2701 = SURFACE_CURVE('',#2702,(#2706,#2713),.PCURVE_S1.);
#2702 = LINE('',#2703,#2704);
#2703 = CARTESIAN_POINT('',(-14.,-45.5242502201,55.619765074093));
#2704 = VECTOR('',#2705,1.);
#2705 = DIRECTION('',(0.,-0.845496862438,0.533980388785));
#2706 = PCURVE('',#126,#2707);
#2707 = DEFINITIONAL_REPRESENTATION('',(#2708),#2712);
#2708 = LINE('',#2709,#2710);
#2709 = CARTESIAN_POINT('',(55.619765074093,45.524250220105));
#2710 = VECTOR('',#2711,1.);
#2711 = DIRECTION('',(0.533980388785,0.845496862438));
#2712 = ( GEOMETRIC_REPRESENTATION_CONTEXT(2) 
PARAMETRIC_REPRESENTATION_CONTEXT() REPRESENTATION_CONTEXT('2D SPACE',''
  ) );
#2713 = PCURVE('',#2714,#2719);
#2714 = PLANE('',#2715);
#2715 = AXIS2_PLACEMENT_3D('',#2716,#2717,#2718);
#2716 = CARTESIAN_POINT('',(-14.,-45.5242502201,55.619765074093));
#2717 = DIRECTION('',(0.,-0.533980388785,-0.845496862438));
#2718 = DIRECTION('',(0.,-0.845496862438,0.533980388785));
#2719 = DEFINITIONAL_REPRESENTATION('',(#2720),#2724);
#2720 = LINE('',#2721,#2722);
#2721 = CARTESIAN_POINT('',(0.,0.));
#2722 = VECTOR('',#2723,1.);
#2723 = DIRECTION('',(1.,0.));
#2724 = ( GEOMETRIC_REPRESENTATION_CONTEXT(2) 
PARAMETRIC_REPRESENTATION_CONTEXT() REPRESENTATION_CONTEXT('2D SPACE',''
  ) );
#2725 = ORIENTED_EDGE('',*,*,#2726,.T.);
#2726 = EDGE_CURVE('',#2699,#2727,#2729,.T.);
#2727 = VERTEX_POINT('',#2728);
#2728 = CARTESIAN_POINT('',(-14.,-53.17060726111,56.38383211067));
#2729 = SURFACE_CURVE('',#2730,(#2734,#2741),.PCURVE_S1.);
#2730 = LINE('',#2731,#2732);
#2731 = CARTESIAN_POINT('',(-14.,-50.51711371081,58.773048434876));
#2732 = VECTOR('',#2733,1.);
#2733 = DIRECTION('',(0.,-0.743144825477,-0.669130606359));
#2734 = PCURVE('',#126,#2735);
#2735 = DEFINITIONAL_REPRESENTATION('',(#2736),#2740);
#2736 = LINE('',#2737,#2738);
#2737 = CARTESIAN_POINT('',(58.773048434876,50.517113710818));
#2738 = VECTOR('',#2739,1.);
#2739 = DIRECTION('',(-0.669130606359,0.743144825477));
#2740 = ( GEOMETRIC_REPRESENTATION_CONTEXT(2) 
PARAMETRIC_REPRESENTATION_CONTEXT() REPRESENTATION_CONTEXT('2D SPACE',''
  ) );
#2741 = PCURVE('',#2742,#2747);
#2742 = PLANE('',#2743);
#2743 = AXIS2_PLACEMENT_3D('',#2744,#2745,#2746);
#2744 = CARTESIAN_POINT('',(-14.,-50.51711371081,58.773048434876));
#2745 = DIRECTION('',(0.,0.669130606359,-0.743144825477));
#2746 = DIRECTION('',(0.,-0.743144825477,-0.669130606359));
#2747 = DEFINITIONAL_REPRESENTATION('',(#2748),#2752);
#2748 = LINE('',#2749,#2750);
#2749 = CARTESIAN_POINT('',(0.,0.));
#2750 = VECTOR('',#2751,1.);
#2751 = DIRECTION('',(1.,0.));
#2752 = ( GEOMETRIC_REPRESENTATION_CONTEXT(2) 
PARAMETRIC_REPRESENTATION_CONTEXT() REPRESENTATION_CONTEXT('2D SPACE',''
  ) );
#2753 = ORIENTED_EDGE('',*,*,#2754,.T.);
#2754 = EDGE_CURVE('',#2727,#2755,#2757,.T.);
#2755 = VERTEX_POINT('',#2756);
#2756 = CARTESIAN_POINT('',(-14.,-50.5564942645,51.088712184621));
#2757 = SURFACE_CURVE('',#2758,(#2762,#2769),.PCURVE_S1.);
#2758 = LINE('',#2759,#2760);
#2759 = CARTESIAN_POINT('',(-14.,-53.17060726111,56.38383211067));
#2760 = VECTOR('',#2761,1.);
#2761 = DIRECTION('',(0.,0.442676700616,-0.896681291615));
#2762 = PCURVE('',#126,#2763);
#2763 = DEFINITIONAL_REPRESENTATION('',(#2764),#2768);
#2764 = LINE('',#2765,#2766);
#2765 = CARTESIAN_POINT('',(56.38383211067,53.170607261115));
#2766 = VECTOR('',#2767,1.);
#2767 = DIRECTION('',(-0.896681291615,-0.442676700616));
#2768 = ( GEOMETRIC_REPRESENTATION_CONTEXT(2) 
PARAMETRIC_REPRESENTATION_CONTEXT() REPRESENTATION_CONTEXT('2D SPACE',''
  ) );
#2769 = PCURVE('',#2770,#2775);
#2770 = PLANE('',#2771);
#2771 = AXIS2_PLACEMENT_3D('',#2772,#2773,#2774);
#2772 = CARTESIAN_POINT('',(-14.,-53.17060726111,56.38383211067));
#2773 = DIRECTION('',(-0.,0.896681291615,0.442676700616));
#2774 = DIRECTION('',(0.,0.442676700616,-0.896681291615));
#2775 = DEFINITIONAL_REPRESENTATION('',(#2776),#2780);
#2776 = LINE('',#2777,#2778);
#2777 = CARTESIAN_POINT('',(0.,0.));
#2778 = VECTOR('',#2779,1.);
#2779 = DIRECTION('',(1.,0.));
#2780 = ( GEOMETRIC_REPRESENTATION_CONTEXT(2) 
PARAMETRIC_REPRESENTATION_CONTEXT() REPRESENTATION_CONTEXT('2D SPACE',''
  ) );
#2781 = ORIENTED_EDGE('',*,*,#2782,.T.);
#2782 = EDGE_CURVE('',#2755,#2783,#2785,.T.);
#2783 = VERTEX_POINT('',#2784);
#2784 = CARTESIAN_POINT('',(-14.,-51.08871218462,50.556494264505));
#2785 = SURFACE_CURVE('',#2786,(#2790,#2797),.PCURVE_S1.);
#2786 = LINE('',#2787,#2788);
#2787 = CARTESIAN_POINT('',(-14.,-50.5564942645,51.088712184621));
#2788 = VECTOR('',#2789,1.);
#2789 = DIRECTION('',(0.,-0.707106781187,-0.707106781187));
#2790 = PCURVE('',#126,#2791);
#2791 = DEFINITIONAL_REPRESENTATION('',(#2792),#2796);
#2792 = LINE('',#2793,#2794);
#2793 = CARTESIAN_POINT('',(51.088712184621,50.556494264505));
#2794 = VECTOR('',#2795,1.);
#2795 = DIRECTION('',(-0.707106781187,0.707106781187));
#2796 = ( GEOMETRIC_REPRESENTATION_CONTEXT(2) 
PARAMETRIC_REPRESENTATION_CONTEXT() REPRESENTATION_CONTEXT('2D SPACE',''
  ) );
#2797 = PCURVE('',#2798,#2803);
#2798 = PLANE('',#2799);
#2799 = AXIS2_PLACEMENT_3D('',#2800,#2801,#2802);
#2800 = CARTESIAN_POINT('',(-14.,-50.5564942645,51.088712184621));
#2801 = DIRECTION('',(0.,0.707106781187,-0.707106781187));
#2802 = DIRECTION('',(0.,-0.707106781187,-0.707106781187));
#2803 = DEFINITIONAL_REPRESENTATION('',(#2804),#2808);
#2804 = LINE('',#2805,#2806);
#2805 = CARTESIAN_POINT('',(0.,0.));
#2806 = VECTOR('',#2807,1.);
#2807 = DIRECTION('',(1.,0.));
#2808 = ( GEOMETRIC_REPRESENTATION_CONTEXT(2) 
PARAMETRIC_REPRESENTATION_CONTEXT() REPRESENTATION_CONTEXT('2D SPACE',''
  ) );
#2809 = ORIENTED_EDGE('',*,*,#2810,.T.);
#2810 = EDGE_CURVE('',#2783,#2811,#2813,.T.);
#2811 = VERTEX_POINT('',#2812);
#2812 = CARTESIAN_POINT('',(-14.,-56.38383211067,53.170607261115));
#2813 = SURFACE_CURVE('',#2814,(#2818,#2825),.PCURVE_S1.);
#2814 = LINE('',#2815,#2816);
#2815 = CARTESIAN_POINT('',(-14.,-51.08871218462,50.556494264505));
#2816 = VECTOR('',#2817,1.);
#2817 = DIRECTION('',(0.,-0.896681291615,0.442676700616));
#2818 = PCURVE('',#126,#2819);
#2819 = DEFINITIONAL_REPRESENTATION('',(#2820),#2824);
#2820 = LINE('',#2821,#2822);
#2821 = CARTESIAN_POINT('',(50.556494264505,51.088712184621));
#2822 = VECTOR('',#2823,1.);
#2823 = DIRECTION('',(0.442676700616,0.896681291615));
#2824 = ( GEOMETRIC_REPRESENTATION_CONTEXT(2) 
PARAMETRIC_REPRESENTATION_CONTEXT() REPRESENTATION_CONTEXT('2D SPACE',''
  ) );
#2825 = PCURVE('',#2826,#2831);
#2826 = PLANE('',#2827);
#2827 = AXIS2_PLACEMENT_3D('',#2828,#2829,#2830);
#2828 = CARTESIAN_POINT('',(-14.,-51.08871218462,50.556494264505));
#2829 = DIRECTION('',(0.,-0.442676700616,-0.896681291615));
#2830 = DIRECTION('',(0.,-0.896681291615,0.442676700616));
#2831 = DEFINITIONAL_REPRESENTATION('',(#2832),#2836);
#2832 = LINE('',#2833,#2834);
#2833 = CARTESIAN_POINT('',(0.,0.));
#2834 = VECTOR('',#2835,1.);
#2835 = DIRECTION('',(1.,0.));
#2836 = ( GEOMETRIC_REPRESENTATION_CONTEXT(2) 
PARAMETRIC_REPRESENTATION_CONTEXT() REPRESENTATION_CONTEXT('2D SPACE',''
  ) );
#2837 = ORIENTED_EDGE('',*,*,#2838,.T.);
#2838 = EDGE_CURVE('',#2811,#2839,#2841,.T.);
#2839 = VERTEX_POINT('',#2840);
#2840 = CARTESIAN_POINT('',(-14.,-58.77304843487,50.517113710818));
#2841 = SURFACE_CURVE('',#2842,(#2846,#2853),.PCURVE_S1.);
#2842 = LINE('',#2843,#2844);
#2843 = CARTESIAN_POINT('',(-14.,-56.38383211067,53.170607261115));
#2844 = VECTOR('',#2845,1.);
#2845 = DIRECTION('',(0.,-0.669130606359,-0.743144825477));
#2846 = PCURVE('',#126,#2847);
#2847 = DEFINITIONAL_REPRESENTATION('',(#2848),#2852);
#2848 = LINE('',#2849,#2850);
#2849 = CARTESIAN_POINT('',(53.170607261115,56.38383211067));
#2850 = VECTOR('',#2851,1.);
#2851 = DIRECTION('',(-0.743144825477,0.669130606359));
#2852 = ( GEOMETRIC_REPRESENTATION_CONTEXT(2) 
PARAMETRIC_REPRESENTATION_CONTEXT() REPRESENTATION_CONTEXT('2D SPACE',''
  ) );
#2853 = PCURVE('',#2854,#2859);
#2854 = PLANE('',#2855);
#2855 = AXIS2_PLACEMENT_3D('',#2856,#2857,#2858);
#2856 = CARTESIAN_POINT('',(-14.,-56.38383211067,53.170607261115));
#2857 = DIRECTION('',(0.,0.743144825477,-0.669130606359));
#2858 = DIRECTION('',(0.,-0.669130606359,-0.743144825477));
#2859 = DEFINITIONAL_REPRESENTATION('',(#2860),#2864);
#2860 = LINE('',#2861,#2862);
#2861 = CARTESIAN_POINT('',(0.,0.));
#2862 = VECTOR('',#2863,1.);
#2863 = DIRECTION('',(1.,0.));
#2864 = ( GEOMETRIC_REPRESENTATION_CONTEXT(2) 
PARAMETRIC_REPRESENTATION_CONTEXT() REPRESENTATION_CONTEXT('2D SPACE',''
  ) );
#2865 = ORIENTED_EDGE('',*,*,#2866,.T.);
#2866 = EDGE_CURVE('',#2839,#2867,#2869,.T.);
#2867 = VERTEX_POINT('',#2868);
#2868 = CARTESIAN_POINT('',(-14.,-55.61976507409,45.524250220105));
#2869 = SURFACE_CURVE('',#2870,(#2874,#2881),.PCURVE_S1.);
#2870 = LINE('',#2871,#2872);
#2871 = CARTESIAN_POINT('',(-14.,-58.77304843487,50.517113710818));
#2872 = VECTOR('',#2873,1.);
#2873 = DIRECTION('',(0.,0.533980388785,-0.845496862438));
#2874 = PCURVE('',#126,#2875);
#2875 = DEFINITIONAL_REPRESENTATION('',(#2876),#2880);
#2876 = LINE('',#2877,#2878);
#2877 = CARTESIAN_POINT('',(50.517113710818,58.773048434876));
#2878 = VECTOR('',#2879,1.);
#2879 = DIRECTION('',(-0.845496862438,-0.533980388785));
#2880 = ( GEOMETRIC_REPRESENTATION_CONTEXT(2) 
PARAMETRIC_REPRESENTATION_CONTEXT() REPRESENTATION_CONTEXT('2D SPACE',''
  ) );
#2881 = PCURVE('',#2882,#2887);
#2882 = PLANE('',#2883);
#2883 = AXIS2_PLACEMENT_3D('',#2884,#2885,#2886);
#2884 = CARTESIAN_POINT('',(-14.,-58.77304843487,50.517113710818));
#2885 = DIRECTION('',(-0.,0.845496862438,0.533980388785));
#2886 = DIRECTION('',(0.,0.533980388785,-0.845496862438));
#2887 = DEFINITIONAL_REPRESENTATION('',(#2888),#2892);
#2888 = LINE('',#2889,#2890);
#2889 = CARTESIAN_POINT('',(0.,0.));
#2890 = VECTOR('',#2891,1.);
#2891 = DIRECTION('',(1.,0.));
#2892 = ( GEOMETRIC_REPRESENTATION_CONTEXT(2) 
PARAMETRIC_REPRESENTATION_CONTEXT() REPRESENTATION_CONTEXT('2D SPACE',''
  ) );
#2893 = ORIENTED_EDGE('',*,*,#2894,.T.);
#2894 = EDGE_CURVE('',#2867,#2895,#2897,.T.);
#2895 = VERTEX_POINT('',#2896);
#2896 = CARTESIAN_POINT('',(-14.,-56.09343552744,44.939315924129));
#2897 = SURFACE_CURVE('',#2898,(#2902,#2909),.PCURVE_S1.);
#2898 = LINE('',#2899,#2900);
#2899 = CARTESIAN_POINT('',(-14.,-55.61976507409,45.524250220105));
#2900 = VECTOR('',#2901,1.);
#2901 = DIRECTION('',(0.,-0.62932039105,-0.777145961457));
#2902 = PCURVE('',#126,#2903);
#2903 = DEFINITIONAL_REPRESENTATION('',(#2904),#2908);
#2904 = LINE('',#2905,#2906);
#2905 = CARTESIAN_POINT('',(45.524250220105,55.619765074093));
#2906 = VECTOR('',#2907,1.);
#2907 = DIRECTION('',(-0.777145961457,0.62932039105));
#2908 = ( GEOMETRIC_REPRESENTATION_CONTEXT(2) 
PARAMETRIC_REPRESENTATION_CONTEXT() REPRESENTATION_CONTEXT('2D SPACE',''
  ) );
#2909 = PCURVE('',#2910,#2915);
#2910 = PLANE('',#2911);
#2911 = AXIS2_PLACEMENT_3D('',#2912,#2913,#2914);
#2912 = CARTESIAN_POINT('',(-14.,-55.61976507409,45.524250220105));
#2913 = DIRECTION('',(0.,0.777145961457,-0.62932039105));
#2914 = DIRECTION('',(0.,-0.62932039105,-0.777145961457));
#2915 = DEFINITIONAL_REPRESENTATION('',(#2916),#2920);
#2916 = LINE('',#2917,#2918);
#2917 = CARTESIAN_POINT('',(0.,0.));
#2918 = VECTOR('',#2919,1.);
#2919 = DIRECTION('',(1.,0.));
#2920 = ( GEOMETRIC_REPRESENTATION_CONTEXT(2) 
PARAMETRIC_REPRESENTATION_CONTEXT() REPRESENTATION_CONTEXT('2D SPACE',''
  ) );
#2921 = ORIENTED_EDGE('',*,*,#2922,.T.);
#2922 = EDGE_CURVE('',#2895,#2923,#2925,.T.);
#2923 = VERTEX_POINT('',#2924);
#2924 = CARTESIAN_POINT('',(-14.,-61.63279744684,46.985617787536));
#2925 = SURFACE_CURVE('',#2926,(#2930,#2937),.PCURVE_S1.);
#2926 = LINE('',#2927,#2928);
#2927 = CARTESIAN_POINT('',(-14.,-56.09343552744,44.939315924129));
#2928 = VECTOR('',#2929,1.);
#2929 = DIRECTION('',(0.,-0.938041492918,0.346522953878));
#2930 = PCURVE('',#126,#2931);
#2931 = DEFINITIONAL_REPRESENTATION('',(#2932),#2936);
#2932 = LINE('',#2933,#2934);
#2933 = CARTESIAN_POINT('',(44.939315924129,56.093435527442));
#2934 = VECTOR('',#2935,1.);
#2935 = DIRECTION('',(0.346522953878,0.938041492918));
#2936 = ( GEOMETRIC_REPRESENTATION_CONTEXT(2) 
PARAMETRIC_REPRESENTATION_CONTEXT() REPRESENTATION_CONTEXT('2D SPACE',''
  ) );
#2937 = PCURVE('',#2938,#2943);
#2938 = PLANE('',#2939);
#2939 = AXIS2_PLACEMENT_3D('',#2940,#2941,#2942);
#2940 = CARTESIAN_POINT('',(-14.,-56.09343552744,44.939315924129));
#2941 = DIRECTION('',(0.,-0.346522953878,-0.938041492918));
#2942 = DIRECTION('',(0.,-0.938041492918,0.346522953878));
#2943 = DEFINITIONAL_REPRESENTATION('',(#2944),#2948);
#2944 = LINE('',#2945,#2946);
#2945 = CARTESIAN_POINT('',(0.,0.));
#2946 = VECTOR('',#2947,1.);
#2947 = DIRECTION('',(1.,0.));
#2948 = ( GEOMETRIC_REPRESENTATION_CONTEXT(2) 
PARAMETRIC_REPRESENTATION_CONTEXT() REPRESENTATION_CONTEXT('2D SPACE',''
  ) );
#2949 = ORIENTED_EDGE('',*,*,#2950,.T.);
#2950 = EDGE_CURVE('',#2923,#2951,#2953,.T.);
#2951 = VERTEX_POINT('',#2952);
#2952 = CARTESIAN_POINT('',(-14.,-63.73155979093,44.096919241764));
#2953 = SURFACE_CURVE('',#2954,(#2958,#2965),.PCURVE_S1.);
#2954 = LINE('',#2955,#2956);
#2955 = CARTESIAN_POINT('',(-14.,-61.63279744684,46.985617787536));
#2956 = VECTOR('',#2957,1.);
#2957 = DIRECTION('',(0.,-0.587785252292,-0.809016994375));
#2958 = PCURVE('',#126,#2959);
#2959 = DEFINITIONAL_REPRESENTATION('',(#2960),#2964);
#2960 = LINE('',#2961,#2962);
#2961 = CARTESIAN_POINT('',(46.985617787537,61.632797446843));
#2962 = VECTOR('',#2963,1.);
#2963 = DIRECTION('',(-0.809016994375,0.587785252292));
#2964 = ( GEOMETRIC_REPRESENTATION_CONTEXT(2) 
PARAMETRIC_REPRESENTATION_CONTEXT() REPRESENTATION_CONTEXT('2D SPACE',''
  ) );
#2965 = PCURVE('',#2966,#2971);
#2966 = PLANE('',#2967);
#2967 = AXIS2_PLACEMENT_3D('',#2968,#2969,#2970);
#2968 = CARTESIAN_POINT('',(-14.,-61.63279744684,46.985617787536));
#2969 = DIRECTION('',(0.,0.809016994375,-0.587785252292));
#2970 = DIRECTION('',(0.,-0.587785252292,-0.809016994375));
#2971 = DEFINITIONAL_REPRESENTATION('',(#2972),#2976);
#2972 = LINE('',#2973,#2974);
#2973 = CARTESIAN_POINT('',(0.,0.));
#2974 = VECTOR('',#2975,1.);
#2975 = DIRECTION('',(1.,0.));
#2976 = ( GEOMETRIC_REPRESENTATION_CONTEXT(2) 
PARAMETRIC_REPRESENTATION_CONTEXT() REPRESENTATION_CONTEXT('2D SPACE',''
  ) );
#2977 = ORIENTED_EDGE('',*,*,#2978,.T.);
#2978 = EDGE_CURVE('',#2951,#2979,#2981,.T.);
#2979 = VERTEX_POINT('',#2980);
#2980 = CARTESIAN_POINT('',(-14.,-60.07365409834,39.461015043616));
#2981 = SURFACE_CURVE('',#2982,(#2986,#2993),.PCURVE_S1.);
#2982 = LINE('',#2983,#2984);
#2983 = CARTESIAN_POINT('',(-14.,-63.73155979093,44.096919241764));
#2984 = VECTOR('',#2985,1.);
#2985 = DIRECTION('',(0.,0.619433676072,-0.785048992705));
#2986 = PCURVE('',#126,#2987);
#2987 = DEFINITIONAL_REPRESENTATION('',(#2988),#2992);
#2988 = LINE('',#2989,#2990);
#2989 = CARTESIAN_POINT('',(44.096919241765,63.731559790933));
#2990 = VECTOR('',#2991,1.);
#2991 = DIRECTION('',(-0.785048992705,-0.619433676072));
#2992 = ( GEOMETRIC_REPRESENTATION_CONTEXT(2) 
PARAMETRIC_REPRESENTATION_CONTEXT() REPRESENTATION_CONTEXT('2D SPACE',''
  ) );
#2993 = PCURVE('',#2994,#2999);
#2994 = PLANE('',#2995);
#2995 = AXIS2_PLACEMENT_3D('',#2996,#2997,#2998);
#2996 = CARTESIAN_POINT('',(-14.,-63.73155979093,44.096919241764));
#2997 = DIRECTION('',(-0.,0.785048992705,0.619433676072));
#2998 = DIRECTION('',(0.,0.619433676072,-0.785048992705));
#2999 = DEFINITIONAL_REPRESENTATION('',(#3000),#3004);
#3000 = LINE('',#3001,#3002);
#3001 = CARTESIAN_POINT('',(0.,0.));
#3002 = VECTOR('',#3003,1.);
#3003 = DIRECTION('',(1.,0.));
#3004 = ( GEOMETRIC_REPRESENTATION_CONTEXT(2) 
PARAMETRIC_REPRESENTATION_CONTEXT() REPRESENTATION_CONTEXT('2D SPACE',''
  ) );
#3005 = ORIENTED_EDGE('',*,*,#3006,.T.);
#3006 = EDGE_CURVE('',#2979,#3007,#3009,.T.);
#3007 = VERTEX_POINT('',#3008);
#3008 = CARTESIAN_POINT('',(-14.,-60.48358745231,38.829773034331));
#3009 = SURFACE_CURVE('',#3010,(#3014,#3021),.PCURVE_S1.);
#3010 = LINE('',#3011,#3012);
#3011 = CARTESIAN_POINT('',(-14.,-60.07365409834,39.461015043616));
#3012 = VECTOR('',#3013,1.);
#3013 = DIRECTION('',(0.,-0.544639035015,-0.838670567945));
#3014 = PCURVE('',#126,#3015);
#3015 = DEFINITIONAL_REPRESENTATION('',(#3016),#3020);
#3016 = LINE('',#3017,#3018);
#3017 = CARTESIAN_POINT('',(39.461015043616,60.073654098344));
#3018 = VECTOR('',#3019,1.);
#3019 = DIRECTION('',(-0.838670567945,0.544639035015));
#3020 = ( GEOMETRIC_REPRESENTATION_CONTEXT(2) 
PARAMETRIC_REPRESENTATION_CONTEXT() REPRESENTATION_CONTEXT('2D SPACE',''
  ) );
#3021 = PCURVE('',#3022,#3027);
#3022 = PLANE('',#3023);
#3023 = AXIS2_PLACEMENT_3D('',#3024,#3025,#3026);
#3024 = CARTESIAN_POINT('',(-14.,-60.07365409834,39.461015043616));
#3025 = DIRECTION('',(0.,0.838670567945,-0.544639035015));
#3026 = DIRECTION('',(0.,-0.544639035015,-0.838670567945));
#3027 = DEFINITIONAL_REPRESENTATION('',(#3028),#3032);
#3028 = LINE('',#3029,#3030);
#3029 = CARTESIAN_POINT('',(0.,0.));
#3030 = VECTOR('',#3031,1.);
#3031 = DIRECTION('',(1.,0.));
#3032 = ( GEOMETRIC_REPRESENTATION_CONTEXT(2) 
PARAMETRIC_REPRESENTATION_CONTEXT() REPRESENTATION_CONTEXT('2D SPACE',''
  ) );
#3033 = ORIENTED_EDGE('',*,*,#3034,.T.);
#3034 = EDGE_CURVE('',#3007,#3035,#3037,.T.);
#3035 = VERTEX_POINT('',#3036);
#3036 = CARTESIAN_POINT('',(-14.,-66.20650095669,40.285844053105));
#3037 = SURFACE_CURVE('',#3038,(#3042,#3049),.PCURVE_S1.);
#3038 = LINE('',#3039,#3040);
#3039 = CARTESIAN_POINT('',(-14.,-60.48358745231,38.829773034331));
#3040 = VECTOR('',#3041,1.);
#3041 = DIRECTION('',(0.,-0.969124315327,0.246572629144));
#3042 = PCURVE('',#126,#3043);
#3043 = DEFINITIONAL_REPRESENTATION('',(#3044),#3048);
#3044 = LINE('',#3045,#3046);
#3045 = CARTESIAN_POINT('',(38.829773034332,60.483587452319));
#3046 = VECTOR('',#3047,1.);
#3047 = DIRECTION('',(0.246572629144,0.969124315327));
#3048 = ( GEOMETRIC_REPRESENTATION_CONTEXT(2) 
PARAMETRIC_REPRESENTATION_CONTEXT() REPRESENTATION_CONTEXT('2D SPACE',''
  ) );
#3049 = PCURVE('',#3050,#3055);
#3050 = PLANE('',#3051);
#3051 = AXIS2_PLACEMENT_3D('',#3052,#3053,#3054);
#3052 = CARTESIAN_POINT('',(-14.,-60.48358745231,38.829773034331));
#3053 = DIRECTION('',(0.,-0.246572629144,-0.969124315327));
#3054 = DIRECTION('',(0.,-0.969124315327,0.246572629144));
#3055 = DEFINITIONAL_REPRESENTATION('',(#3056),#3060);
#3056 = LINE('',#3057,#3058);
#3057 = CARTESIAN_POINT('',(0.,0.));
#3058 = VECTOR('',#3059,1.);
#3059 = DIRECTION('',(1.,0.));
#3060 = ( GEOMETRIC_REPRESENTATION_CONTEXT(2) 
PARAMETRIC_REPRESENTATION_CONTEXT() REPRESENTATION_CONTEXT('2D SPACE',''
  ) );
#3061 = ORIENTED_EDGE('',*,*,#3062,.T.);
#3062 = EDGE_CURVE('',#3035,#3063,#3065,.T.);
#3063 = VERTEX_POINT('',#3064);
#3064 = CARTESIAN_POINT('',(-14.,-67.99181484123,37.193589697624));
#3065 = SURFACE_CURVE('',#3066,(#3070,#3077),.PCURVE_S1.);
#3066 = LINE('',#3067,#3068);
#3067 = CARTESIAN_POINT('',(-14.,-66.20650095669,40.285844053105));
#3068 = VECTOR('',#3069,1.);
#3069 = DIRECTION('',(0.,-0.5,-0.866025403784));
#3070 = PCURVE('',#126,#3071);
#3071 = DEFINITIONAL_REPRESENTATION('',(#3072),#3076);
#3072 = LINE('',#3073,#3074);
#3073 = CARTESIAN_POINT('',(40.285844053105,66.206500956695));
#3074 = VECTOR('',#3075,1.);
#3075 = DIRECTION('',(-0.866025403784,0.5));
#3076 = ( GEOMETRIC_REPRESENTATION_CONTEXT(2) 
PARAMETRIC_REPRESENTATION_CONTEXT() REPRESENTATION_CONTEXT('2D SPACE',''
  ) );
#3077 = PCURVE('',#3078,#3083);
#3078 = PLANE('',#3079);
#3079 = AXIS2_PLACEMENT_3D('',#3080,#3081,#3082);
#3080 = CARTESIAN_POINT('',(-14.,-66.20650095669,40.285844053105));
#3081 = DIRECTION('',(0.,0.866025403784,-0.5));
#3082 = DIRECTION('',(0.,-0.5,-0.866025403784));
#3083 = DEFINITIONAL_REPRESENTATION('',(#3084),#3088);
#3084 = LINE('',#3085,#3086);
#3085 = CARTESIAN_POINT('',(0.,0.));
#3086 = VECTOR('',#3087,1.);
#3087 = DIRECTION('',(1.,0.));
#3088 = ( GEOMETRIC_REPRESENTATION_CONTEXT(2) 
PARAMETRIC_REPRESENTATION_CONTEXT() REPRESENTATION_CONTEXT('2D SPACE',''
  ) );
#3089 = ORIENTED_EDGE('',*,*,#3090,.T.);
#3090 = EDGE_CURVE('',#3063,#3091,#3093,.T.);
#3091 = VERTEX_POINT('',#3092);
#3092 = CARTESIAN_POINT('',(-14.,-63.86936359707,32.96543672856));
#3093 = SURFACE_CURVE('',#3094,(#3098,#3105),.PCURVE_S1.);
#3094 = LINE('',#3095,#3096);
#3095 = CARTESIAN_POINT('',(-14.,-67.99181484123,37.193589697624));
#3096 = VECTOR('',#3097,1.);
#3097 = DIRECTION('',(0.,0.69810031838,-0.715999961926));
#3098 = PCURVE('',#126,#3099);
#3099 = DEFINITIONAL_REPRESENTATION('',(#3100),#3104);
#3100 = LINE('',#3101,#3102);
#3101 = CARTESIAN_POINT('',(37.193589697625,67.991814841235));
#3102 = VECTOR('',#3103,1.);
#3103 = DIRECTION('',(-0.715999961926,-0.69810031838));
#3104 = ( GEOMETRIC_REPRESENTATION_CONTEXT(2) 
PARAMETRIC_REPRESENTATION_CONTEXT() REPRESENTATION_CONTEXT('2D SPACE',''
  ) );
#3105 = PCURVE('',#3106,#3111);
#3106 = PLANE('',#3107);
#3107 = AXIS2_PLACEMENT_3D('',#3108,#3109,#3110);
#3108 = CARTESIAN_POINT('',(-14.,-67.99181484123,37.193589697624));
#3109 = DIRECTION('',(-0.,0.715999961926,0.69810031838));
#3110 = DIRECTION('',(0.,0.69810031838,-0.715999961926));
#3111 = DEFINITIONAL_REPRESENTATION('',(#3112),#3116);
#3112 = LINE('',#3113,#3114);
#3113 = CARTESIAN_POINT('',(0.,0.));
#3114 = VECTOR('',#3115,1.);
#3115 = DIRECTION('',(1.,0.));
#3116 = ( GEOMETRIC_REPRESENTATION_CONTEXT(2) 
PARAMETRIC_REPRESENTATION_CONTEXT() REPRESENTATION_CONTEXT('2D SPACE',''
  ) );
#3117 = ORIENTED_EDGE('',*,*,#3118,.T.);
#3118 = EDGE_CURVE('',#3091,#3119,#3121,.T.);
#3119 = VERTEX_POINT('',#3120);
#3120 = CARTESIAN_POINT('',(-14.,-64.21106853606,32.294803025518));
#3121 = SURFACE_CURVE('',#3122,(#3126,#3133),.PCURVE_S1.);
#3122 = LINE('',#3123,#3124);
#3123 = CARTESIAN_POINT('',(-14.,-63.86936359707,32.96543672856));
#3124 = VECTOR('',#3125,1.);
#3125 = DIRECTION('',(0.,-0.45399049974,-0.891006524188));
#3126 = PCURVE('',#126,#3127);
#3127 = DEFINITIONAL_REPRESENTATION('',(#3128),#3132);
#3128 = LINE('',#3129,#3130);
#3129 = CARTESIAN_POINT('',(32.96543672856,63.869363597074));
#3130 = VECTOR('',#3131,1.);
#3131 = DIRECTION('',(-0.891006524188,0.45399049974));
#3132 = ( GEOMETRIC_REPRESENTATION_CONTEXT(2) 
PARAMETRIC_REPRESENTATION_CONTEXT() REPRESENTATION_CONTEXT('2D SPACE',''
  ) );
#3133 = PCURVE('',#3134,#3139);
#3134 = PLANE('',#3135);
#3135 = AXIS2_PLACEMENT_3D('',#3136,#3137,#3138);
#3136 = CARTESIAN_POINT('',(-14.,-63.86936359707,32.96543672856));
#3137 = DIRECTION('',(0.,0.891006524188,-0.45399049974));
#3138 = DIRECTION('',(0.,-0.45399049974,-0.891006524188));
#3139 = DEFINITIONAL_REPRESENTATION('',(#3140),#3144);
#3140 = LINE('',#3141,#3142);
#3141 = CARTESIAN_POINT('',(0.,0.));
#3142 = VECTOR('',#3143,1.);
#3143 = DIRECTION('',(1.,0.));
#3144 = ( GEOMETRIC_REPRESENTATION_CONTEXT(2) 
PARAMETRIC_REPRESENTATION_CONTEXT() REPRESENTATION_CONTEXT('2D SPACE',''
  ) );
#3145 = ORIENTED_EDGE('',*,*,#3146,.T.);
#3146 = EDGE_CURVE('',#3119,#3147,#3149,.T.);
#3147 = VERTEX_POINT('',#3148);
#3148 = CARTESIAN_POINT('',(-14.,-70.05483218746,33.144690180873));
#3149 = SURFACE_CURVE('',#3150,(#3154,#3161),.PCURVE_S1.);
#3150 = LINE('',#3151,#3152);
#3151 = CARTESIAN_POINT('',(-14.,-64.21106853606,32.294803025518));
#3152 = VECTOR('',#3153,1.);
#3153 = DIRECTION('',(0.,-0.989589208934,0.143920803085));
#3154 = PCURVE('',#126,#3155);
#3155 = DEFINITIONAL_REPRESENTATION('',(#3156),#3160);
#3156 = LINE('',#3157,#3158);
#3157 = CARTESIAN_POINT('',(32.294803025518,64.211068536063));
#3158 = VECTOR('',#3159,1.);
#3159 = DIRECTION('',(0.143920803085,0.989589208934));
#3160 = ( GEOMETRIC_REPRESENTATION_CONTEXT(2) 
PARAMETRIC_REPRESENTATION_CONTEXT() REPRESENTATION_CONTEXT('2D SPACE',''
  ) );
#3161 = PCURVE('',#3162,#3167);
#3162 = PLANE('',#3163);
#3163 = AXIS2_PLACEMENT_3D('',#3164,#3165,#3166);
#3164 = CARTESIAN_POINT('',(-14.,-64.21106853606,32.294803025518));
#3165 = DIRECTION('',(0.,-0.143920803085,-0.989589208934));
#3166 = DIRECTION('',(0.,-0.989589208934,0.143920803085));
#3167 = DEFINITIONAL_REPRESENTATION('',(#3168),#3172);
#3168 = LINE('',#3169,#3170);
#3169 = CARTESIAN_POINT('',(0.,0.));
#3170 = VECTOR('',#3171,1.);
#3171 = DIRECTION('',(1.,0.));
#3172 = ( GEOMETRIC_REPRESENTATION_CONTEXT(2) 
PARAMETRIC_REPRESENTATION_CONTEXT() REPRESENTATION_CONTEXT('2D SPACE',''
  ) );
#3173 = ORIENTED_EDGE('',*,*,#3174,.T.);
#3174 = EDGE_CURVE('',#3147,#3175,#3177,.T.);
#3175 = VERTEX_POINT('',#3176);
#3176 = CARTESIAN_POINT('',(-14.,-71.50713733993,29.882759401498));
#3177 = SURFACE_CURVE('',#3178,(#3182,#3189),.PCURVE_S1.);
#3178 = LINE('',#3179,#3180);
#3179 = CARTESIAN_POINT('',(-14.,-70.05483218746,33.144690180873));
#3180 = VECTOR('',#3181,1.);
#3181 = DIRECTION('',(0.,-0.406736643076,-0.913545457643));
#3182 = PCURVE('',#126,#3183);
#3183 = DEFINITIONAL_REPRESENTATION('',(#3184),#3188);
#3184 = LINE('',#3185,#3186);
#3185 = CARTESIAN_POINT('',(33.144690180873,70.054832187466));
#3186 = VECTOR('',#3187,1.);
#3187 = DIRECTION('',(-0.913545457643,0.406736643076));
#3188 = ( GEOMETRIC_REPRESENTATION_CONTEXT(2) 
PARAMETRIC_REPRESENTATION_CONTEXT() REPRESENTATION_CONTEXT('2D SPACE',''
  ) );
#3189 = PCURVE('',#3190,#3195);
#3190 = PLANE('',#3191);
#3191 = AXIS2_PLACEMENT_3D('',#3192,#3193,#3194);
#3192 = CARTESIAN_POINT('',(-14.,-70.05483218746,33.144690180873));
#3193 = DIRECTION('',(0.,0.913545457643,-0.406736643076));
#3194 = DIRECTION('',(0.,-0.406736643076,-0.913545457643));
#3195 = DEFINITIONAL_REPRESENTATION('',(#3196),#3200);
#3196 = LINE('',#3197,#3198);
#3197 = CARTESIAN_POINT('',(0.,0.));
#3198 = VECTOR('',#3199,1.);
#3199 = DIRECTION('',(1.,0.));
#3200 = ( GEOMETRIC_REPRESENTATION_CONTEXT(2) 
PARAMETRIC_REPRESENTATION_CONTEXT() REPRESENTATION_CONTEXT('2D SPACE',''
  ) );
#3201 = ORIENTED_EDGE('',*,*,#3202,.T.);
#3202 = EDGE_CURVE('',#3175,#3203,#3205,.T.);
#3203 = VERTEX_POINT('',#3204);
#3204 = CARTESIAN_POINT('',(-14.,-66.96530698271,26.108682190245));
#3205 = SURFACE_CURVE('',#3206,(#3210,#3217),.PCURVE_S1.);
#3206 = LINE('',#3207,#3208);
#3207 = CARTESIAN_POINT('',(-14.,-71.50713733993,29.882759401498));
#3208 = VECTOR('',#3209,1.);
#3209 = DIRECTION('',(0.,0.769118427512,-0.639106285732));
#3210 = PCURVE('',#126,#3211);
#3211 = DEFINITIONAL_REPRESENTATION('',(#3212),#3216);
#3212 = LINE('',#3213,#3214);
#3213 = CARTESIAN_POINT('',(29.882759401498,71.507137339934));
#3214 = VECTOR('',#3215,1.);
#3215 = DIRECTION('',(-0.639106285732,-0.769118427512));
#3216 = ( GEOMETRIC_REPRESENTATION_CONTEXT(2) 
PARAMETRIC_REPRESENTATION_CONTEXT() REPRESENTATION_CONTEXT('2D SPACE',''
  ) );
#3217 = PCURVE('',#3218,#3223);
#3218 = PLANE('',#3219);
#3219 = AXIS2_PLACEMENT_3D('',#3220,#3221,#3222);
#3220 = CARTESIAN_POINT('',(-14.,-71.50713733993,29.882759401498));
#3221 = DIRECTION('',(-0.,0.639106285732,0.769118427512));
#3222 = DIRECTION('',(0.,0.769118427512,-0.639106285732));
#3223 = DEFINITIONAL_REPRESENTATION('',(#3224),#3228);
#3224 = LINE('',#3225,#3226);
#3225 = CARTESIAN_POINT('',(0.,0.));
#3226 = VECTOR('',#3227,1.);
#3227 = DIRECTION('',(1.,0.));
#3228 = ( GEOMETRIC_REPRESENTATION_CONTEXT(2) 
PARAMETRIC_REPRESENTATION_CONTEXT() REPRESENTATION_CONTEXT('2D SPACE',''
  ) );
#3229 = ORIENTED_EDGE('',*,*,#3230,.T.);
#3230 = EDGE_CURVE('',#3203,#3231,#3233,.T.);
#3231 = VERTEX_POINT('',#3232);
#3232 = CARTESIAN_POINT('',(-14.,-67.23503971589,25.406004396634));
#3233 = SURFACE_CURVE('',#3234,(#3238,#3245),.PCURVE_S1.);
#3234 = LINE('',#3235,#3236);
#3235 = CARTESIAN_POINT('',(-14.,-66.96530698271,26.108682190245));
#3236 = VECTOR('',#3237,1.);
#3237 = DIRECTION('',(0.,-0.358367949545,-0.933580426497));
#3238 = PCURVE('',#126,#3239);
#3239 = DEFINITIONAL_REPRESENTATION('',(#3240),#3244);
#3240 = LINE('',#3241,#3242);
#3241 = CARTESIAN_POINT('',(26.108682190245,66.965306982711));
#3242 = VECTOR('',#3243,1.);
#3243 = DIRECTION('',(-0.933580426497,0.358367949545));
#3244 = ( GEOMETRIC_REPRESENTATION_CONTEXT(2) 
PARAMETRIC_REPRESENTATION_CONTEXT() REPRESENTATION_CONTEXT('2D SPACE',''
  ) );
#3245 = PCURVE('',#3246,#3251);
#3246 = PLANE('',#3247);
#3247 = AXIS2_PLACEMENT_3D('',#3248,#3249,#3250);
#3248 = CARTESIAN_POINT('',(-14.,-66.96530698271,26.108682190245));
#3249 = DIRECTION('',(0.,0.933580426497,-0.358367949545));
#3250 = DIRECTION('',(0.,-0.358367949545,-0.933580426497));
#3251 = DEFINITIONAL_REPRESENTATION('',(#3252),#3256);
#3252 = LINE('',#3253,#3254);
#3253 = CARTESIAN_POINT('',(0.,0.));
#3254 = VECTOR('',#3255,1.);
#3255 = DIRECTION('',(1.,0.));
#3256 = ( GEOMETRIC_REPRESENTATION_CONTEXT(2) 
PARAMETRIC_REPRESENTATION_CONTEXT() REPRESENTATION_CONTEXT('2D SPACE',''
  ) );
#3257 = ORIENTED_EDGE('',*,*,#3258,.T.);
#3258 = EDGE_CURVE('',#3231,#3259,#3261,.T.);
#3259 = VERTEX_POINT('',#3260);
#3260 = CARTESIAN_POINT('',(-14.,-73.13562801687,25.640396147047));
#3261 = SURFACE_CURVE('',#3262,(#3266,#3273),.PCURVE_S1.);
#3262 = LINE('',#3263,#3264);
#3263 = CARTESIAN_POINT('',(-14.,-67.23503971589,25.406004396634));
#3264 = VECTOR('',#3265,1.);
#3265 = DIRECTION('',(0.,-0.999211956084,3.969215059132E-02));
#3266 = PCURVE('',#126,#3267);
#3267 = DEFINITIONAL_REPRESENTATION('',(#3268),#3272);
#3268 = LINE('',#3269,#3270);
#3269 = CARTESIAN_POINT('',(25.406004396634,67.235039715897));
#3270 = VECTOR('',#3271,1.);
#3271 = DIRECTION('',(3.969215059132E-02,0.999211956084));
#3272 = ( GEOMETRIC_REPRESENTATION_CONTEXT(2) 
PARAMETRIC_REPRESENTATION_CONTEXT() REPRESENTATION_CONTEXT('2D SPACE',''
  ) );
#3273 = PCURVE('',#3274,#3279);
#3274 = PLANE('',#3275);
#3275 = AXIS2_PLACEMENT_3D('',#3276,#3277,#3278);
#3276 = CARTESIAN_POINT('',(-14.,-67.23503971589,25.406004396634));
#3277 = DIRECTION('',(0.,-3.969215059132E-02,-0.999211956084));
#3278 = DIRECTION('',(0.,-0.999211956084,3.969215059132E-02));
#3279 = DEFINITIONAL_REPRESENTATION('',(#3280),#3284);
#3280 = LINE('',#3281,#3282);
#3281 = CARTESIAN_POINT('',(0.,0.));
#3282 = VECTOR('',#3283,1.);
#3283 = DIRECTION('',(1.,0.));
#3284 = ( GEOMETRIC_REPRESENTATION_CONTEXT(2) 
PARAMETRIC_REPRESENTATION_CONTEXT() REPRESENTATION_CONTEXT('2D SPACE',''
  ) );
#3285 = ORIENTED_EDGE('',*,*,#3286,.T.);
#3286 = EDGE_CURVE('',#3259,#3287,#3289,.T.);
#3287 = VERTEX_POINT('',#3288);
#3288 = CARTESIAN_POINT('',(-14.,-74.2390126781,22.24452734));
#3289 = SURFACE_CURVE('',#3290,(#3294,#3301),.PCURVE_S1.);
#3290 = LINE('',#3291,#3292);
#3291 = CARTESIAN_POINT('',(-14.,-73.13562801687,25.640396147047));
#3292 = VECTOR('',#3293,1.);
#3293 = DIRECTION('',(0.,-0.309016994375,-0.951056516295));
#3294 = PCURVE('',#126,#3295);
#3295 = DEFINITIONAL_REPRESENTATION('',(#3296),#3300);
#3296 = LINE('',#3297,#3298);
#3297 = CARTESIAN_POINT('',(25.640396147047,73.135628016874));
#3298 = VECTOR('',#3299,1.);
#3299 = DIRECTION('',(-0.951056516295,0.309016994375));
#3300 = ( GEOMETRIC_REPRESENTATION_CONTEXT(2) 
PARAMETRIC_REPRESENTATION_CONTEXT() REPRESENTATION_CONTEXT('2D SPACE',''
  ) );
#3301 = PCURVE('',#3302,#3307);
#3302 = PLANE('',#3303);
#3303 = AXIS2_PLACEMENT_3D('',#3304,#3305,#3306);
#3304 = CARTESIAN_POINT('',(-14.,-73.13562801687,25.640396147047));
#3305 = DIRECTION('',(0.,0.951056516295,-0.309016994375));
#3306 = DIRECTION('',(0.,-0.309016994375,-0.951056516295));
#3307 = DEFINITIONAL_REPRESENTATION('',(#3308),#3312);
#3308 = LINE('',#3309,#3310);
#3309 = CARTESIAN_POINT('',(0.,0.));
#3310 = VECTOR('',#3311,1.);
#3311 = DIRECTION('',(1.,0.));
#3312 = ( GEOMETRIC_REPRESENTATION_CONTEXT(2) 
PARAMETRIC_REPRESENTATION_CONTEXT() REPRESENTATION_CONTEXT('2D SPACE',''
  ) );
#3313 = ORIENTED_EDGE('',*,*,#3314,.T.);
#3314 = EDGE_CURVE('',#3287,#3315,#3317,.T.);
#3315 = VERTEX_POINT('',#3316);
#3316 = CARTESIAN_POINT('',(-14.,-69.32756445165,18.965875466261));
#3317 = SURFACE_CURVE('',#3318,(#3322,#3329),.PCURVE_S1.);
#3318 = LINE('',#3319,#3320);
#3319 = CARTESIAN_POINT('',(-14.,-74.2390126781,22.24452734));
#3320 = VECTOR('',#3321,1.);
#3321 = DIRECTION('',(0.,0.831709914204,-0.555210427329));
#3322 = PCURVE('',#126,#3323);
#3323 = DEFINITIONAL_REPRESENTATION('',(#3324),#3328);
#3324 = LINE('',#3325,#3326);
#3325 = CARTESIAN_POINT('',(22.24452734,74.239012678106));
#3326 = VECTOR('',#3327,1.);
#3327 = DIRECTION('',(-0.555210427329,-0.831709914204));
#3328 = ( GEOMETRIC_REPRESENTATION_CONTEXT(2) 
PARAMETRIC_REPRESENTATION_CONTEXT() REPRESENTATION_CONTEXT('2D SPACE',''
  ) );
#3329 = PCURVE('',#3330,#3335);
#3330 = PLANE('',#3331);
#3331 = AXIS2_PLACEMENT_3D('',#3332,#3333,#3334);
#3332 = CARTESIAN_POINT('',(-14.,-74.2390126781,22.24452734));
#3333 = DIRECTION('',(-0.,0.555210427329,0.831709914204));
#3334 = DIRECTION('',(0.,0.831709914204,-0.555210427329));
#3335 = DEFINITIONAL_REPRESENTATION('',(#3336),#3340);
#3336 = LINE('',#3337,#3338);
#3337 = CARTESIAN_POINT('',(0.,0.));
#3338 = VECTOR('',#3339,1.);
#3339 = DIRECTION('',(1.,0.));
#3340 = ( GEOMETRIC_REPRESENTATION_CONTEXT(2) 
PARAMETRIC_REPRESENTATION_CONTEXT() REPRESENTATION_CONTEXT('2D SPACE',''
  ) );
#3341 = ORIENTED_EDGE('',*,*,#3342,.T.);
#3342 = EDGE_CURVE('',#3315,#3343,#3345,.T.);
#3343 = VERTEX_POINT('',#3344);
#3344 = CARTESIAN_POINT('',(-14.,-69.52236973076,18.238852267033));
#3345 = SURFACE_CURVE('',#3346,(#3350,#3357),.PCURVE_S1.);
#3346 = LINE('',#3347,#3348);
#3347 = CARTESIAN_POINT('',(-14.,-69.32756445165,18.965875466261));
#3348 = VECTOR('',#3349,1.);
#3349 = DIRECTION('',(0.,-0.258819045103,-0.965925826289));
#3350 = PCURVE('',#126,#3351);
#3351 = DEFINITIONAL_REPRESENTATION('',(#3352),#3356);
#3352 = LINE('',#3353,#3354);
#3353 = CARTESIAN_POINT('',(18.965875466261,69.327564451654));
#3354 = VECTOR('',#3355,1.);
#3355 = DIRECTION('',(-0.965925826289,0.258819045103));
#3356 = ( GEOMETRIC_REPRESENTATION_CONTEXT(2) 
PARAMETRIC_REPRESENTATION_CONTEXT() REPRESENTATION_CONTEXT('2D SPACE',''
  ) );
#3357 = PCURVE('',#3358,#3363);
#3358 = PLANE('',#3359);
#3359 = AXIS2_PLACEMENT_3D('',#3360,#3361,#3362);
#3360 = CARTESIAN_POINT('',(-14.,-69.32756445165,18.965875466261));
#3361 = DIRECTION('',(0.,0.965925826289,-0.258819045103));
#3362 = DIRECTION('',(0.,-0.258819045103,-0.965925826289));
#3363 = DEFINITIONAL_REPRESENTATION('',(#3364),#3368);
#3364 = LINE('',#3365,#3366);
#3365 = CARTESIAN_POINT('',(0.,0.));
#3366 = VECTOR('',#3367,1.);
#3367 = DIRECTION('',(1.,0.));
#3368 = ( GEOMETRIC_REPRESENTATION_CONTEXT(2) 
PARAMETRIC_REPRESENTATION_CONTEXT() REPRESENTATION_CONTEXT('2D SPACE',''
  ) );
#3369 = ORIENTED_EDGE('',*,*,#3370,.T.);
#3370 = EDGE_CURVE('',#3343,#3371,#3373,.T.);
#3371 = VERTEX_POINT('',#3372);
#3372 = CARTESIAN_POINT('',(-14.,-75.41513460111,17.855180567436));
#3373 = SURFACE_CURVE('',#3374,(#3378,#3385),.PCURVE_S1.);
#3374 = LINE('',#3375,#3376);
#3375 = CARTESIAN_POINT('',(-14.,-69.52236973076,18.238852267033));
#3376 = VECTOR('',#3377,1.);
#3377 = DIRECTION('',(0.,-0.997887127945,-6.497137741081E-02));
#3378 = PCURVE('',#126,#3379);
#3379 = DEFINITIONAL_REPRESENTATION('',(#3380),#3384);
#3380 = LINE('',#3381,#3382);
#3381 = CARTESIAN_POINT('',(18.238852267033,69.522369730766));
#3382 = VECTOR('',#3383,1.);
#3383 = DIRECTION('',(-6.497137741081E-02,0.997887127945));
#3384 = ( GEOMETRIC_REPRESENTATION_CONTEXT(2) 
PARAMETRIC_REPRESENTATION_CONTEXT() REPRESENTATION_CONTEXT('2D SPACE',''
  ) );
#3385 = PCURVE('',#3386,#3391);
#3386 = PLANE('',#3387);
#3387 = AXIS2_PLACEMENT_3D('',#3388,#3389,#3390);
#3388 = CARTESIAN_POINT('',(-14.,-69.52236973076,18.238852267033));
#3389 = DIRECTION('',(0.,6.497137741081E-02,-0.997887127945));
#3390 = DIRECTION('',(0.,-0.997887127945,-6.497137741081E-02));
#3391 = DEFINITIONAL_REPRESENTATION('',(#3392),#3396);
#3392 = LINE('',#3393,#3394);
#3393 = CARTESIAN_POINT('',(0.,0.));
#3394 = VECTOR('',#3395,1.);
#3395 = DIRECTION('',(1.,0.));
#3396 = ( GEOMETRIC_REPRESENTATION_CONTEXT(2) 
PARAMETRIC_REPRESENTATION_CONTEXT() REPRESENTATION_CONTEXT('2D SPACE',''
  ) );
#3397 = ORIENTED_EDGE('',*,*,#3398,.T.);
#3398 = EDGE_CURVE('',#3371,#3399,#3401,.T.);
#3399 = VERTEX_POINT('',#3400);
#3400 = CARTESIAN_POINT('',(-14.,-76.15750985786,14.362579581998));
#3401 = SURFACE_CURVE('',#3402,(#3406,#3413),.PCURVE_S1.);
#3402 = LINE('',#3403,#3404);
#3403 = CARTESIAN_POINT('',(-14.,-75.41513460111,17.855180567436));
#3404 = VECTOR('',#3405,1.);
#3405 = DIRECTION('',(0.,-0.207911690818,-0.978147600734));
#3406 = PCURVE('',#126,#3407);
#3407 = DEFINITIONAL_REPRESENTATION('',(#3408),#3412);
#3408 = LINE('',#3409,#3410);
#3409 = CARTESIAN_POINT('',(17.855180567436,75.415134601115));
#3410 = VECTOR('',#3411,1.);
#3411 = DIRECTION('',(-0.978147600734,0.207911690818));
#3412 = ( GEOMETRIC_REPRESENTATION_CONTEXT(2) 
PARAMETRIC_REPRESENTATION_CONTEXT() REPRESENTATION_CONTEXT('2D SPACE',''
  ) );
#3413 = PCURVE('',#3414,#3419);
#3414 = PLANE('',#3415);
#3415 = AXIS2_PLACEMENT_3D('',#3416,#3417,#3418);
#3416 = CARTESIAN_POINT('',(-14.,-75.41513460111,17.855180567436));
#3417 = DIRECTION('',(0.,0.978147600734,-0.207911690818));
#3418 = DIRECTION('',(0.,-0.207911690818,-0.978147600734));
#3419 = DEFINITIONAL_REPRESENTATION('',(#3420),#3424);
#3420 = LINE('',#3421,#3422);
#3421 = CARTESIAN_POINT('',(0.,0.));
#3422 = VECTOR('',#3423,1.);
#3423 = DIRECTION('',(1.,0.));
#3424 = ( GEOMETRIC_REPRESENTATION_CONTEXT(2) 
PARAMETRIC_REPRESENTATION_CONTEXT() REPRESENTATION_CONTEXT('2D SPACE',''
  ) );
#3425 = ORIENTED_EDGE('',*,*,#3426,.T.);
#3426 = EDGE_CURVE('',#3399,#3427,#3429,.T.);
#3427 = VERTEX_POINT('',#3428);
#3428 = CARTESIAN_POINT('',(-14.,-70.93025461673,11.615274641804));
#3429 = SURFACE_CURVE('',#3430,(#3434,#3441),.PCURVE_S1.);
#3430 = LINE('',#3431,#3432);
#3431 = CARTESIAN_POINT('',(-14.,-76.15750985786,14.362579581998));
#3432 = VECTOR('',#3433,1.);
#3433 = DIRECTION('',(0.,0.88518901303,-0.465231567299));
#3434 = PCURVE('',#126,#3435);
#3435 = DEFINITIONAL_REPRESENTATION('',(#3436),#3440);
#3436 = LINE('',#3437,#3438);
#3437 = CARTESIAN_POINT('',(14.362579581998,76.157509857865));
#3438 = VECTOR('',#3439,1.);
#3439 = DIRECTION('',(-0.465231567299,-0.88518901303));
#3440 = ( GEOMETRIC_REPRESENTATION_CONTEXT(2) 
PARAMETRIC_REPRESENTATION_CONTEXT() REPRESENTATION_CONTEXT('2D SPACE',''
  ) );
#3441 = PCURVE('',#3442,#3447);
#3442 = PLANE('',#3443);
#3443 = AXIS2_PLACEMENT_3D('',#3444,#3445,#3446);
#3444 = CARTESIAN_POINT('',(-14.,-76.15750985786,14.362579581998));
#3445 = DIRECTION('',(-0.,0.465231567299,0.88518901303));
#3446 = DIRECTION('',(0.,0.88518901303,-0.465231567299));
#3447 = DEFINITIONAL_REPRESENTATION('',(#3448),#3452);
#3448 = LINE('',#3449,#3450);
#3449 = CARTESIAN_POINT('',(0.,0.));
#3450 = VECTOR('',#3451,1.);
#3451 = DIRECTION('',(1.,0.));
#3452 = ( GEOMETRIC_REPRESENTATION_CONTEXT(2) 
PARAMETRIC_REPRESENTATION_CONTEXT() REPRESENTATION_CONTEXT('2D SPACE',''
  ) );
#3453 = ORIENTED_EDGE('',*,*,#3454,.T.);
#3454 = EDGE_CURVE('',#3427,#3455,#3457,.T.);
#3455 = VERTEX_POINT('',#3456);
#3456 = CARTESIAN_POINT('',(-14.,-71.04799811437,10.871871455269));
#3457 = SURFACE_CURVE('',#3458,(#3462,#3469),.PCURVE_S1.);
#3458 = LINE('',#3459,#3460);
#3459 = CARTESIAN_POINT('',(-14.,-70.93025461673,11.615274641804));
#3460 = VECTOR('',#3461,1.);
#3461 = DIRECTION('',(0.,-0.15643446504,-0.987688340595));
#3462 = PCURVE('',#126,#3463);
#3463 = DEFINITIONAL_REPRESENTATION('',(#3464),#3468);
#3464 = LINE('',#3465,#3466);
#3465 = CARTESIAN_POINT('',(11.615274641804,70.930254616739));
#3466 = VECTOR('',#3467,1.);
#3467 = DIRECTION('',(-0.987688340595,0.15643446504));
#3468 = ( GEOMETRIC_REPRESENTATION_CONTEXT(2) 
PARAMETRIC_REPRESENTATION_CONTEXT() REPRESENTATION_CONTEXT('2D SPACE',''
  ) );
#3469 = PCURVE('',#3470,#3475);
#3470 = PLANE('',#3471);
#3471 = AXIS2_PLACEMENT_3D('',#3472,#3473,#3474);
#3472 = CARTESIAN_POINT('',(-14.,-70.93025461673,11.615274641804));
#3473 = DIRECTION('',(0.,0.987688340595,-0.15643446504));
#3474 = DIRECTION('',(0.,-0.15643446504,-0.987688340595));
#3475 = DEFINITIONAL_REPRESENTATION('',(#3476),#3480);
#3476 = LINE('',#3477,#3478);
#3477 = CARTESIAN_POINT('',(0.,0.));
#3478 = VECTOR('',#3479,1.);
#3479 = DIRECTION('',(1.,0.));
#3480 = ( GEOMETRIC_REPRESENTATION_CONTEXT(2) 
PARAMETRIC_REPRESENTATION_CONTEXT() REPRESENTATION_CONTEXT('2D SPACE',''
  ) );
#3481 = ORIENTED_EDGE('',*,*,#3482,.T.);
#3482 = EDGE_CURVE('',#3455,#3483,#3485,.T.);
#3483 = VERTEX_POINT('',#3484);
#3484 = CARTESIAN_POINT('',(-14.,-76.86837718903,9.874339893091));
#3485 = SURFACE_CURVE('',#3486,(#3490,#3497),.PCURVE_S1.);
#3486 = LINE('',#3487,#3488);
#3487 = CARTESIAN_POINT('',(-14.,-71.04799811437,10.871871455269));
#3488 = VECTOR('',#3489,1.);
#3489 = DIRECTION('',(0.,-0.98562923961,-0.168923065406));
#3490 = PCURVE('',#126,#3491);
#3491 = DEFINITIONAL_REPRESENTATION('',(#3492),#3496);
#3492 = LINE('',#3493,#3494);
#3493 = CARTESIAN_POINT('',(10.871871455269,71.047998114374));
#3494 = VECTOR('',#3495,1.);
#3495 = DIRECTION('',(-0.168923065406,0.98562923961));
#3496 = ( GEOMETRIC_REPRESENTATION_CONTEXT(2) 
PARAMETRIC_REPRESENTATION_CONTEXT() REPRESENTATION_CONTEXT('2D SPACE',''
  ) );
#3497 = PCURVE('',#3498,#3503);
#3498 = PLANE('',#3499);
#3499 = AXIS2_PLACEMENT_3D('',#3500,#3501,#3502);
#3500 = CARTESIAN_POINT('',(-14.,-71.04799811437,10.871871455269));
#3501 = DIRECTION('',(0.,0.168923065406,-0.98562923961));
#3502 = DIRECTION('',(0.,-0.98562923961,-0.168923065406));
#3503 = DEFINITIONAL_REPRESENTATION('',(#3504),#3508);
#3504 = LINE('',#3505,#3506);
#3505 = CARTESIAN_POINT('',(0.,0.));
#3506 = VECTOR('',#3507,1.);
#3507 = DIRECTION('',(1.,0.));
#3508 = ( GEOMETRIC_REPRESENTATION_CONTEXT(2) 
PARAMETRIC_REPRESENTATION_CONTEXT() REPRESENTATION_CONTEXT('2D SPACE',''
  ) );
#3509 = ORIENTED_EDGE('',*,*,#3510,.T.);
#3510 = EDGE_CURVE('',#3483,#3511,#3513,.T.);
#3511 = VERTEX_POINT('',#3512);
#3512 = CARTESIAN_POINT('',(-14.,-77.24160942263,6.323272396532));
#3513 = SURFACE_CURVE('',#3514,(#3518,#3525),.PCURVE_S1.);
#3514 = LINE('',#3515,#3516);
#3515 = CARTESIAN_POINT('',(-14.,-76.86837718903,9.874339893091));
#3516 = VECTOR('',#3517,1.);
#3517 = DIRECTION('',(0.,-0.104528463268,-0.994521895368));
#3518 = PCURVE('',#126,#3519);
#3519 = DEFINITIONAL_REPRESENTATION('',(#3520),#3524);
#3520 = LINE('',#3521,#3522);
#3521 = CARTESIAN_POINT('',(9.874339893091,76.868377189035));
#3522 = VECTOR('',#3523,1.);
#3523 = DIRECTION('',(-0.994521895368,0.104528463268));
#3524 = ( GEOMETRIC_REPRESENTATION_CONTEXT(2) 
PARAMETRIC_REPRESENTATION_CONTEXT() REPRESENTATION_CONTEXT('2D SPACE',''
  ) );
#3525 = PCURVE('',#3526,#3531);
#3526 = PLANE('',#3527);
#3527 = AXIS2_PLACEMENT_3D('',#3528,#3529,#3530);
#3528 = CARTESIAN_POINT('',(-14.,-76.86837718903,9.874339893091));
#3529 = DIRECTION('',(0.,0.994521895368,-0.104528463268));
#3530 = DIRECTION('',(0.,-0.104528463268,-0.994521895368));
#3531 = DEFINITIONAL_REPRESENTATION('',(#3532),#3536);
#3532 = LINE('',#3533,#3534);
#3533 = CARTESIAN_POINT('',(0.,0.));
#3534 = VECTOR('',#3535,1.);
#3535 = DIRECTION('',(1.,0.));
#3536 = ( GEOMETRIC_REPRESENTATION_CONTEXT(2) 
PARAMETRIC_REPRESENTATION_CONTEXT() REPRESENTATION_CONTEXT('2D SPACE',''
  ) );
#3537 = ORIENTED_EDGE('',*,*,#3538,.T.);
#3538 = EDGE_CURVE('',#3511,#3539,#3541,.T.);
#3539 = VERTEX_POINT('',#3540);
#3540 = CARTESIAN_POINT('',(-14.,-71.75581806913,4.137414437719));
#3541 = SURFACE_CURVE('',#3542,(#3546,#3553),.PCURVE_S1.);
#3542 = LINE('',#3543,#3544);
#3543 = CARTESIAN_POINT('',(-14.,-77.24160942263,6.323272396532));
#3544 = VECTOR('',#3545,1.);
#3545 = DIRECTION('',(0.,0.928969795791,-0.370155532862));
#3546 = PCURVE('',#126,#3547);
#3547 = DEFINITIONAL_REPRESENTATION('',(#3548),#3552);
#3548 = LINE('',#3549,#3550);
#3549 = CARTESIAN_POINT('',(6.323272396532,77.241609422637));
#3550 = VECTOR('',#3551,1.);
#3551 = DIRECTION('',(-0.370155532862,-0.928969795791));
#3552 = ( GEOMETRIC_REPRESENTATION_CONTEXT(2) 
PARAMETRIC_REPRESENTATION_CONTEXT() REPRESENTATION_CONTEXT('2D SPACE',''
  ) );
#3553 = PCURVE('',#3554,#3559);
#3554 = PLANE('',#3555);
#3555 = AXIS2_PLACEMENT_3D('',#3556,#3557,#3558);
#3556 = CARTESIAN_POINT('',(-14.,-77.24160942263,6.323272396532));
#3557 = DIRECTION('',(-0.,0.370155532862,0.928969795791));
#3558 = DIRECTION('',(0.,0.928969795791,-0.370155532862));
#3559 = DEFINITIONAL_REPRESENTATION('',(#3560),#3564);
#3560 = LINE('',#3561,#3562);
#3561 = CARTESIAN_POINT('',(0.,0.));
#3562 = VECTOR('',#3563,1.);
#3563 = DIRECTION('',(1.,0.));
#3564 = ( GEOMETRIC_REPRESENTATION_CONTEXT(2) 
PARAMETRIC_REPRESENTATION_CONTEXT() REPRESENTATION_CONTEXT('2D SPACE',''
  ) );
#3565 = ORIENTED_EDGE('',*,*,#3566,.T.);
#3566 = EDGE_CURVE('',#3539,#3567,#3569,.T.);
#3567 = VERTEX_POINT('',#3568);
#3568 = CARTESIAN_POINT('',(-14.,-71.79520976289,3.385776144756));
#3569 = SURFACE_CURVE('',#3570,(#3574,#3581),.PCURVE_S1.);
#3570 = LINE('',#3571,#3572);
#3571 = CARTESIAN_POINT('',(-14.,-71.75581806913,4.137414437719));
#3572 = VECTOR('',#3573,1.);
#3573 = DIRECTION('',(0.,-5.233595624295E-02,-0.998629534755));
#3574 = PCURVE('',#126,#3575);
#3575 = DEFINITIONAL_REPRESENTATION('',(#3576),#3580);
#3576 = LINE('',#3577,#3578);
#3577 = CARTESIAN_POINT('',(4.137414437719,71.755818069133));
#3578 = VECTOR('',#3579,1.);
#3579 = DIRECTION('',(-0.998629534755,5.233595624295E-02));
#3580 = ( GEOMETRIC_REPRESENTATION_CONTEXT(2) 
PARAMETRIC_REPRESENTATION_CONTEXT() REPRESENTATION_CONTEXT('2D SPACE',''
  ) );
#3581 = PCURVE('',#3582,#3587);
#3582 = PLANE('',#3583);
#3583 = AXIS2_PLACEMENT_3D('',#3584,#3585,#3586);
#3584 = CARTESIAN_POINT('',(-14.,-71.75581806913,4.137414437719));
#3585 = DIRECTION('',(0.,0.998629534755,-5.233595624295E-02));
#3586 = DIRECTION('',(0.,-5.233595624295E-02,-0.998629534755));
#3587 = DEFINITIONAL_REPRESENTATION('',(#3588),#3592);
#3588 = LINE('',#3589,#3590);
#3589 = CARTESIAN_POINT('',(0.,0.));
#3590 = VECTOR('',#3591,1.);
#3591 = DIRECTION('',(1.,0.));
#3592 = ( GEOMETRIC_REPRESENTATION_CONTEXT(2) 
PARAMETRIC_REPRESENTATION_CONTEXT() REPRESENTATION_CONTEXT('2D SPACE',''
  ) );
#3593 = ORIENTED_EDGE('',*,*,#3594,.T.);
#3594 = EDGE_CURVE('',#3567,#3595,#3597,.T.);
#3595 = VERTEX_POINT('',#3596);
#3596 = CARTESIAN_POINT('',(-14.,-77.47943375072,1.785313884539));
#3597 = SURFACE_CURVE('',#3598,(#3602,#3609),.PCURVE_S1.);
#3598 = LINE('',#3599,#3600);
#3599 = CARTESIAN_POINT('',(-14.,-71.79520976289,3.385776144756));
#3600 = VECTOR('',#3601,1.);
#3601 = DIRECTION('',(0.,-0.96257259107,-0.271023996947));
#3602 = PCURVE('',#126,#3603);
#3603 = DEFINITIONAL_REPRESENTATION('',(#3604),#3608);
#3604 = LINE('',#3605,#3606);
#3605 = CARTESIAN_POINT('',(3.385776144756,71.795209762892));
#3606 = VECTOR('',#3607,1.);
#3607 = DIRECTION('',(-0.271023996947,0.96257259107));
#3608 = ( GEOMETRIC_REPRESENTATION_CONTEXT(2) 
PARAMETRIC_REPRESENTATION_CONTEXT() REPRESENTATION_CONTEXT('2D SPACE',''
  ) );
#3609 = PCURVE('',#3610,#3615);
#3610 = PLANE('',#3611);
#3611 = AXIS2_PLACEMENT_3D('',#3612,#3613,#3614);
#3612 = CARTESIAN_POINT('',(-14.,-71.79520976289,3.385776144756));
#3613 = DIRECTION('',(0.,0.271023996947,-0.96257259107));
#3614 = DIRECTION('',(0.,-0.96257259107,-0.271023996947));
#3615 = DEFINITIONAL_REPRESENTATION('',(#3616),#3620);
#3616 = LINE('',#3617,#3618);
#3617 = CARTESIAN_POINT('',(0.,0.));
#3618 = VECTOR('',#3619,1.);
#3619 = DIRECTION('',(1.,0.));
#3620 = ( GEOMETRIC_REPRESENTATION_CONTEXT(2) 
PARAMETRIC_REPRESENTATION_CONTEXT() REPRESENTATION_CONTEXT('2D SPACE',''
  ) );
#3621 = ORIENTED_EDGE('',*,*,#3622,.T.);
#3622 = EDGE_CURVE('',#3595,#3623,#3625,.T.);
#3623 = VERTEX_POINT('',#3624);
#3624 = CARTESIAN_POINT('',(-14.,-77.47943375072,-1.785313884539));
#3625 = SURFACE_CURVE('',#3626,(#3630,#3637),.PCURVE_S1.);
#3626 = LINE('',#3627,#3628);
#3627 = CARTESIAN_POINT('',(-14.,-77.47943375072,1.785313884539));
#3628 = VECTOR('',#3629,1.);
#3629 = DIRECTION('',(0.,0.,-1.));
#3630 = PCURVE('',#126,#3631);
#3631 = DEFINITIONAL_REPRESENTATION('',(#3632),#3636);
#3632 = LINE('',#3633,#3634);
#3633 = CARTESIAN_POINT('',(1.78531388454,77.479433750729));
#3634 = VECTOR('',#3635,1.);
#3635 = DIRECTION('',(-1.,0.));
#3636 = ( GEOMETRIC_REPRESENTATION_CONTEXT(2) 
PARAMETRIC_REPRESENTATION_CONTEXT() REPRESENTATION_CONTEXT('2D SPACE',''
  ) );
#3637 = PCURVE('',#3638,#3643);
#3638 = PLANE('',#3639);
#3639 = AXIS2_PLACEMENT_3D('',#3640,#3641,#3642);
#3640 = CARTESIAN_POINT('',(-14.,-77.47943375072,1.785313884539));
#3641 = DIRECTION('',(-0.,1.,0.));
#3642 = DIRECTION('',(0.,0.,-1.));
#3643 = DEFINITIONAL_REPRESENTATION('',(#3644),#3648);
#3644 = LINE('',#3645,#3646);
#3645 = CARTESIAN_POINT('',(0.,0.));
#3646 = VECTOR('',#3647,1.);
#3647 = DIRECTION('',(1.,0.));
#3648 = ( GEOMETRIC_REPRESENTATION_CONTEXT(2) 
PARAMETRIC_REPRESENTATION_CONTEXT() REPRESENTATION_CONTEXT('2D SPACE',''
  ) );
#3649 = ORIENTED_EDGE('',*,*,#3650,.T.);
#3650 = EDGE_CURVE('',#3623,#3651,#3653,.T.);
#3651 = VERTEX_POINT('',#3652);
#3652 = CARTESIAN_POINT('',(-14.,-71.79520976289,-3.385776144756));
#3653 = SURFACE_CURVE('',#3654,(#3658,#3665),.PCURVE_S1.);
#3654 = LINE('',#3655,#3656);
#3655 = CARTESIAN_POINT('',(-14.,-77.47943375072,-1.785313884539));
#3656 = VECTOR('',#3657,1.);
#3657 = DIRECTION('',(0.,0.96257259107,-0.271023996947));
#3658 = PCURVE('',#126,#3659);
#3659 = DEFINITIONAL_REPRESENTATION('',(#3660),#3664);
#3660 = LINE('',#3661,#3662);
#3661 = CARTESIAN_POINT('',(-1.785313884539,77.479433750729));
#3662 = VECTOR('',#3663,1.);
#3663 = DIRECTION('',(-0.271023996947,-0.96257259107));
#3664 = ( GEOMETRIC_REPRESENTATION_CONTEXT(2) 
PARAMETRIC_REPRESENTATION_CONTEXT() REPRESENTATION_CONTEXT('2D SPACE',''
  ) );
#3665 = PCURVE('',#3666,#3671);
#3666 = PLANE('',#3667);
#3667 = AXIS2_PLACEMENT_3D('',#3668,#3669,#3670);
#3668 = CARTESIAN_POINT('',(-14.,-77.47943375072,-1.785313884539));
#3669 = DIRECTION('',(-0.,0.271023996947,0.96257259107));
#3670 = DIRECTION('',(0.,0.96257259107,-0.271023996947));
#3671 = DEFINITIONAL_REPRESENTATION('',(#3672),#3676);
#3672 = LINE('',#3673,#3674);
#3673 = CARTESIAN_POINT('',(0.,0.));
#3674 = VECTOR('',#3675,1.);
#3675 = DIRECTION('',(1.,0.));
#3676 = ( GEOMETRIC_REPRESENTATION_CONTEXT(2) 
PARAMETRIC_REPRESENTATION_CONTEXT() REPRESENTATION_CONTEXT('2D SPACE',''
  ) );
#3677 = ORIENTED_EDGE('',*,*,#3678,.T.);
#3678 = EDGE_CURVE('',#3651,#3679,#3681,.T.);
#3679 = VERTEX_POINT('',#3680);
#3680 = CARTESIAN_POINT('',(-14.,-71.75581806913,-4.137414437719));
#3681 = SURFACE_CURVE('',#3682,(#3686,#3693),.PCURVE_S1.);
#3682 = LINE('',#3683,#3684);
#3683 = CARTESIAN_POINT('',(-14.,-71.79520976289,-3.385776144756));
#3684 = VECTOR('',#3685,1.);
#3685 = DIRECTION('',(0.,5.233595624293E-02,-0.998629534755));
#3686 = PCURVE('',#126,#3687);
#3687 = DEFINITIONAL_REPRESENTATION('',(#3688),#3692);
#3688 = LINE('',#3689,#3690);
#3689 = CARTESIAN_POINT('',(-3.385776144755,71.795209762892));
#3690 = VECTOR('',#3691,1.);
#3691 = DIRECTION('',(-0.998629534755,-5.233595624293E-02));
#3692 = ( GEOMETRIC_REPRESENTATION_CONTEXT(2) 
PARAMETRIC_REPRESENTATION_CONTEXT() REPRESENTATION_CONTEXT('2D SPACE',''
  ) );
#3693 = PCURVE('',#3694,#3699);
#3694 = PLANE('',#3695);
#3695 = AXIS2_PLACEMENT_3D('',#3696,#3697,#3698);
#3696 = CARTESIAN_POINT('',(-14.,-71.79520976289,-3.385776144756));
#3697 = DIRECTION('',(-0.,0.998629534755,5.233595624293E-02));
#3698 = DIRECTION('',(0.,5.233595624293E-02,-0.998629534755));
#3699 = DEFINITIONAL_REPRESENTATION('',(#3700),#3704);
#3700 = LINE('',#3701,#3702);
#3701 = CARTESIAN_POINT('',(0.,0.));
#3702 = VECTOR('',#3703,1.);
#3703 = DIRECTION('',(1.,0.));
#3704 = ( GEOMETRIC_REPRESENTATION_CONTEXT(2) 
PARAMETRIC_REPRESENTATION_CONTEXT() REPRESENTATION_CONTEXT('2D SPACE',''
  ) );
#3705 = ORIENTED_EDGE('',*,*,#3706,.T.);
#3706 = EDGE_CURVE('',#3679,#3707,#3709,.T.);
#3707 = VERTEX_POINT('',#3708);
#3708 = CARTESIAN_POINT('',(-14.,-77.24160942263,-6.323272396532));
#3709 = SURFACE_CURVE('',#3710,(#3714,#3721),.PCURVE_S1.);
#3710 = LINE('',#3711,#3712);
#3711 = CARTESIAN_POINT('',(-14.,-71.75581806913,-4.137414437719));
#3712 = VECTOR('',#3713,1.);
#3713 = DIRECTION('',(0.,-0.928969795791,-0.370155532862));
#3714 = PCURVE('',#126,#3715);
#3715 = DEFINITIONAL_REPRESENTATION('',(#3716),#3720);
#3716 = LINE('',#3717,#3718);
#3717 = CARTESIAN_POINT('',(-4.137414437719,71.755818069133));
#3718 = VECTOR('',#3719,1.);
#3719 = DIRECTION('',(-0.370155532862,0.928969795791));
#3720 = ( GEOMETRIC_REPRESENTATION_CONTEXT(2) 
PARAMETRIC_REPRESENTATION_CONTEXT() REPRESENTATION_CONTEXT('2D SPACE',''
  ) );
#3721 = PCURVE('',#3722,#3727);
#3722 = PLANE('',#3723);
#3723 = AXIS2_PLACEMENT_3D('',#3724,#3725,#3726);
#3724 = CARTESIAN_POINT('',(-14.,-71.75581806913,-4.137414437719));
#3725 = DIRECTION('',(0.,0.370155532862,-0.928969795791));
#3726 = DIRECTION('',(0.,-0.928969795791,-0.370155532862));
#3727 = DEFINITIONAL_REPRESENTATION('',(#3728),#3732);
#3728 = LINE('',#3729,#3730);
#3729 = CARTESIAN_POINT('',(0.,0.));
#3730 = VECTOR('',#3731,1.);
#3731 = DIRECTION('',(1.,0.));
#3732 = ( GEOMETRIC_REPRESENTATION_CONTEXT(2) 
PARAMETRIC_REPRESENTATION_CONTEXT() REPRESENTATION_CONTEXT('2D SPACE',''
  ) );
#3733 = ORIENTED_EDGE('',*,*,#3734,.T.);
#3734 = EDGE_CURVE('',#3707,#3735,#3737,.T.);
#3735 = VERTEX_POINT('',#3736);
#3736 = CARTESIAN_POINT('',(-14.,-76.86837718903,-9.874339893091));
#3737 = SURFACE_CURVE('',#3738,(#3742,#3749),.PCURVE_S1.);
#3738 = LINE('',#3739,#3740);
#3739 = CARTESIAN_POINT('',(-14.,-77.24160942263,-6.323272396532));
#3740 = VECTOR('',#3741,1.);
#3741 = DIRECTION('',(0.,0.104528463268,-0.994521895368));
#3742 = PCURVE('',#126,#3743);
#3743 = DEFINITIONAL_REPRESENTATION('',(#3744),#3748);
#3744 = LINE('',#3745,#3746);
#3745 = CARTESIAN_POINT('',(-6.323272396532,77.241609422637));
#3746 = VECTOR('',#3747,1.);
#3747 = DIRECTION('',(-0.994521895368,-0.104528463268));
#3748 = ( GEOMETRIC_REPRESENTATION_CONTEXT(2) 
PARAMETRIC_REPRESENTATION_CONTEXT() REPRESENTATION_CONTEXT('2D SPACE',''
  ) );
#3749 = PCURVE('',#3750,#3755);
#3750 = PLANE('',#3751);
#3751 = AXIS2_PLACEMENT_3D('',#3752,#3753,#3754);
#3752 = CARTESIAN_POINT('',(-14.,-77.24160942263,-6.323272396532));
#3753 = DIRECTION('',(-0.,0.994521895368,0.104528463268));
#3754 = DIRECTION('',(0.,0.104528463268,-0.994521895368));
#3755 = DEFINITIONAL_REPRESENTATION('',(#3756),#3760);
#3756 = LINE('',#3757,#3758);
#3757 = CARTESIAN_POINT('',(0.,0.));
#3758 = VECTOR('',#3759,1.);
#3759 = DIRECTION('',(1.,0.));
#3760 = ( GEOMETRIC_REPRESENTATION_CONTEXT(2) 
PARAMETRIC_REPRESENTATION_CONTEXT() REPRESENTATION_CONTEXT('2D SPACE',''
  ) );
#3761 = ORIENTED_EDGE('',*,*,#3762,.T.);
#3762 = EDGE_CURVE('',#3735,#3763,#3765,.T.);
#3763 = VERTEX_POINT('',#3764);
#3764 = CARTESIAN_POINT('',(-14.,-71.04799811437,-10.87187145526));
#3765 = SURFACE_CURVE('',#3766,(#3770,#3777),.PCURVE_S1.);
#3766 = LINE('',#3767,#3768);
#3767 = CARTESIAN_POINT('',(-14.,-76.86837718903,-9.874339893091));
#3768 = VECTOR('',#3769,1.);
#3769 = DIRECTION('',(0.,0.98562923961,-0.168923065406));
#3770 = PCURVE('',#126,#3771);
#3771 = DEFINITIONAL_REPRESENTATION('',(#3772),#3776);
#3772 = LINE('',#3773,#3774);
#3773 = CARTESIAN_POINT('',(-9.874339893091,76.868377189035));
#3774 = VECTOR('',#3775,1.);
#3775 = DIRECTION('',(-0.168923065406,-0.98562923961));
#3776 = ( GEOMETRIC_REPRESENTATION_CONTEXT(2) 
PARAMETRIC_REPRESENTATION_CONTEXT() REPRESENTATION_CONTEXT('2D SPACE',''
  ) );
#3777 = PCURVE('',#3778,#3783);
#3778 = PLANE('',#3779);
#3779 = AXIS2_PLACEMENT_3D('',#3780,#3781,#3782);
#3780 = CARTESIAN_POINT('',(-14.,-76.86837718903,-9.874339893091));
#3781 = DIRECTION('',(-0.,0.168923065406,0.98562923961));
#3782 = DIRECTION('',(0.,0.98562923961,-0.168923065406));
#3783 = DEFINITIONAL_REPRESENTATION('',(#3784),#3788);
#3784 = LINE('',#3785,#3786);
#3785 = CARTESIAN_POINT('',(0.,0.));
#3786 = VECTOR('',#3787,1.);
#3787 = DIRECTION('',(1.,0.));
#3788 = ( GEOMETRIC_REPRESENTATION_CONTEXT(2) 
PARAMETRIC_REPRESENTATION_CONTEXT() REPRESENTATION_CONTEXT('2D SPACE',''
  ) );
#3789 = ORIENTED_EDGE('',*,*,#3790,.T.);
#3790 = EDGE_CURVE('',#3763,#3791,#3793,.T.);
#3791 = VERTEX_POINT('',#3792);
#3792 = CARTESIAN_POINT('',(-14.,-70.93025461673,-11.6152746418));
#3793 = SURFACE_CURVE('',#3794,(#3798,#3805),.PCURVE_S1.);
#3794 = LINE('',#3795,#3796);
#3795 = CARTESIAN_POINT('',(-14.,-71.04799811437,-10.87187145526));
#3796 = VECTOR('',#3797,1.);
#3797 = DIRECTION('',(0.,0.15643446504,-0.987688340595));
#3798 = PCURVE('',#126,#3799);
#3799 = DEFINITIONAL_REPRESENTATION('',(#3800),#3804);
#3800 = LINE('',#3801,#3802);
#3801 = CARTESIAN_POINT('',(-10.87187145526,71.047998114374));
#3802 = VECTOR('',#3803,1.);
#3803 = DIRECTION('',(-0.987688340595,-0.15643446504));
#3804 = ( GEOMETRIC_REPRESENTATION_CONTEXT(2) 
PARAMETRIC_REPRESENTATION_CONTEXT() REPRESENTATION_CONTEXT('2D SPACE',''
  ) );
#3805 = PCURVE('',#3806,#3811);
#3806 = PLANE('',#3807);
#3807 = AXIS2_PLACEMENT_3D('',#3808,#3809,#3810);
#3808 = CARTESIAN_POINT('',(-14.,-71.04799811437,-10.87187145526));
#3809 = DIRECTION('',(-0.,0.987688340595,0.15643446504));
#3810 = DIRECTION('',(0.,0.15643446504,-0.987688340595));
#3811 = DEFINITIONAL_REPRESENTATION('',(#3812),#3816);
#3812 = LINE('',#3813,#3814);
#3813 = CARTESIAN_POINT('',(0.,0.));
#3814 = VECTOR('',#3815,1.);
#3815 = DIRECTION('',(1.,0.));
#3816 = ( GEOMETRIC_REPRESENTATION_CONTEXT(2) 
PARAMETRIC_REPRESENTATION_CONTEXT() REPRESENTATION_CONTEXT('2D SPACE',''
  ) );
#3817 = ORIENTED_EDGE('',*,*,#3818,.T.);
#3818 = EDGE_CURVE('',#3791,#3819,#3821,.T.);
#3819 = VERTEX_POINT('',#3820);
#3820 = CARTESIAN_POINT('',(-14.,-76.15750985786,-14.36257958199));
#3821 = SURFACE_CURVE('',#3822,(#3826,#3833),.PCURVE_S1.);
#3822 = LINE('',#3823,#3824);
#3823 = CARTESIAN_POINT('',(-14.,-70.93025461673,-11.6152746418));
#3824 = VECTOR('',#3825,1.);
#3825 = DIRECTION('',(0.,-0.88518901303,-0.465231567299));
#3826 = PCURVE('',#126,#3827);
#3827 = DEFINITIONAL_REPRESENTATION('',(#3828),#3832);
#3828 = LINE('',#3829,#3830);
#3829 = CARTESIAN_POINT('',(-11.6152746418,70.930254616739));
#3830 = VECTOR('',#3831,1.);
#3831 = DIRECTION('',(-0.465231567299,0.88518901303));
#3832 = ( GEOMETRIC_REPRESENTATION_CONTEXT(2) 
PARAMETRIC_REPRESENTATION_CONTEXT() REPRESENTATION_CONTEXT('2D SPACE',''
  ) );
#3833 = PCURVE('',#3834,#3839);
#3834 = PLANE('',#3835);
#3835 = AXIS2_PLACEMENT_3D('',#3836,#3837,#3838);
#3836 = CARTESIAN_POINT('',(-14.,-70.93025461673,-11.6152746418));
#3837 = DIRECTION('',(0.,0.465231567299,-0.88518901303));
#3838 = DIRECTION('',(0.,-0.88518901303,-0.465231567299));
#3839 = DEFINITIONAL_REPRESENTATION('',(#3840),#3844);
#3840 = LINE('',#3841,#3842);
#3841 = CARTESIAN_POINT('',(0.,0.));
#3842 = VECTOR('',#3843,1.);
#3843 = DIRECTION('',(1.,0.));
#3844 = ( GEOMETRIC_REPRESENTATION_CONTEXT(2) 
PARAMETRIC_REPRESENTATION_CONTEXT() REPRESENTATION_CONTEXT('2D SPACE',''
  ) );
#3845 = ORIENTED_EDGE('',*,*,#3846,.T.);
#3846 = EDGE_CURVE('',#3819,#3847,#3849,.T.);
#3847 = VERTEX_POINT('',#3848);
#3848 = CARTESIAN_POINT('',(-14.,-75.41513460111,-17.85518056743));
#3849 = SURFACE_CURVE('',#3850,(#3854,#3861),.PCURVE_S1.);
#3850 = LINE('',#3851,#3852);
#3851 = CARTESIAN_POINT('',(-14.,-76.15750985786,-14.36257958199));
#3852 = VECTOR('',#3853,1.);
#3853 = DIRECTION('',(0.,0.207911690818,-0.978147600734));
#3854 = PCURVE('',#126,#3855);
#3855 = DEFINITIONAL_REPRESENTATION('',(#3856),#3860);
#3856 = LINE('',#3857,#3858);
#3857 = CARTESIAN_POINT('',(-14.36257958199,76.157509857865));
#3858 = VECTOR('',#3859,1.);
#3859 = DIRECTION('',(-0.978147600734,-0.207911690818));
#3860 = ( GEOMETRIC_REPRESENTATION_CONTEXT(2) 
PARAMETRIC_REPRESENTATION_CONTEXT() REPRESENTATION_CONTEXT('2D SPACE',''
  ) );
#3861 = PCURVE('',#3862,#3867);
#3862 = PLANE('',#3863);
#3863 = AXIS2_PLACEMENT_3D('',#3864,#3865,#3866);
#3864 = CARTESIAN_POINT('',(-14.,-76.15750985786,-14.36257958199));
#3865 = DIRECTION('',(-0.,0.978147600734,0.207911690818));
#3866 = DIRECTION('',(0.,0.207911690818,-0.978147600734));
#3867 = DEFINITIONAL_REPRESENTATION('',(#3868),#3872);
#3868 = LINE('',#3869,#3870);
#3869 = CARTESIAN_POINT('',(0.,0.));
#3870 = VECTOR('',#3871,1.);
#3871 = DIRECTION('',(1.,0.));
#3872 = ( GEOMETRIC_REPRESENTATION_CONTEXT(2) 
PARAMETRIC_REPRESENTATION_CONTEXT() REPRESENTATION_CONTEXT('2D SPACE',''
  ) );
#3873 = ORIENTED_EDGE('',*,*,#3874,.T.);
#3874 = EDGE_CURVE('',#3847,#3875,#3877,.T.);
#3875 = VERTEX_POINT('',#3876);
#3876 = CARTESIAN_POINT('',(-14.,-69.52236973076,-18.23885226703));
#3877 = SURFACE_CURVE('',#3878,(#3882,#3889),.PCURVE_S1.);
#3878 = LINE('',#3879,#3880);
#3879 = CARTESIAN_POINT('',(-14.,-75.41513460111,-17.85518056743));
#3880 = VECTOR('',#3881,1.);
#3881 = DIRECTION('',(0.,0.997887127945,-6.497137741081E-02));
#3882 = PCURVE('',#126,#3883);
#3883 = DEFINITIONAL_REPRESENTATION('',(#3884),#3888);
#3884 = LINE('',#3885,#3886);
#3885 = CARTESIAN_POINT('',(-17.85518056743,75.415134601115));
#3886 = VECTOR('',#3887,1.);
#3887 = DIRECTION('',(-6.497137741081E-02,-0.997887127945));
#3888 = ( GEOMETRIC_REPRESENTATION_CONTEXT(2) 
PARAMETRIC_REPRESENTATION_CONTEXT() REPRESENTATION_CONTEXT('2D SPACE',''
  ) );
#3889 = PCURVE('',#3890,#3895);
#3890 = PLANE('',#3891);
#3891 = AXIS2_PLACEMENT_3D('',#3892,#3893,#3894);
#3892 = CARTESIAN_POINT('',(-14.,-75.41513460111,-17.85518056743));
#3893 = DIRECTION('',(-0.,6.497137741081E-02,0.997887127945));
#3894 = DIRECTION('',(0.,0.997887127945,-6.497137741081E-02));
#3895 = DEFINITIONAL_REPRESENTATION('',(#3896),#3900);
#3896 = LINE('',#3897,#3898);
#3897 = CARTESIAN_POINT('',(0.,0.));
#3898 = VECTOR('',#3899,1.);
#3899 = DIRECTION('',(1.,0.));
#3900 = ( GEOMETRIC_REPRESENTATION_CONTEXT(2) 
PARAMETRIC_REPRESENTATION_CONTEXT() REPRESENTATION_CONTEXT('2D SPACE',''
  ) );
#3901 = ORIENTED_EDGE('',*,*,#3902,.T.);
#3902 = EDGE_CURVE('',#3875,#3903,#3905,.T.);
#3903 = VERTEX_POINT('',#3904);
#3904 = CARTESIAN_POINT('',(-14.,-69.32756445165,-18.96587546626));
#3905 = SURFACE_CURVE('',#3906,(#3910,#3917),.PCURVE_S1.);
#3906 = LINE('',#3907,#3908);
#3907 = CARTESIAN_POINT('',(-14.,-69.52236973076,-18.23885226703));
#3908 = VECTOR('',#3909,1.);
#3909 = DIRECTION('',(0.,0.258819045103,-0.965925826289));
#3910 = PCURVE('',#126,#3911);
#3911 = DEFINITIONAL_REPRESENTATION('',(#3912),#3916);
#3912 = LINE('',#3913,#3914);
#3913 = CARTESIAN_POINT('',(-18.23885226703,69.522369730766));
#3914 = VECTOR('',#3915,1.);
#3915 = DIRECTION('',(-0.965925826289,-0.258819045103));
#3916 = ( GEOMETRIC_REPRESENTATION_CONTEXT(2) 
PARAMETRIC_REPRESENTATION_CONTEXT() REPRESENTATION_CONTEXT('2D SPACE',''
  ) );
#3917 = PCURVE('',#3918,#3923);
#3918 = PLANE('',#3919);
#3919 = AXIS2_PLACEMENT_3D('',#3920,#3921,#3922);
#3920 = CARTESIAN_POINT('',(-14.,-69.52236973076,-18.23885226703));
#3921 = DIRECTION('',(-0.,0.965925826289,0.258819045103));
#3922 = DIRECTION('',(0.,0.258819045103,-0.965925826289));
#3923 = DEFINITIONAL_REPRESENTATION('',(#3924),#3928);
#3924 = LINE('',#3925,#3926);
#3925 = CARTESIAN_POINT('',(0.,0.));
#3926 = VECTOR('',#3927,1.);
#3927 = DIRECTION('',(1.,0.));
#3928 = ( GEOMETRIC_REPRESENTATION_CONTEXT(2) 
PARAMETRIC_REPRESENTATION_CONTEXT() REPRESENTATION_CONTEXT('2D SPACE',''
  ) );
#3929 = ORIENTED_EDGE('',*,*,#3930,.T.);
#3930 = EDGE_CURVE('',#3903,#3931,#3933,.T.);
#3931 = VERTEX_POINT('',#3932);
#3932 = CARTESIAN_POINT('',(-14.,-74.2390126781,-22.24452734));
#3933 = SURFACE_CURVE('',#3934,(#3938,#3945),.PCURVE_S1.);
#3934 = LINE('',#3935,#3936);
#3935 = CARTESIAN_POINT('',(-14.,-69.32756445165,-18.96587546626));
#3936 = VECTOR('',#3937,1.);
#3937 = DIRECTION('',(0.,-0.831709914204,-0.555210427329));
#3938 = PCURVE('',#126,#3939);
#3939 = DEFINITIONAL_REPRESENTATION('',(#3940),#3944);
#3940 = LINE('',#3941,#3942);
#3941 = CARTESIAN_POINT('',(-18.96587546626,69.327564451654));
#3942 = VECTOR('',#3943,1.);
#3943 = DIRECTION('',(-0.555210427329,0.831709914204));
#3944 = ( GEOMETRIC_REPRESENTATION_CONTEXT(2) 
PARAMETRIC_REPRESENTATION_CONTEXT() REPRESENTATION_CONTEXT('2D SPACE',''
  ) );
#3945 = PCURVE('',#3946,#3951);
#3946 = PLANE('',#3947);
#3947 = AXIS2_PLACEMENT_3D('',#3948,#3949,#3950);
#3948 = CARTESIAN_POINT('',(-14.,-69.32756445165,-18.96587546626));
#3949 = DIRECTION('',(0.,0.555210427329,-0.831709914204));
#3950 = DIRECTION('',(0.,-0.831709914204,-0.555210427329));
#3951 = DEFINITIONAL_REPRESENTATION('',(#3952),#3956);
#3952 = LINE('',#3953,#3954);
#3953 = CARTESIAN_POINT('',(0.,0.));
#3954 = VECTOR('',#3955,1.);
#3955 = DIRECTION('',(1.,0.));
#3956 = ( GEOMETRIC_REPRESENTATION_CONTEXT(2) 
PARAMETRIC_REPRESENTATION_CONTEXT() REPRESENTATION_CONTEXT('2D SPACE',''
  ) );
#3957 = ORIENTED_EDGE('',*,*,#3958,.T.);
#3958 = EDGE_CURVE('',#3931,#3959,#3961,.T.);
#3959 = VERTEX_POINT('',#3960);
#3960 = CARTESIAN_POINT('',(-14.,-73.13562801687,-25.64039614704));
#3961 = SURFACE_CURVE('',#3962,(#3966,#3973),.PCURVE_S1.);
#3962 = LINE('',#3963,#3964);
#3963 = CARTESIAN_POINT('',(-14.,-74.2390126781,-22.24452734));
#3964 = VECTOR('',#3965,1.);
#3965 = DIRECTION('',(0.,0.309016994375,-0.951056516295));
#3966 = PCURVE('',#126,#3967);
#3967 = DEFINITIONAL_REPRESENTATION('',(#3968),#3972);
#3968 = LINE('',#3969,#3970);
#3969 = CARTESIAN_POINT('',(-22.24452734,74.239012678106));
#3970 = VECTOR('',#3971,1.);
#3971 = DIRECTION('',(-0.951056516295,-0.309016994375));
#3972 = ( GEOMETRIC_REPRESENTATION_CONTEXT(2) 
PARAMETRIC_REPRESENTATION_CONTEXT() REPRESENTATION_CONTEXT('2D SPACE',''
  ) );
#3973 = PCURVE('',#3974,#3979);
#3974 = PLANE('',#3975);
#3975 = AXIS2_PLACEMENT_3D('',#3976,#3977,#3978);
#3976 = CARTESIAN_POINT('',(-14.,-74.2390126781,-22.24452734));
#3977 = DIRECTION('',(-0.,0.951056516295,0.309016994375));
#3978 = DIRECTION('',(0.,0.309016994375,-0.951056516295));
#3979 = DEFINITIONAL_REPRESENTATION('',(#3980),#3984);
#3980 = LINE('',#3981,#3982);
#3981 = CARTESIAN_POINT('',(0.,0.));
#3982 = VECTOR('',#3983,1.);
#3983 = DIRECTION('',(1.,0.));
#3984 = ( GEOMETRIC_REPRESENTATION_CONTEXT(2) 
PARAMETRIC_REPRESENTATION_CONTEXT() REPRESENTATION_CONTEXT('2D SPACE',''
  ) );
#3985 = ORIENTED_EDGE('',*,*,#3986,.T.);
#3986 = EDGE_CURVE('',#3959,#3987,#3989,.T.);
#3987 = VERTEX_POINT('',#3988);
#3988 = CARTESIAN_POINT('',(-14.,-67.23503971589,-25.40600439663));
#3989 = SURFACE_CURVE('',#3990,(#3994,#4001),.PCURVE_S1.);
#3990 = LINE('',#3991,#3992);
#3991 = CARTESIAN_POINT('',(-14.,-73.13562801687,-25.64039614704));
#3992 = VECTOR('',#3993,1.);
#3993 = DIRECTION('',(0.,0.999211956084,3.969215059133E-02));
#3994 = PCURVE('',#126,#3995);
#3995 = DEFINITIONAL_REPRESENTATION('',(#3996),#4000);
#3996 = LINE('',#3997,#3998);
#3997 = CARTESIAN_POINT('',(-25.64039614704,73.135628016874));
#3998 = VECTOR('',#3999,1.);
#3999 = DIRECTION('',(3.969215059133E-02,-0.999211956084));
#4000 = ( GEOMETRIC_REPRESENTATION_CONTEXT(2) 
PARAMETRIC_REPRESENTATION_CONTEXT() REPRESENTATION_CONTEXT('2D SPACE',''
  ) );
#4001 = PCURVE('',#4002,#4007);
#4002 = PLANE('',#4003);
#4003 = AXIS2_PLACEMENT_3D('',#4004,#4005,#4006);
#4004 = CARTESIAN_POINT('',(-14.,-73.13562801687,-25.64039614704));
#4005 = DIRECTION('',(0.,-3.969215059133E-02,0.999211956084));
#4006 = DIRECTION('',(0.,0.999211956084,3.969215059133E-02));
#4007 = DEFINITIONAL_REPRESENTATION('',(#4008),#4012);
#4008 = LINE('',#4009,#4010);
#4009 = CARTESIAN_POINT('',(0.,0.));
#4010 = VECTOR('',#4011,1.);
#4011 = DIRECTION('',(1.,0.));
#4012 = ( GEOMETRIC_REPRESENTATION_CONTEXT(2) 
PARAMETRIC_REPRESENTATION_CONTEXT() REPRESENTATION_CONTEXT('2D SPACE',''
  ) );
#4013 = ORIENTED_EDGE('',*,*,#4014,.T.);
#4014 = EDGE_CURVE('',#3987,#4015,#4017,.T.);
#4015 = VERTEX_POINT('',#4016);
#4016 = CARTESIAN_POINT('',(-14.,-66.96530698271,-26.10868219024));
#4017 = SURFACE_CURVE('',#4018,(#4022,#4029),.PCURVE_S1.);
#4018 = LINE('',#4019,#4020);
#4019 = CARTESIAN_POINT('',(-14.,-67.23503971589,-25.40600439663));
#4020 = VECTOR('',#4021,1.);
#4021 = DIRECTION('',(0.,0.358367949545,-0.933580426497));
#4022 = PCURVE('',#126,#4023);
#4023 = DEFINITIONAL_REPRESENTATION('',(#4024),#4028);
#4024 = LINE('',#4025,#4026);
#4025 = CARTESIAN_POINT('',(-25.40600439663,67.235039715897));
#4026 = VECTOR('',#4027,1.);
#4027 = DIRECTION('',(-0.933580426497,-0.358367949545));
#4028 = ( GEOMETRIC_REPRESENTATION_CONTEXT(2) 
PARAMETRIC_REPRESENTATION_CONTEXT() REPRESENTATION_CONTEXT('2D SPACE',''
  ) );
#4029 = PCURVE('',#4030,#4035);
#4030 = PLANE('',#4031);
#4031 = AXIS2_PLACEMENT_3D('',#4032,#4033,#4034);
#4032 = CARTESIAN_POINT('',(-14.,-67.23503971589,-25.40600439663));
#4033 = DIRECTION('',(-0.,0.933580426497,0.358367949545));
#4034 = DIRECTION('',(0.,0.358367949545,-0.933580426497));
#4035 = DEFINITIONAL_REPRESENTATION('',(#4036),#4040);
#4036 = LINE('',#4037,#4038);
#4037 = CARTESIAN_POINT('',(0.,0.));
#4038 = VECTOR('',#4039,1.);
#4039 = DIRECTION('',(1.,0.));
#4040 = ( GEOMETRIC_REPRESENTATION_CONTEXT(2) 
PARAMETRIC_REPRESENTATION_CONTEXT() REPRESENTATION_CONTEXT('2D SPACE',''
  ) );
#4041 = ORIENTED_EDGE('',*,*,#4042,.T.);
#4042 = EDGE_CURVE('',#4015,#4043,#4045,.T.);
#4043 = VERTEX_POINT('',#4044);
#4044 = CARTESIAN_POINT('',(-14.,-71.50713733993,-29.88275940149));
#4045 = SURFACE_CURVE('',#4046,(#4050,#4057),.PCURVE_S1.);
#4046 = LINE('',#4047,#4048);
#4047 = CARTESIAN_POINT('',(-14.,-66.96530698271,-26.10868219024));
#4048 = VECTOR('',#4049,1.);
#4049 = DIRECTION('',(0.,-0.769118427512,-0.639106285732));
#4050 = PCURVE('',#126,#4051);
#4051 = DEFINITIONAL_REPRESENTATION('',(#4052),#4056);
#4052 = LINE('',#4053,#4054);
#4053 = CARTESIAN_POINT('',(-26.10868219024,66.965306982711));
#4054 = VECTOR('',#4055,1.);
#4055 = DIRECTION('',(-0.639106285732,0.769118427512));
#4056 = ( GEOMETRIC_REPRESENTATION_CONTEXT(2) 
PARAMETRIC_REPRESENTATION_CONTEXT() REPRESENTATION_CONTEXT('2D SPACE',''
  ) );
#4057 = PCURVE('',#4058,#4063);
#4058 = PLANE('',#4059);
#4059 = AXIS2_PLACEMENT_3D('',#4060,#4061,#4062);
#4060 = CARTESIAN_POINT('',(-14.,-66.96530698271,-26.10868219024));
#4061 = DIRECTION('',(0.,0.639106285732,-0.769118427512));
#4062 = DIRECTION('',(0.,-0.769118427512,-0.639106285732));
#4063 = DEFINITIONAL_REPRESENTATION('',(#4064),#4068);
#4064 = LINE('',#4065,#4066);
#4065 = CARTESIAN_POINT('',(0.,0.));
#4066 = VECTOR('',#4067,1.);
#4067 = DIRECTION('',(1.,0.));
#4068 = ( GEOMETRIC_REPRESENTATION_CONTEXT(2) 
PARAMETRIC_REPRESENTATION_CONTEXT() REPRESENTATION_CONTEXT('2D SPACE',''
  ) );
#4069 = ORIENTED_EDGE('',*,*,#4070,.T.);
#4070 = EDGE_CURVE('',#4043,#4071,#4073,.T.);
#4071 = VERTEX_POINT('',#4072);
#4072 = CARTESIAN_POINT('',(-14.,-70.05483218746,-33.14469018087));
#4073 = SURFACE_CURVE('',#4074,(#4078,#4085),.PCURVE_S1.);
#4074 = LINE('',#4075,#4076);
#4075 = CARTESIAN_POINT('',(-14.,-71.50713733993,-29.88275940149));
#4076 = VECTOR('',#4077,1.);
#4077 = DIRECTION('',(0.,0.406736643076,-0.913545457643));
#4078 = PCURVE('',#126,#4079);
#4079 = DEFINITIONAL_REPRESENTATION('',(#4080),#4084);
#4080 = LINE('',#4081,#4082);
#4081 = CARTESIAN_POINT('',(-29.88275940149,71.507137339934));
#4082 = VECTOR('',#4083,1.);
#4083 = DIRECTION('',(-0.913545457643,-0.406736643076));
#4084 = ( GEOMETRIC_REPRESENTATION_CONTEXT(2) 
PARAMETRIC_REPRESENTATION_CONTEXT() REPRESENTATION_CONTEXT('2D SPACE',''
  ) );
#4085 = PCURVE('',#4086,#4091);
#4086 = PLANE('',#4087);
#4087 = AXIS2_PLACEMENT_3D('',#4088,#4089,#4090);
#4088 = CARTESIAN_POINT('',(-14.,-71.50713733993,-29.88275940149));
#4089 = DIRECTION('',(-0.,0.913545457643,0.406736643076));
#4090 = DIRECTION('',(0.,0.406736643076,-0.913545457643));
#4091 = DEFINITIONAL_REPRESENTATION('',(#4092),#4096);
#4092 = LINE('',#4093,#4094);
#4093 = CARTESIAN_POINT('',(0.,0.));
#4094 = VECTOR('',#4095,1.);
#4095 = DIRECTION('',(1.,0.));
#4096 = ( GEOMETRIC_REPRESENTATION_CONTEXT(2) 
PARAMETRIC_REPRESENTATION_CONTEXT() REPRESENTATION_CONTEXT('2D SPACE',''
  ) );
#4097 = ORIENTED_EDGE('',*,*,#4098,.T.);
#4098 = EDGE_CURVE('',#4071,#4099,#4101,.T.);
#4099 = VERTEX_POINT('',#4100);
#4100 = CARTESIAN_POINT('',(-14.,-64.21106853606,-32.29480302551));
#4101 = SURFACE_CURVE('',#4102,(#4106,#4113),.PCURVE_S1.);
#4102 = LINE('',#4103,#4104);
#4103 = CARTESIAN_POINT('',(-14.,-70.05483218746,-33.14469018087));
#4104 = VECTOR('',#4105,1.);
#4105 = DIRECTION('',(0.,0.989589208934,0.143920803085));
#4106 = PCURVE('',#126,#4107);
#4107 = DEFINITIONAL_REPRESENTATION('',(#4108),#4112);
#4108 = LINE('',#4109,#4110);
#4109 = CARTESIAN_POINT('',(-33.14469018087,70.054832187466));
#4110 = VECTOR('',#4111,1.);
#4111 = DIRECTION('',(0.143920803085,-0.989589208934));
#4112 = ( GEOMETRIC_REPRESENTATION_CONTEXT(2) 
PARAMETRIC_REPRESENTATION_CONTEXT() REPRESENTATION_CONTEXT('2D SPACE',''
  ) );
#4113 = PCURVE('',#4114,#4119);
#4114 = PLANE('',#4115);
#4115 = AXIS2_PLACEMENT_3D('',#4116,#4117,#4118);
#4116 = CARTESIAN_POINT('',(-14.,-70.05483218746,-33.14469018087));
#4117 = DIRECTION('',(0.,-0.143920803085,0.989589208934));
#4118 = DIRECTION('',(0.,0.989589208934,0.143920803085));
#4119 = DEFINITIONAL_REPRESENTATION('',(#4120),#4124);
#4120 = LINE('',#4121,#4122);
#4121 = CARTESIAN_POINT('',(0.,0.));
#4122 = VECTOR('',#4123,1.);
#4123 = DIRECTION('',(1.,0.));
#4124 = ( GEOMETRIC_REPRESENTATION_CONTEXT(2) 
PARAMETRIC_REPRESENTATION_CONTEXT() REPRESENTATION_CONTEXT('2D SPACE',''
  ) );
#4125 = ORIENTED_EDGE('',*,*,#4126,.T.);
#4126 = EDGE_CURVE('',#4099,#4127,#4129,.T.);
#4127 = VERTEX_POINT('',#4128);
#4128 = CARTESIAN_POINT('',(-14.,-63.86936359707,-32.96543672856));
#4129 = SURFACE_CURVE('',#4130,(#4134,#4141),.PCURVE_S1.);
#4130 = LINE('',#4131,#4132);
#4131 = CARTESIAN_POINT('',(-14.,-64.21106853606,-32.29480302551));
#4132 = VECTOR('',#4133,1.);
#4133 = DIRECTION('',(0.,0.45399049974,-0.891006524188));
#4134 = PCURVE('',#126,#4135);
#4135 = DEFINITIONAL_REPRESENTATION('',(#4136),#4140);
#4136 = LINE('',#4137,#4138);
#4137 = CARTESIAN_POINT('',(-32.29480302551,64.211068536063));
#4138 = VECTOR('',#4139,1.);
#4139 = DIRECTION('',(-0.891006524188,-0.45399049974));
#4140 = ( GEOMETRIC_REPRESENTATION_CONTEXT(2) 
PARAMETRIC_REPRESENTATION_CONTEXT() REPRESENTATION_CONTEXT('2D SPACE',''
  ) );
#4141 = PCURVE('',#4142,#4147);
#4142 = PLANE('',#4143);
#4143 = AXIS2_PLACEMENT_3D('',#4144,#4145,#4146);
#4144 = CARTESIAN_POINT('',(-14.,-64.21106853606,-32.29480302551));
#4145 = DIRECTION('',(-0.,0.891006524188,0.45399049974));
#4146 = DIRECTION('',(0.,0.45399049974,-0.891006524188));
#4147 = DEFINITIONAL_REPRESENTATION('',(#4148),#4152);
#4148 = LINE('',#4149,#4150);
#4149 = CARTESIAN_POINT('',(0.,0.));
#4150 = VECTOR('',#4151,1.);
#4151 = DIRECTION('',(1.,0.));
#4152 = ( GEOMETRIC_REPRESENTATION_CONTEXT(2) 
PARAMETRIC_REPRESENTATION_CONTEXT() REPRESENTATION_CONTEXT('2D SPACE',''
  ) );
#4153 = ORIENTED_EDGE('',*,*,#4154,.T.);
#4154 = EDGE_CURVE('',#4127,#4155,#4157,.T.);
#4155 = VERTEX_POINT('',#4156);
#4156 = CARTESIAN_POINT('',(-14.,-67.99181484123,-37.19358969762));
#4157 = SURFACE_CURVE('',#4158,(#4162,#4169),.PCURVE_S1.);
#4158 = LINE('',#4159,#4160);
#4159 = CARTESIAN_POINT('',(-14.,-63.86936359707,-32.96543672856));
#4160 = VECTOR('',#4161,1.);
#4161 = DIRECTION('',(0.,-0.69810031838,-0.715999961926));
#4162 = PCURVE('',#126,#4163);
#4163 = DEFINITIONAL_REPRESENTATION('',(#4164),#4168);
#4164 = LINE('',#4165,#4166);
#4165 = CARTESIAN_POINT('',(-32.96543672856,63.869363597075));
#4166 = VECTOR('',#4167,1.);
#4167 = DIRECTION('',(-0.715999961926,0.69810031838));
#4168 = ( GEOMETRIC_REPRESENTATION_CONTEXT(2) 
PARAMETRIC_REPRESENTATION_CONTEXT() REPRESENTATION_CONTEXT('2D SPACE',''
  ) );
#4169 = PCURVE('',#4170,#4175);
#4170 = PLANE('',#4171);
#4171 = AXIS2_PLACEMENT_3D('',#4172,#4173,#4174);
#4172 = CARTESIAN_POINT('',(-14.,-63.86936359707,-32.96543672856));
#4173 = DIRECTION('',(0.,0.715999961926,-0.69810031838));
#4174 = DIRECTION('',(0.,-0.69810031838,-0.715999961926));
#4175 = DEFINITIONAL_REPRESENTATION('',(#4176),#4180);
#4176 = LINE('',#4177,#4178);
#4177 = CARTESIAN_POINT('',(0.,0.));
#4178 = VECTOR('',#4179,1.);
#4179 = DIRECTION('',(1.,0.));
#4180 = ( GEOMETRIC_REPRESENTATION_CONTEXT(2) 
PARAMETRIC_REPRESENTATION_CONTEXT() REPRESENTATION_CONTEXT('2D SPACE',''
  ) );
#4181 = ORIENTED_EDGE('',*,*,#4182,.T.);
#4182 = EDGE_CURVE('',#4155,#4183,#4185,.T.);
#4183 = VERTEX_POINT('',#4184);
#4184 = CARTESIAN_POINT('',(-14.,-66.20650095669,-40.2858440531));
#4185 = SURFACE_CURVE('',#4186,(#4190,#4197),.PCURVE_S1.);
#4186 = LINE('',#4187,#4188);
#4187 = CARTESIAN_POINT('',(-14.,-67.99181484123,-37.19358969762));
#4188 = VECTOR('',#4189,1.);
#4189 = DIRECTION('',(0.,0.5,-0.866025403784));
#4190 = PCURVE('',#126,#4191);
#4191 = DEFINITIONAL_REPRESENTATION('',(#4192),#4196);
#4192 = LINE('',#4193,#4194);
#4193 = CARTESIAN_POINT('',(-37.19358969762,67.991814841235));
#4194 = VECTOR('',#4195,1.);
#4195 = DIRECTION('',(-0.866025403784,-0.5));
#4196 = ( GEOMETRIC_REPRESENTATION_CONTEXT(2) 
PARAMETRIC_REPRESENTATION_CONTEXT() REPRESENTATION_CONTEXT('2D SPACE',''
  ) );
#4197 = PCURVE('',#4198,#4203);
#4198 = PLANE('',#4199);
#4199 = AXIS2_PLACEMENT_3D('',#4200,#4201,#4202);
#4200 = CARTESIAN_POINT('',(-14.,-67.99181484123,-37.19358969762));
#4201 = DIRECTION('',(-0.,0.866025403784,0.5));
#4202 = DIRECTION('',(0.,0.5,-0.866025403784));
#4203 = DEFINITIONAL_REPRESENTATION('',(#4204),#4208);
#4204 = LINE('',#4205,#4206);
#4205 = CARTESIAN_POINT('',(0.,0.));
#4206 = VECTOR('',#4207,1.);
#4207 = DIRECTION('',(1.,0.));
#4208 = ( GEOMETRIC_REPRESENTATION_CONTEXT(2) 
PARAMETRIC_REPRESENTATION_CONTEXT() REPRESENTATION_CONTEXT('2D SPACE',''
  ) );
#4209 = ORIENTED_EDGE('',*,*,#4210,.T.);
#4210 = EDGE_CURVE('',#4183,#4211,#4213,.T.);
#4211 = VERTEX_POINT('',#4212);
#4212 = CARTESIAN_POINT('',(-14.,-60.48358745231,-38.82977303433));
#4213 = SURFACE_CURVE('',#4214,(#4218,#4225),.PCURVE_S1.);
#4214 = LINE('',#4215,#4216);
#4215 = CARTESIAN_POINT('',(-14.,-66.20650095669,-40.2858440531));
#4216 = VECTOR('',#4217,1.);
#4217 = DIRECTION('',(0.,0.969124315327,0.246572629144));
#4218 = PCURVE('',#126,#4219);
#4219 = DEFINITIONAL_REPRESENTATION('',(#4220),#4224);
#4220 = LINE('',#4221,#4222);
#4221 = CARTESIAN_POINT('',(-40.2858440531,66.206500956695));
#4222 = VECTOR('',#4223,1.);
#4223 = DIRECTION('',(0.246572629144,-0.969124315327));
#4224 = ( GEOMETRIC_REPRESENTATION_CONTEXT(2) 
PARAMETRIC_REPRESENTATION_CONTEXT() REPRESENTATION_CONTEXT('2D SPACE',''
  ) );
#4225 = PCURVE('',#4226,#4231);
#4226 = PLANE('',#4227);
#4227 = AXIS2_PLACEMENT_3D('',#4228,#4229,#4230);
#4228 = CARTESIAN_POINT('',(-14.,-66.20650095669,-40.2858440531));
#4229 = DIRECTION('',(0.,-0.246572629144,0.969124315327));
#4230 = DIRECTION('',(0.,0.969124315327,0.246572629144));
#4231 = DEFINITIONAL_REPRESENTATION('',(#4232),#4236);
#4232 = LINE('',#4233,#4234);
#4233 = CARTESIAN_POINT('',(0.,0.));
#4234 = VECTOR('',#4235,1.);
#4235 = DIRECTION('',(1.,0.));
#4236 = ( GEOMETRIC_REPRESENTATION_CONTEXT(2) 
PARAMETRIC_REPRESENTATION_CONTEXT() REPRESENTATION_CONTEXT('2D SPACE',''
  ) );
#4237 = ORIENTED_EDGE('',*,*,#4238,.T.);
#4238 = EDGE_CURVE('',#4211,#4239,#4241,.T.);
#4239 = VERTEX_POINT('',#4240);
#4240 = CARTESIAN_POINT('',(-14.,-60.07365409834,-39.46101504361));
#4241 = SURFACE_CURVE('',#4242,(#4246,#4253),.PCURVE_S1.);
#4242 = LINE('',#4243,#4244);
#4243 = CARTESIAN_POINT('',(-14.,-60.48358745231,-38.82977303433));
#4244 = VECTOR('',#4245,1.);
#4245 = DIRECTION('',(0.,0.544639035015,-0.838670567945));
#4246 = PCURVE('',#126,#4247);
#4247 = DEFINITIONAL_REPRESENTATION('',(#4248),#4252);
#4248 = LINE('',#4249,#4250);
#4249 = CARTESIAN_POINT('',(-38.82977303433,60.483587452319));
#4250 = VECTOR('',#4251,1.);
#4251 = DIRECTION('',(-0.838670567945,-0.544639035015));
#4252 = ( GEOMETRIC_REPRESENTATION_CONTEXT(2) 
PARAMETRIC_REPRESENTATION_CONTEXT() REPRESENTATION_CONTEXT('2D SPACE',''
  ) );
#4253 = PCURVE('',#4254,#4259);
#4254 = PLANE('',#4255);
#4255 = AXIS2_PLACEMENT_3D('',#4256,#4257,#4258);
#4256 = CARTESIAN_POINT('',(-14.,-60.48358745231,-38.82977303433));
#4257 = DIRECTION('',(-0.,0.838670567945,0.544639035015));
#4258 = DIRECTION('',(0.,0.544639035015,-0.838670567945));
#4259 = DEFINITIONAL_REPRESENTATION('',(#4260),#4264);
#4260 = LINE('',#4261,#4262);
#4261 = CARTESIAN_POINT('',(0.,0.));
#4262 = VECTOR('',#4263,1.);
#4263 = DIRECTION('',(1.,0.));
#4264 = ( GEOMETRIC_REPRESENTATION_CONTEXT(2) 
PARAMETRIC_REPRESENTATION_CONTEXT() REPRESENTATION_CONTEXT('2D SPACE',''
  ) );
#4265 = ORIENTED_EDGE('',*,*,#4266,.T.);
#4266 = EDGE_CURVE('',#4239,#4267,#4269,.T.);
#4267 = VERTEX_POINT('',#4268);
#4268 = CARTESIAN_POINT('',(-14.,-63.73155979093,-44.09691924176));
#4269 = SURFACE_CURVE('',#4270,(#4274,#4281),.PCURVE_S1.);
#4270 = LINE('',#4271,#4272);
#4271 = CARTESIAN_POINT('',(-14.,-60.07365409834,-39.46101504361));
#4272 = VECTOR('',#4273,1.);
#4273 = DIRECTION('',(0.,-0.619433676072,-0.785048992705));
#4274 = PCURVE('',#126,#4275);
#4275 = DEFINITIONAL_REPRESENTATION('',(#4276),#4280);
#4276 = LINE('',#4277,#4278);
#4277 = CARTESIAN_POINT('',(-39.46101504361,60.073654098344));
#4278 = VECTOR('',#4279,1.);
#4279 = DIRECTION('',(-0.785048992705,0.619433676072));
#4280 = ( GEOMETRIC_REPRESENTATION_CONTEXT(2) 
PARAMETRIC_REPRESENTATION_CONTEXT() REPRESENTATION_CONTEXT('2D SPACE',''
  ) );
#4281 = PCURVE('',#4282,#4287);
#4282 = PLANE('',#4283);
#4283 = AXIS2_PLACEMENT_3D('',#4284,#4285,#4286);
#4284 = CARTESIAN_POINT('',(-14.,-60.07365409834,-39.46101504361));
#4285 = DIRECTION('',(0.,0.785048992705,-0.619433676072));
#4286 = DIRECTION('',(0.,-0.619433676072,-0.785048992705));
#4287 = DEFINITIONAL_REPRESENTATION('',(#4288),#4292);
#4288 = LINE('',#4289,#4290);
#4289 = CARTESIAN_POINT('',(0.,0.));
#4290 = VECTOR('',#4291,1.);
#4291 = DIRECTION('',(1.,0.));
#4292 = ( GEOMETRIC_REPRESENTATION_CONTEXT(2) 
PARAMETRIC_REPRESENTATION_CONTEXT() REPRESENTATION_CONTEXT('2D SPACE',''
  ) );
#4293 = ORIENTED_EDGE('',*,*,#4294,.T.);
#4294 = EDGE_CURVE('',#4267,#4295,#4297,.T.);
#4295 = VERTEX_POINT('',#4296);
#4296 = CARTESIAN_POINT('',(-14.,-61.63279744684,-46.98561778753));
#4297 = SURFACE_CURVE('',#4298,(#4302,#4309),.PCURVE_S1.);
#4298 = LINE('',#4299,#4300);
#4299 = CARTESIAN_POINT('',(-14.,-63.73155979093,-44.09691924176));
#4300 = VECTOR('',#4301,1.);
#4301 = DIRECTION('',(0.,0.587785252292,-0.809016994375));
#4302 = PCURVE('',#126,#4303);
#4303 = DEFINITIONAL_REPRESENTATION('',(#4304),#4308);
#4304 = LINE('',#4305,#4306);
#4305 = CARTESIAN_POINT('',(-44.09691924176,63.731559790933));
#4306 = VECTOR('',#4307,1.);
#4307 = DIRECTION('',(-0.809016994375,-0.587785252292));
#4308 = ( GEOMETRIC_REPRESENTATION_CONTEXT(2) 
PARAMETRIC_REPRESENTATION_CONTEXT() REPRESENTATION_CONTEXT('2D SPACE',''
  ) );
#4309 = PCURVE('',#4310,#4315);
#4310 = PLANE('',#4311);
#4311 = AXIS2_PLACEMENT_3D('',#4312,#4313,#4314);
#4312 = CARTESIAN_POINT('',(-14.,-63.73155979093,-44.09691924176));
#4313 = DIRECTION('',(-0.,0.809016994375,0.587785252292));
#4314 = DIRECTION('',(0.,0.587785252292,-0.809016994375));
#4315 = DEFINITIONAL_REPRESENTATION('',(#4316),#4320);
#4316 = LINE('',#4317,#4318);
#4317 = CARTESIAN_POINT('',(0.,0.));
#4318 = VECTOR('',#4319,1.);
#4319 = DIRECTION('',(1.,0.));
#4320 = ( GEOMETRIC_REPRESENTATION_CONTEXT(2) 
PARAMETRIC_REPRESENTATION_CONTEXT() REPRESENTATION_CONTEXT('2D SPACE',''
  ) );
#4321 = ORIENTED_EDGE('',*,*,#4322,.T.);
#4322 = EDGE_CURVE('',#4295,#4323,#4325,.T.);
#4323 = VERTEX_POINT('',#4324);
#4324 = CARTESIAN_POINT('',(-14.,-56.09343552744,-44.93931592412));
#4325 = SURFACE_CURVE('',#4326,(#4330,#4337),.PCURVE_S1.);
#4326 = LINE('',#4327,#4328);
#4327 = CARTESIAN_POINT('',(-14.,-61.63279744684,-46.98561778753));
#4328 = VECTOR('',#4329,1.);
#4329 = DIRECTION('',(0.,0.938041492918,0.346522953878));
#4330 = PCURVE('',#126,#4331);
#4331 = DEFINITIONAL_REPRESENTATION('',(#4332),#4336);
#4332 = LINE('',#4333,#4334);
#4333 = CARTESIAN_POINT('',(-46.98561778753,61.632797446843));
#4334 = VECTOR('',#4335,1.);
#4335 = DIRECTION('',(0.346522953878,-0.938041492918));
#4336 = ( GEOMETRIC_REPRESENTATION_CONTEXT(2) 
PARAMETRIC_REPRESENTATION_CONTEXT() REPRESENTATION_CONTEXT('2D SPACE',''
  ) );
#4337 = PCURVE('',#4338,#4343);
#4338 = PLANE('',#4339);
#4339 = AXIS2_PLACEMENT_3D('',#4340,#4341,#4342);
#4340 = CARTESIAN_POINT('',(-14.,-61.63279744684,-46.98561778753));
#4341 = DIRECTION('',(0.,-0.346522953878,0.938041492918));
#4342 = DIRECTION('',(0.,0.938041492918,0.346522953878));
#4343 = DEFINITIONAL_REPRESENTATION('',(#4344),#4348);
#4344 = LINE('',#4345,#4346);
#4345 = CARTESIAN_POINT('',(0.,0.));
#4346 = VECTOR('',#4347,1.);
#4347 = DIRECTION('',(1.,0.));
#4348 = ( GEOMETRIC_REPRESENTATION_CONTEXT(2) 
PARAMETRIC_REPRESENTATION_CONTEXT() REPRESENTATION_CONTEXT('2D SPACE',''
  ) );
#4349 = ORIENTED_EDGE('',*,*,#4350,.T.);
#4350 = EDGE_CURVE('',#4323,#4351,#4353,.T.);
#4351 = VERTEX_POINT('',#4352);
#4352 = CARTESIAN_POINT('',(-14.,-55.61976507409,-45.5242502201));
#4353 = SURFACE_CURVE('',#4354,(#4358,#4365),.PCURVE_S1.);
#4354 = LINE('',#4355,#4356);
#4355 = CARTESIAN_POINT('',(-14.,-56.09343552744,-44.93931592412));
#4356 = VECTOR('',#4357,1.);
#4357 = DIRECTION('',(0.,0.62932039105,-0.777145961457));
#4358 = PCURVE('',#126,#4359);
#4359 = DEFINITIONAL_REPRESENTATION('',(#4360),#4364);
#4360 = LINE('',#4361,#4362);
#4361 = CARTESIAN_POINT('',(-44.93931592412,56.093435527443));
#4362 = VECTOR('',#4363,1.);
#4363 = DIRECTION('',(-0.777145961457,-0.62932039105));
#4364 = ( GEOMETRIC_REPRESENTATION_CONTEXT(2) 
PARAMETRIC_REPRESENTATION_CONTEXT() REPRESENTATION_CONTEXT('2D SPACE',''
  ) );
#4365 = PCURVE('',#4366,#4371);
#4366 = PLANE('',#4367);
#4367 = AXIS2_PLACEMENT_3D('',#4368,#4369,#4370);
#4368 = CARTESIAN_POINT('',(-14.,-56.09343552744,-44.93931592412));
#4369 = DIRECTION('',(-0.,0.777145961457,0.62932039105));
#4370 = DIRECTION('',(0.,0.62932039105,-0.777145961457));
#4371 = DEFINITIONAL_REPRESENTATION('',(#4372),#4376);
#4372 = LINE('',#4373,#4374);
#4373 = CARTESIAN_POINT('',(0.,0.));
#4374 = VECTOR('',#4375,1.);
#4375 = DIRECTION('',(1.,0.));
#4376 = ( GEOMETRIC_REPRESENTATION_CONTEXT(2) 
PARAMETRIC_REPRESENTATION_CONTEXT() REPRESENTATION_CONTEXT('2D SPACE',''
  ) );
#4377 = ORIENTED_EDGE('',*,*,#4378,.T.);
#4378 = EDGE_CURVE('',#4351,#4379,#4381,.T.);
#4379 = VERTEX_POINT('',#4380);
#4380 = CARTESIAN_POINT('',(-14.,-58.77304843487,-50.51711371081));
#4381 = SURFACE_CURVE('',#4382,(#4386,#4393),.PCURVE_S1.);
#4382 = LINE('',#4383,#4384);
#4383 = CARTESIAN_POINT('',(-14.,-55.61976507409,-45.5242502201));
#4384 = VECTOR('',#4385,1.);
#4385 = DIRECTION('',(0.,-0.533980388785,-0.845496862438));
#4386 = PCURVE('',#126,#4387);
#4387 = DEFINITIONAL_REPRESENTATION('',(#4388),#4392);
#4388 = LINE('',#4389,#4390);
#4389 = CARTESIAN_POINT('',(-45.5242502201,55.619765074093));
#4390 = VECTOR('',#4391,1.);
#4391 = DIRECTION('',(-0.845496862438,0.533980388785));
#4392 = ( GEOMETRIC_REPRESENTATION_CONTEXT(2) 
PARAMETRIC_REPRESENTATION_CONTEXT() REPRESENTATION_CONTEXT('2D SPACE',''
  ) );
#4393 = PCURVE('',#4394,#4399);
#4394 = PLANE('',#4395);
#4395 = AXIS2_PLACEMENT_3D('',#4396,#4397,#4398);
#4396 = CARTESIAN_POINT('',(-14.,-55.61976507409,-45.5242502201));
#4397 = DIRECTION('',(0.,0.845496862438,-0.533980388785));
#4398 = DIRECTION('',(0.,-0.533980388785,-0.845496862438));
#4399 = DEFINITIONAL_REPRESENTATION('',(#4400),#4404);
#4400 = LINE('',#4401,#4402);
#4401 = CARTESIAN_POINT('',(0.,0.));
#4402 = VECTOR('',#4403,1.);
#4403 = DIRECTION('',(1.,0.));
#4404 = ( GEOMETRIC_REPRESENTATION_CONTEXT(2) 
PARAMETRIC_REPRESENTATION_CONTEXT() REPRESENTATION_CONTEXT('2D SPACE',''
  ) );
#4405 = ORIENTED_EDGE('',*,*,#4406,.T.);
#4406 = EDGE_CURVE('',#4379,#4407,#4409,.T.);
#4407 = VERTEX_POINT('',#4408);
#4408 = CARTESIAN_POINT('',(-14.,-56.38383211067,-53.17060726111));
#4409 = SURFACE_CURVE('',#4410,(#4414,#4421),.PCURVE_S1.);
#4410 = LINE('',#4411,#4412);
#4411 = CARTESIAN_POINT('',(-14.,-58.77304843487,-50.51711371081));
#4412 = VECTOR('',#4413,1.);
#4413 = DIRECTION('',(0.,0.669130606359,-0.743144825477));
#4414 = PCURVE('',#126,#4415);
#4415 = DEFINITIONAL_REPRESENTATION('',(#4416),#4420);
#4416 = LINE('',#4417,#4418);
#4417 = CARTESIAN_POINT('',(-50.51711371081,58.773048434876));
#4418 = VECTOR('',#4419,1.);
#4419 = DIRECTION('',(-0.743144825477,-0.669130606359));
#4420 = ( GEOMETRIC_REPRESENTATION_CONTEXT(2) 
PARAMETRIC_REPRESENTATION_CONTEXT() REPRESENTATION_CONTEXT('2D SPACE',''
  ) );
#4421 = PCURVE('',#4422,#4427);
#4422 = PLANE('',#4423);
#4423 = AXIS2_PLACEMENT_3D('',#4424,#4425,#4426);
#4424 = CARTESIAN_POINT('',(-14.,-58.77304843487,-50.51711371081));
#4425 = DIRECTION('',(-0.,0.743144825477,0.669130606359));
#4426 = DIRECTION('',(0.,0.669130606359,-0.743144825477));
#4427 = DEFINITIONAL_REPRESENTATION('',(#4428),#4432);
#4428 = LINE('',#4429,#4430);
#4429 = CARTESIAN_POINT('',(0.,0.));
#4430 = VECTOR('',#4431,1.);
#4431 = DIRECTION('',(1.,0.));
#4432 = ( GEOMETRIC_REPRESENTATION_CONTEXT(2) 
PARAMETRIC_REPRESENTATION_CONTEXT() REPRESENTATION_CONTEXT('2D SPACE',''
  ) );
#4433 = ORIENTED_EDGE('',*,*,#4434,.T.);
#4434 = EDGE_CURVE('',#4407,#4435,#4437,.T.);
#4435 = VERTEX_POINT('',#4436);
#4436 = CARTESIAN_POINT('',(-14.,-51.08871218462,-50.5564942645));
#4437 = SURFACE_CURVE('',#4438,(#4442,#4449),.PCURVE_S1.);
#4438 = LINE('',#4439,#4440);
#4439 = CARTESIAN_POINT('',(-14.,-56.38383211067,-53.17060726111));
#4440 = VECTOR('',#4441,1.);
#4441 = DIRECTION('',(0.,0.896681291615,0.442676700616));
#4442 = PCURVE('',#126,#4443);
#4443 = DEFINITIONAL_REPRESENTATION('',(#4444),#4448);
#4444 = LINE('',#4445,#4446);
#4445 = CARTESIAN_POINT('',(-53.17060726111,56.38383211067));
#4446 = VECTOR('',#4447,1.);
#4447 = DIRECTION('',(0.442676700616,-0.896681291615));
#4448 = ( GEOMETRIC_REPRESENTATION_CONTEXT(2) 
PARAMETRIC_REPRESENTATION_CONTEXT() REPRESENTATION_CONTEXT('2D SPACE',''
  ) );
#4449 = PCURVE('',#4450,#4455);
#4450 = PLANE('',#4451);
#4451 = AXIS2_PLACEMENT_3D('',#4452,#4453,#4454);
#4452 = CARTESIAN_POINT('',(-14.,-56.38383211067,-53.17060726111));
#4453 = DIRECTION('',(0.,-0.442676700616,0.896681291615));
#4454 = DIRECTION('',(0.,0.896681291615,0.442676700616));
#4455 = DEFINITIONAL_REPRESENTATION('',(#4456),#4460);
#4456 = LINE('',#4457,#4458);
#4457 = CARTESIAN_POINT('',(0.,0.));
#4458 = VECTOR('',#4459,1.);
#4459 = DIRECTION('',(1.,0.));
#4460 = ( GEOMETRIC_REPRESENTATION_CONTEXT(2) 
PARAMETRIC_REPRESENTATION_CONTEXT() REPRESENTATION_CONTEXT('2D SPACE',''
  ) );
#4461 = ORIENTED_EDGE('',*,*,#4462,.T.);
#4462 = EDGE_CURVE('',#4435,#4463,#4465,.T.);
#4463 = VERTEX_POINT('',#4464);
#4464 = CARTESIAN_POINT('',(-14.,-50.5564942645,-51.08871218462));
#4465 = SURFACE_CURVE('',#4466,(#4470,#4477),.PCURVE_S1.);
#4466 = LINE('',#4467,#4468);
#4467 = CARTESIAN_POINT('',(-14.,-51.08871218462,-50.5564942645));
#4468 = VECTOR('',#4469,1.);
#4469 = DIRECTION('',(0.,0.707106781187,-0.707106781187));
#4470 = PCURVE('',#126,#4471);
#4471 = DEFINITIONAL_REPRESENTATION('',(#4472),#4476);
#4472 = LINE('',#4473,#4474);
#4473 = CARTESIAN_POINT('',(-50.5564942645,51.088712184621));
#4474 = VECTOR('',#4475,1.);
#4475 = DIRECTION('',(-0.707106781187,-0.707106781187));
#4476 = ( GEOMETRIC_REPRESENTATION_CONTEXT(2) 
PARAMETRIC_REPRESENTATION_CONTEXT() REPRESENTATION_CONTEXT('2D SPACE',''
  ) );
#4477 = PCURVE('',#4478,#4483);
#4478 = PLANE('',#4479);
#4479 = AXIS2_PLACEMENT_3D('',#4480,#4481,#4482);
#4480 = CARTESIAN_POINT('',(-14.,-51.08871218462,-50.5564942645));
#4481 = DIRECTION('',(-0.,0.707106781187,0.707106781187));
#4482 = DIRECTION('',(0.,0.707106781187,-0.707106781187));
#4483 = DEFINITIONAL_REPRESENTATION('',(#4484),#4488);
#4484 = LINE('',#4485,#4486);
#4485 = CARTESIAN_POINT('',(0.,0.));
#4486 = VECTOR('',#4487,1.);
#4487 = DIRECTION('',(1.,0.));
#4488 = ( GEOMETRIC_REPRESENTATION_CONTEXT(2) 
PARAMETRIC_REPRESENTATION_CONTEXT() REPRESENTATION_CONTEXT('2D SPACE',''
  ) );
#4489 = ORIENTED_EDGE('',*,*,#4490,.T.);
#4490 = EDGE_CURVE('',#4463,#4491,#4493,.T.);
#4491 = VERTEX_POINT('',#4492);
#4492 = CARTESIAN_POINT('',(-14.,-53.17060726111,-56.38383211067));
#4493 = SURFACE_CURVE('',#4494,(#4498,#4505),.PCURVE_S1.);
#4494 = LINE('',#4495,#4496);
#4495 = CARTESIAN_POINT('',(-14.,-50.5564942645,-51.08871218462));
#4496 = VECTOR('',#4497,1.);
#4497 = DIRECTION('',(0.,-0.442676700616,-0.896681291615));
#4498 = PCURVE('',#126,#4499);
#4499 = DEFINITIONAL_REPRESENTATION('',(#4500),#4504);
#4500 = LINE('',#4501,#4502);
#4501 = CARTESIAN_POINT('',(-51.08871218462,50.556494264505));
#4502 = VECTOR('',#4503,1.);
#4503 = DIRECTION('',(-0.896681291615,0.442676700616));
#4504 = ( GEOMETRIC_REPRESENTATION_CONTEXT(2) 
PARAMETRIC_REPRESENTATION_CONTEXT() REPRESENTATION_CONTEXT('2D SPACE',''
  ) );
#4505 = PCURVE('',#4506,#4511);
#4506 = PLANE('',#4507);
#4507 = AXIS2_PLACEMENT_3D('',#4508,#4509,#4510);
#4508 = CARTESIAN_POINT('',(-14.,-50.5564942645,-51.08871218462));
#4509 = DIRECTION('',(0.,0.896681291615,-0.442676700616));
#4510 = DIRECTION('',(0.,-0.442676700616,-0.896681291615));
#4511 = DEFINITIONAL_REPRESENTATION('',(#4512),#4516);
#4512 = LINE('',#4513,#4514);
#4513 = CARTESIAN_POINT('',(0.,0.));
#4514 = VECTOR('',#4515,1.);
#4515 = DIRECTION('',(1.,0.));
#4516 = ( GEOMETRIC_REPRESENTATION_CONTEXT(2) 
PARAMETRIC_REPRESENTATION_CONTEXT() REPRESENTATION_CONTEXT('2D SPACE',''
  ) );
#4517 = ORIENTED_EDGE('',*,*,#4518,.T.);
#4518 = EDGE_CURVE('',#4491,#4519,#4521,.T.);
#4519 = VERTEX_POINT('',#4520);
#4520 = CARTESIAN_POINT('',(-14.,-50.51711371081,-58.77304843487));
#4521 = SURFACE_CURVE('',#4522,(#4526,#4533),.PCURVE_S1.);
#4522 = LINE('',#4523,#4524);
#4523 = CARTESIAN_POINT('',(-14.,-53.17060726111,-56.38383211067));
#4524 = VECTOR('',#4525,1.);
#4525 = DIRECTION('',(0.,0.743144825477,-0.669130606359));
#4526 = PCURVE('',#126,#4527);
#4527 = DEFINITIONAL_REPRESENTATION('',(#4528),#4532);
#4528 = LINE('',#4529,#4530);
#4529 = CARTESIAN_POINT('',(-56.38383211067,53.170607261115));
#4530 = VECTOR('',#4531,1.);
#4531 = DIRECTION('',(-0.669130606359,-0.743144825477));
#4532 = ( GEOMETRIC_REPRESENTATION_CONTEXT(2) 
PARAMETRIC_REPRESENTATION_CONTEXT() REPRESENTATION_CONTEXT('2D SPACE',''
  ) );
#4533 = PCURVE('',#4534,#4539);
#4534 = PLANE('',#4535);
#4535 = AXIS2_PLACEMENT_3D('',#4536,#4537,#4538);
#4536 = CARTESIAN_POINT('',(-14.,-53.17060726111,-56.38383211067));
#4537 = DIRECTION('',(-0.,0.669130606359,0.743144825477));
#4538 = DIRECTION('',(0.,0.743144825477,-0.669130606359));
#4539 = DEFINITIONAL_REPRESENTATION('',(#4540),#4544);
#4540 = LINE('',#4541,#4542);
#4541 = CARTESIAN_POINT('',(0.,0.));
#4542 = VECTOR('',#4543,1.);
#4543 = DIRECTION('',(1.,0.));
#4544 = ( GEOMETRIC_REPRESENTATION_CONTEXT(2) 
PARAMETRIC_REPRESENTATION_CONTEXT() REPRESENTATION_CONTEXT('2D SPACE',''
  ) );
#4545 = ORIENTED_EDGE('',*,*,#4546,.T.);
#4546 = EDGE_CURVE('',#4519,#4547,#4549,.T.);
#4547 = VERTEX_POINT('',#4548);
#4548 = CARTESIAN_POINT('',(-14.,-45.5242502201,-55.61976507409));
#4549 = SURFACE_CURVE('',#4550,(#4554,#4561),.PCURVE_S1.);
#4550 = LINE('',#4551,#4552);
#4551 = CARTESIAN_POINT('',(-14.,-50.51711371081,-58.77304843487));
#4552 = VECTOR('',#4553,1.);
#4553 = DIRECTION('',(0.,0.845496862438,0.533980388785));
#4554 = PCURVE('',#126,#4555);
#4555 = DEFINITIONAL_REPRESENTATION('',(#4556),#4560);
#4556 = LINE('',#4557,#4558);
#4557 = CARTESIAN_POINT('',(-58.77304843487,50.517113710818));
#4558 = VECTOR('',#4559,1.);
#4559 = DIRECTION('',(0.533980388785,-0.845496862438));
#4560 = ( GEOMETRIC_REPRESENTATION_CONTEXT(2) 
PARAMETRIC_REPRESENTATION_CONTEXT() REPRESENTATION_CONTEXT('2D SPACE',''
  ) );
#4561 = PCURVE('',#4562,#4567);
#4562 = PLANE('',#4563);
#4563 = AXIS2_PLACEMENT_3D('',#4564,#4565,#4566);
#4564 = CARTESIAN_POINT('',(-14.,-50.51711371081,-58.77304843487));
#4565 = DIRECTION('',(0.,-0.533980388785,0.845496862438));
#4566 = DIRECTION('',(0.,0.845496862438,0.533980388785));
#4567 = DEFINITIONAL_REPRESENTATION('',(#4568),#4572);
#4568 = LINE('',#4569,#4570);
#4569 = CARTESIAN_POINT('',(0.,0.));
#4570 = VECTOR('',#4571,1.);
#4571 = DIRECTION('',(1.,0.));
#4572 = ( GEOMETRIC_REPRESENTATION_CONTEXT(2) 
PARAMETRIC_REPRESENTATION_CONTEXT() REPRESENTATION_CONTEXT('2D SPACE',''
  ) );
#4573 = ORIENTED_EDGE('',*,*,#4574,.T.);
#4574 = EDGE_CURVE('',#4547,#4575,#4577,.T.);
#4575 = VERTEX_POINT('',#4576);
#4576 = CARTESIAN_POINT('',(-14.,-44.93931592412,-56.09343552744));
#4577 = SURFACE_CURVE('',#4578,(#4582,#4589),.PCURVE_S1.);
#4578 = LINE('',#4579,#4580);
#4579 = CARTESIAN_POINT('',(-14.,-45.5242502201,-55.61976507409));
#4580 = VECTOR('',#4581,1.);
#4581 = DIRECTION('',(0.,0.777145961457,-0.62932039105));
#4582 = PCURVE('',#126,#4583);
#4583 = DEFINITIONAL_REPRESENTATION('',(#4584),#4588);
#4584 = LINE('',#4585,#4586);
#4585 = CARTESIAN_POINT('',(-55.61976507409,45.524250220105));
#4586 = VECTOR('',#4587,1.);
#4587 = DIRECTION('',(-0.62932039105,-0.777145961457));
#4588 = ( GEOMETRIC_REPRESENTATION_CONTEXT(2) 
PARAMETRIC_REPRESENTATION_CONTEXT() REPRESENTATION_CONTEXT('2D SPACE',''
  ) );
#4589 = PCURVE('',#4590,#4595);
#4590 = PLANE('',#4591);
#4591 = AXIS2_PLACEMENT_3D('',#4592,#4593,#4594);
#4592 = CARTESIAN_POINT('',(-14.,-45.5242502201,-55.61976507409));
#4593 = DIRECTION('',(-0.,0.62932039105,0.777145961457));
#4594 = DIRECTION('',(0.,0.777145961457,-0.62932039105));
#4595 = DEFINITIONAL_REPRESENTATION('',(#4596),#4600);
#4596 = LINE('',#4597,#4598);
#4597 = CARTESIAN_POINT('',(0.,0.));
#4598 = VECTOR('',#4599,1.);
#4599 = DIRECTION('',(1.,0.));
#4600 = ( GEOMETRIC_REPRESENTATION_CONTEXT(2) 
PARAMETRIC_REPRESENTATION_CONTEXT() REPRESENTATION_CONTEXT('2D SPACE',''
  ) );
#4601 = ORIENTED_EDGE('',*,*,#4602,.T.);
#4602 = EDGE_CURVE('',#4575,#4603,#4605,.T.);
#4603 = VERTEX_POINT('',#4604);
#4604 = CARTESIAN_POINT('',(-14.,-46.98561778753,-61.63279744684));
#4605 = SURFACE_CURVE('',#4606,(#4610,#4617),.PCURVE_S1.);
#4606 = LINE('',#4607,#4608);
#4607 = CARTESIAN_POINT('',(-14.,-44.93931592412,-56.09343552744));
#4608 = VECTOR('',#4609,1.);
#4609 = DIRECTION('',(0.,-0.346522953878,-0.938041492918));
#4610 = PCURVE('',#126,#4611);
#4611 = DEFINITIONAL_REPRESENTATION('',(#4612),#4616);
#4612 = LINE('',#4613,#4614);
#4613 = CARTESIAN_POINT('',(-56.09343552744,44.939315924129));
#4614 = VECTOR('',#4615,1.);
#4615 = DIRECTION('',(-0.938041492918,0.346522953878));
#4616 = ( GEOMETRIC_REPRESENTATION_CONTEXT(2) 
PARAMETRIC_REPRESENTATION_CONTEXT() REPRESENTATION_CONTEXT('2D SPACE',''
  ) );
#4617 = PCURVE('',#4618,#4623);
#4618 = PLANE('',#4619);
#4619 = AXIS2_PLACEMENT_3D('',#4620,#4621,#4622);
#4620 = CARTESIAN_POINT('',(-14.,-44.93931592412,-56.09343552744));
#4621 = DIRECTION('',(0.,0.938041492918,-0.346522953878));
#4622 = DIRECTION('',(0.,-0.346522953878,-0.938041492918));
#4623 = DEFINITIONAL_REPRESENTATION('',(#4624),#4628);
#4624 = LINE('',#4625,#4626);
#4625 = CARTESIAN_POINT('',(0.,0.));
#4626 = VECTOR('',#4627,1.);
#4627 = DIRECTION('',(1.,0.));
#4628 = ( GEOMETRIC_REPRESENTATION_CONTEXT(2) 
PARAMETRIC_REPRESENTATION_CONTEXT() REPRESENTATION_CONTEXT('2D SPACE',''
  ) );
#4629 = ORIENTED_EDGE('',*,*,#4630,.T.);
#4630 = EDGE_CURVE('',#4603,#4631,#4633,.T.);
#4631 = VERTEX_POINT('',#4632);
#4632 = CARTESIAN_POINT('',(-14.,-44.09691924176,-63.73155979093));
#4633 = SURFACE_CURVE('',#4634,(#4638,#4645),.PCURVE_S1.);
#4634 = LINE('',#4635,#4636);
#4635 = CARTESIAN_POINT('',(-14.,-46.98561778753,-61.63279744684));
#4636 = VECTOR('',#4637,1.);
#4637 = DIRECTION('',(0.,0.809016994375,-0.587785252292));
#4638 = PCURVE('',#126,#4639);
#4639 = DEFINITIONAL_REPRESENTATION('',(#4640),#4644);
#4640 = LINE('',#4641,#4642);
#4641 = CARTESIAN_POINT('',(-61.63279744684,46.985617787537));
#4642 = VECTOR('',#4643,1.);
#4643 = DIRECTION('',(-0.587785252292,-0.809016994375));
#4644 = ( GEOMETRIC_REPRESENTATION_CONTEXT(2) 
PARAMETRIC_REPRESENTATION_CONTEXT() REPRESENTATION_CONTEXT('2D SPACE',''
  ) );
#4645 = PCURVE('',#4646,#4651);
#4646 = PLANE('',#4647);
#4647 = AXIS2_PLACEMENT_3D('',#4648,#4649,#4650);
#4648 = CARTESIAN_POINT('',(-14.,-46.98561778753,-61.63279744684));
#4649 = DIRECTION('',(-0.,0.587785252292,0.809016994375));
#4650 = DIRECTION('',(0.,0.809016994375,-0.587785252292));
#4651 = DEFINITIONAL_REPRESENTATION('',(#4652),#4656);
#4652 = LINE('',#4653,#4654);
#4653 = CARTESIAN_POINT('',(0.,0.));
#4654 = VECTOR('',#4655,1.);
#4655 = DIRECTION('',(1.,0.));
#4656 = ( GEOMETRIC_REPRESENTATION_CONTEXT(2) 
PARAMETRIC_REPRESENTATION_CONTEXT() REPRESENTATION_CONTEXT('2D SPACE',''
  ) );
#4657 = ORIENTED_EDGE('',*,*,#4658,.T.);
#4658 = EDGE_CURVE('',#4631,#4659,#4661,.T.);
#4659 = VERTEX_POINT('',#4660);
#4660 = CARTESIAN_POINT('',(-14.,-39.46101504361,-60.07365409834));
#4661 = SURFACE_CURVE('',#4662,(#4666,#4673),.PCURVE_S1.);
#4662 = LINE('',#4663,#4664);
#4663 = CARTESIAN_POINT('',(-14.,-44.09691924176,-63.73155979093));
#4664 = VECTOR('',#4665,1.);
#4665 = DIRECTION('',(0.,0.785048992705,0.619433676072));
#4666 = PCURVE('',#126,#4667);
#4667 = DEFINITIONAL_REPRESENTATION('',(#4668),#4672);
#4668 = LINE('',#4669,#4670);
#4669 = CARTESIAN_POINT('',(-63.73155979093,44.096919241765));
#4670 = VECTOR('',#4671,1.);
#4671 = DIRECTION('',(0.619433676072,-0.785048992705));
#4672 = ( GEOMETRIC_REPRESENTATION_CONTEXT(2) 
PARAMETRIC_REPRESENTATION_CONTEXT() REPRESENTATION_CONTEXT('2D SPACE',''
  ) );
#4673 = PCURVE('',#4674,#4679);
#4674 = PLANE('',#4675);
#4675 = AXIS2_PLACEMENT_3D('',#4676,#4677,#4678);
#4676 = CARTESIAN_POINT('',(-14.,-44.09691924176,-63.73155979093));
#4677 = DIRECTION('',(0.,-0.619433676072,0.785048992705));
#4678 = DIRECTION('',(0.,0.785048992705,0.619433676072));
#4679 = DEFINITIONAL_REPRESENTATION('',(#4680),#4684);
#4680 = LINE('',#4681,#4682);
#4681 = CARTESIAN_POINT('',(0.,0.));
#4682 = VECTOR('',#4683,1.);
#4683 = DIRECTION('',(1.,0.));
#4684 = ( GEOMETRIC_REPRESENTATION_CONTEXT(2) 
PARAMETRIC_REPRESENTATION_CONTEXT() REPRESENTATION_CONTEXT('2D SPACE',''
  ) );
#4685 = ORIENTED_EDGE('',*,*,#4686,.T.);
#4686 = EDGE_CURVE('',#4659,#4687,#4689,.T.);
#4687 = VERTEX_POINT('',#4688);
#4688 = CARTESIAN_POINT('',(-14.,-38.82977303433,-60.48358745231));
#4689 = SURFACE_CURVE('',#4690,(#4694,#4701),.PCURVE_S1.);
#4690 = LINE('',#4691,#4692);
#4691 = CARTESIAN_POINT('',(-14.,-39.46101504361,-60.07365409834));
#4692 = VECTOR('',#4693,1.);
#4693 = DIRECTION('',(0.,0.838670567945,-0.544639035015));
#4694 = PCURVE('',#126,#4695);
#4695 = DEFINITIONAL_REPRESENTATION('',(#4696),#4700);
#4696 = LINE('',#4697,#4698);
#4697 = CARTESIAN_POINT('',(-60.07365409834,39.461015043616));
#4698 = VECTOR('',#4699,1.);
#4699 = DIRECTION('',(-0.544639035015,-0.838670567945));
#4700 = ( GEOMETRIC_REPRESENTATION_CONTEXT(2) 
PARAMETRIC_REPRESENTATION_CONTEXT() REPRESENTATION_CONTEXT('2D SPACE',''
  ) );
#4701 = PCURVE('',#4702,#4707);
#4702 = PLANE('',#4703);
#4703 = AXIS2_PLACEMENT_3D('',#4704,#4705,#4706);
#4704 = CARTESIAN_POINT('',(-14.,-39.46101504361,-60.07365409834));
#4705 = DIRECTION('',(-0.,0.544639035015,0.838670567945));
#4706 = DIRECTION('',(0.,0.838670567945,-0.544639035015));
#4707 = DEFINITIONAL_REPRESENTATION('',(#4708),#4712);
#4708 = LINE('',#4709,#4710);
#4709 = CARTESIAN_POINT('',(0.,0.));
#4710 = VECTOR('',#4711,1.);
#4711 = DIRECTION('',(1.,0.));
#4712 = ( GEOMETRIC_REPRESENTATION_CONTEXT(2) 
PARAMETRIC_REPRESENTATION_CONTEXT() REPRESENTATION_CONTEXT('2D SPACE',''
  ) );
#4713 = ORIENTED_EDGE('',*,*,#4714,.T.);
#4714 = EDGE_CURVE('',#4687,#4715,#4717,.T.);
#4715 = VERTEX_POINT('',#4716);
#4716 = CARTESIAN_POINT('',(-14.,-40.2858440531,-66.20650095669));
#4717 = SURFACE_CURVE('',#4718,(#4722,#4729),.PCURVE_S1.);
#4718 = LINE('',#4719,#4720);
#4719 = CARTESIAN_POINT('',(-14.,-38.82977303433,-60.48358745231));
#4720 = VECTOR('',#4721,1.);
#4721 = DIRECTION('',(0.,-0.246572629144,-0.969124315327));
#4722 = PCURVE('',#126,#4723);
#4723 = DEFINITIONAL_REPRESENTATION('',(#4724),#4728);
#4724 = LINE('',#4725,#4726);
#4725 = CARTESIAN_POINT('',(-60.48358745231,38.829773034332));
#4726 = VECTOR('',#4727,1.);
#4727 = DIRECTION('',(-0.969124315327,0.246572629144));
#4728 = ( GEOMETRIC_REPRESENTATION_CONTEXT(2) 
PARAMETRIC_REPRESENTATION_CONTEXT() REPRESENTATION_CONTEXT('2D SPACE',''
  ) );
#4729 = PCURVE('',#4730,#4735);
#4730 = PLANE('',#4731);
#4731 = AXIS2_PLACEMENT_3D('',#4732,#4733,#4734);
#4732 = CARTESIAN_POINT('',(-14.,-38.82977303433,-60.48358745231));
#4733 = DIRECTION('',(0.,0.969124315327,-0.246572629144));
#4734 = DIRECTION('',(0.,-0.246572629144,-0.969124315327));
#4735 = DEFINITIONAL_REPRESENTATION('',(#4736),#4740);
#4736 = LINE('',#4737,#4738);
#4737 = CARTESIAN_POINT('',(0.,0.));
#4738 = VECTOR('',#4739,1.);
#4739 = DIRECTION('',(1.,0.));
#4740 = ( GEOMETRIC_REPRESENTATION_CONTEXT(2) 
PARAMETRIC_REPRESENTATION_CONTEXT() REPRESENTATION_CONTEXT('2D SPACE',''
  ) );
#4741 = ORIENTED_EDGE('',*,*,#4742,.T.);
#4742 = EDGE_CURVE('',#4715,#4743,#4745,.T.);
#4743 = VERTEX_POINT('',#4744);
#4744 = CARTESIAN_POINT('',(-14.,-37.19358969762,-67.99181484123));
#4745 = SURFACE_CURVE('',#4746,(#4750,#4757),.PCURVE_S1.);
#4746 = LINE('',#4747,#4748);
#4747 = CARTESIAN_POINT('',(-14.,-40.2858440531,-66.20650095669));
#4748 = VECTOR('',#4749,1.);
#4749 = DIRECTION('',(0.,0.866025403784,-0.5));
#4750 = PCURVE('',#126,#4751);
#4751 = DEFINITIONAL_REPRESENTATION('',(#4752),#4756);
#4752 = LINE('',#4753,#4754);
#4753 = CARTESIAN_POINT('',(-66.20650095669,40.285844053105));
#4754 = VECTOR('',#4755,1.);
#4755 = DIRECTION('',(-0.5,-0.866025403784));
#4756 = ( GEOMETRIC_REPRESENTATION_CONTEXT(2) 
PARAMETRIC_REPRESENTATION_CONTEXT() REPRESENTATION_CONTEXT('2D SPACE',''
  ) );
#4757 = PCURVE('',#4758,#4763);
#4758 = PLANE('',#4759);
#4759 = AXIS2_PLACEMENT_3D('',#4760,#4761,#4762);
#4760 = CARTESIAN_POINT('',(-14.,-40.2858440531,-66.20650095669));
#4761 = DIRECTION('',(-0.,0.5,0.866025403784));
#4762 = DIRECTION('',(0.,0.866025403784,-0.5));
#4763 = DEFINITIONAL_REPRESENTATION('',(#4764),#4768);
#4764 = LINE('',#4765,#4766);
#4765 = CARTESIAN_POINT('',(0.,0.));
#4766 = VECTOR('',#4767,1.);
#4767 = DIRECTION('',(1.,0.));
#4768 = ( GEOMETRIC_REPRESENTATION_CONTEXT(2) 
PARAMETRIC_REPRESENTATION_CONTEXT() REPRESENTATION_CONTEXT('2D SPACE',''
  ) );
#4769 = ORIENTED_EDGE('',*,*,#4770,.T.);
#4770 = EDGE_CURVE('',#4743,#4771,#4773,.T.);
#4771 = VERTEX_POINT('',#4772);
#4772 = CARTESIAN_POINT('',(-14.,-32.96543672856,-63.86936359707));
#4773 = SURFACE_CURVE('',#4774,(#4778,#4785),.PCURVE_S1.);
#4774 = LINE('',#4775,#4776);
#4775 = CARTESIAN_POINT('',(-14.,-37.19358969762,-67.99181484123));
#4776 = VECTOR('',#4777,1.);
#4777 = DIRECTION('',(0.,0.715999961926,0.69810031838));
#4778 = PCURVE('',#126,#4779);
#4779 = DEFINITIONAL_REPRESENTATION('',(#4780),#4784);
#4780 = LINE('',#4781,#4782);
#4781 = CARTESIAN_POINT('',(-67.99181484123,37.193589697625));
#4782 = VECTOR('',#4783,1.);
#4783 = DIRECTION('',(0.69810031838,-0.715999961926));
#4784 = ( GEOMETRIC_REPRESENTATION_CONTEXT(2) 
PARAMETRIC_REPRESENTATION_CONTEXT() REPRESENTATION_CONTEXT('2D SPACE',''
  ) );
#4785 = PCURVE('',#4786,#4791);
#4786 = PLANE('',#4787);
#4787 = AXIS2_PLACEMENT_3D('',#4788,#4789,#4790);
#4788 = CARTESIAN_POINT('',(-14.,-37.19358969762,-67.99181484123));
#4789 = DIRECTION('',(0.,-0.69810031838,0.715999961926));
#4790 = DIRECTION('',(0.,0.715999961926,0.69810031838));
#4791 = DEFINITIONAL_REPRESENTATION('',(#4792),#4796);
#4792 = LINE('',#4793,#4794);
#4793 = CARTESIAN_POINT('',(0.,0.));
#4794 = VECTOR('',#4795,1.);
#4795 = DIRECTION('',(1.,0.));
#4796 = ( GEOMETRIC_REPRESENTATION_CONTEXT(2) 
PARAMETRIC_REPRESENTATION_CONTEXT() REPRESENTATION_CONTEXT('2D SPACE',''
  ) );
#4797 = ORIENTED_EDGE('',*,*,#4798,.T.);
#4798 = EDGE_CURVE('',#4771,#4799,#4801,.T.);
#4799 = VERTEX_POINT('',#4800);
#4800 = CARTESIAN_POINT('',(-14.,-32.29480302551,-64.21106853606));
#4801 = SURFACE_CURVE('',#4802,(#4806,#4813),.PCURVE_S1.);
#4802 = LINE('',#4803,#4804);
#4803 = CARTESIAN_POINT('',(-14.,-32.96543672856,-63.86936359707));
#4804 = VECTOR('',#4805,1.);
#4805 = DIRECTION('',(0.,0.891006524188,-0.45399049974));
#4806 = PCURVE('',#126,#4807);
#4807 = DEFINITIONAL_REPRESENTATION('',(#4808),#4812);
#4808 = LINE('',#4809,#4810);
#4809 = CARTESIAN_POINT('',(-63.86936359707,32.96543672856));
#4810 = VECTOR('',#4811,1.);
#4811 = DIRECTION('',(-0.45399049974,-0.891006524188));
#4812 = ( GEOMETRIC_REPRESENTATION_CONTEXT(2) 
PARAMETRIC_REPRESENTATION_CONTEXT() REPRESENTATION_CONTEXT('2D SPACE',''
  ) );
#4813 = PCURVE('',#4814,#4819);
#4814 = PLANE('',#4815);
#4815 = AXIS2_PLACEMENT_3D('',#4816,#4817,#4818);
#4816 = CARTESIAN_POINT('',(-14.,-32.96543672856,-63.86936359707));
#4817 = DIRECTION('',(-0.,0.45399049974,0.891006524188));
#4818 = DIRECTION('',(0.,0.891006524188,-0.45399049974));
#4819 = DEFINITIONAL_REPRESENTATION('',(#4820),#4824);
#4820 = LINE('',#4821,#4822);
#4821 = CARTESIAN_POINT('',(0.,0.));
#4822 = VECTOR('',#4823,1.);
#4823 = DIRECTION('',(1.,0.));
#4824 = ( GEOMETRIC_REPRESENTATION_CONTEXT(2) 
PARAMETRIC_REPRESENTATION_CONTEXT() REPRESENTATION_CONTEXT('2D SPACE',''
  ) );
#4825 = ORIENTED_EDGE('',*,*,#4826,.T.);
#4826 = EDGE_CURVE('',#4799,#4827,#4829,.T.);
#4827 = VERTEX_POINT('',#4828);
#4828 = CARTESIAN_POINT('',(-14.,-33.14469018087,-70.05483218746));
#4829 = SURFACE_CURVE('',#4830,(#4834,#4841),.PCURVE_S1.);
#4830 = LINE('',#4831,#4832);
#4831 = CARTESIAN_POINT('',(-14.,-32.29480302551,-64.21106853606));
#4832 = VECTOR('',#4833,1.);
#4833 = DIRECTION('',(0.,-0.143920803085,-0.989589208934));
#4834 = PCURVE('',#126,#4835);
#4835 = DEFINITIONAL_REPRESENTATION('',(#4836),#4840);
#4836 = LINE('',#4837,#4838);
#4837 = CARTESIAN_POINT('',(-64.21106853606,32.294803025518));
#4838 = VECTOR('',#4839,1.);
#4839 = DIRECTION('',(-0.989589208934,0.143920803085));
#4840 = ( GEOMETRIC_REPRESENTATION_CONTEXT(2) 
PARAMETRIC_REPRESENTATION_CONTEXT() REPRESENTATION_CONTEXT('2D SPACE',''
  ) );
#4841 = PCURVE('',#4842,#4847);
#4842 = PLANE('',#4843);
#4843 = AXIS2_PLACEMENT_3D('',#4844,#4845,#4846);
#4844 = CARTESIAN_POINT('',(-14.,-32.29480302551,-64.21106853606));
#4845 = DIRECTION('',(0.,0.989589208934,-0.143920803085));
#4846 = DIRECTION('',(0.,-0.143920803085,-0.989589208934));
#4847 = DEFINITIONAL_REPRESENTATION('',(#4848),#4852);
#4848 = LINE('',#4849,#4850);
#4849 = CARTESIAN_POINT('',(0.,0.));
#4850 = VECTOR('',#4851,1.);
#4851 = DIRECTION('',(1.,0.));
#4852 = ( GEOMETRIC_REPRESENTATION_CONTEXT(2) 
PARAMETRIC_REPRESENTATION_CONTEXT() REPRESENTATION_CONTEXT('2D SPACE',''
  ) );
#4853 = ORIENTED_EDGE('',*,*,#4854,.T.);
#4854 = EDGE_CURVE('',#4827,#4855,#4857,.T.);
#4855 = VERTEX_POINT('',#4856);
#4856 = CARTESIAN_POINT('',(-14.,-29.88275940149,-71.50713733993));
#4857 = SURFACE_CURVE('',#4858,(#4862,#4869),.PCURVE_S1.);
#4858 = LINE('',#4859,#4860);
#4859 = CARTESIAN_POINT('',(-14.,-33.14469018087,-70.05483218746));
#4860 = VECTOR('',#4861,1.);
#4861 = DIRECTION('',(0.,0.913545457643,-0.406736643076));
#4862 = PCURVE('',#126,#4863);
#4863 = DEFINITIONAL_REPRESENTATION('',(#4864),#4868);
#4864 = LINE('',#4865,#4866);
#4865 = CARTESIAN_POINT('',(-70.05483218746,33.144690180873));
#4866 = VECTOR('',#4867,1.);
#4867 = DIRECTION('',(-0.406736643076,-0.913545457643));
#4868 = ( GEOMETRIC_REPRESENTATION_CONTEXT(2) 
PARAMETRIC_REPRESENTATION_CONTEXT() REPRESENTATION_CONTEXT('2D SPACE',''
  ) );
#4869 = PCURVE('',#4870,#4875);
#4870 = PLANE('',#4871);
#4871 = AXIS2_PLACEMENT_3D('',#4872,#4873,#4874);
#4872 = CARTESIAN_POINT('',(-14.,-33.14469018087,-70.05483218746));
#4873 = DIRECTION('',(-0.,0.406736643076,0.913545457643));
#4874 = DIRECTION('',(0.,0.913545457643,-0.406736643076));
#4875 = DEFINITIONAL_REPRESENTATION('',(#4876),#4880);
#4876 = LINE('',#4877,#4878);
#4877 = CARTESIAN_POINT('',(0.,0.));
#4878 = VECTOR('',#4879,1.);
#4879 = DIRECTION('',(1.,0.));
#4880 = ( GEOMETRIC_REPRESENTATION_CONTEXT(2) 
PARAMETRIC_REPRESENTATION_CONTEXT() REPRESENTATION_CONTEXT('2D SPACE',''
  ) );
#4881 = ORIENTED_EDGE('',*,*,#4882,.T.);
#4882 = EDGE_CURVE('',#4855,#4883,#4885,.T.);
#4883 = VERTEX_POINT('',#4884);
#4884 = CARTESIAN_POINT('',(-14.,-26.10868219024,-66.96530698271));
#4885 = SURFACE_CURVE('',#4886,(#4890,#4897),.PCURVE_S1.);
#4886 = LINE('',#4887,#4888);
#4887 = CARTESIAN_POINT('',(-14.,-29.88275940149,-71.50713733993));
#4888 = VECTOR('',#4889,1.);
#4889 = DIRECTION('',(0.,0.639106285732,0.769118427512));
#4890 = PCURVE('',#126,#4891);
#4891 = DEFINITIONAL_REPRESENTATION('',(#4892),#4896);
#4892 = LINE('',#4893,#4894);
#4893 = CARTESIAN_POINT('',(-71.50713733993,29.882759401498));
#4894 = VECTOR('',#4895,1.);
#4895 = DIRECTION('',(0.769118427512,-0.639106285732));
#4896 = ( GEOMETRIC_REPRESENTATION_CONTEXT(2) 
PARAMETRIC_REPRESENTATION_CONTEXT() REPRESENTATION_CONTEXT('2D SPACE',''
  ) );
#4897 = PCURVE('',#4898,#4903);
#4898 = PLANE('',#4899);
#4899 = AXIS2_PLACEMENT_3D('',#4900,#4901,#4902);
#4900 = CARTESIAN_POINT('',(-14.,-29.88275940149,-71.50713733993));
#4901 = DIRECTION('',(0.,-0.769118427512,0.639106285732));
#4902 = DIRECTION('',(0.,0.639106285732,0.769118427512));
#4903 = DEFINITIONAL_REPRESENTATION('',(#4904),#4908);
#4904 = LINE('',#4905,#4906);
#4905 = CARTESIAN_POINT('',(0.,0.));
#4906 = VECTOR('',#4907,1.);
#4907 = DIRECTION('',(1.,0.));
#4908 = ( GEOMETRIC_REPRESENTATION_CONTEXT(2) 
PARAMETRIC_REPRESENTATION_CONTEXT() REPRESENTATION_CONTEXT('2D SPACE',''
  ) );
#4909 = ORIENTED_EDGE('',*,*,#4910,.T.);
#4910 = EDGE_CURVE('',#4883,#4911,#4913,.T.);
#4911 = VERTEX_POINT('',#4912);
#4912 = CARTESIAN_POINT('',(-14.,-25.40600439663,-67.23503971589));
#4913 = SURFACE_CURVE('',#4914,(#4918,#4925),.PCURVE_S1.);
#4914 = LINE('',#4915,#4916);
#4915 = CARTESIAN_POINT('',(-14.,-26.10868219024,-66.96530698271));
#4916 = VECTOR('',#4917,1.);
#4917 = DIRECTION('',(0.,0.933580426497,-0.358367949545));
#4918 = PCURVE('',#126,#4919);
#4919 = DEFINITIONAL_REPRESENTATION('',(#4920),#4924);
#4920 = LINE('',#4921,#4922);
#4921 = CARTESIAN_POINT('',(-66.96530698271,26.108682190245));
#4922 = VECTOR('',#4923,1.);
#4923 = DIRECTION('',(-0.358367949545,-0.933580426497));
#4924 = ( GEOMETRIC_REPRESENTATION_CONTEXT(2) 
PARAMETRIC_REPRESENTATION_CONTEXT() REPRESENTATION_CONTEXT('2D SPACE',''
  ) );
#4925 = PCURVE('',#4926,#4931);
#4926 = PLANE('',#4927);
#4927 = AXIS2_PLACEMENT_3D('',#4928,#4929,#4930);
#4928 = CARTESIAN_POINT('',(-14.,-26.10868219024,-66.96530698271));
#4929 = DIRECTION('',(-0.,0.358367949545,0.933580426497));
#4930 = DIRECTION('',(0.,0.933580426497,-0.358367949545));
#4931 = DEFINITIONAL_REPRESENTATION('',(#4932),#4936);
#4932 = LINE('',#4933,#4934);
#4933 = CARTESIAN_POINT('',(0.,0.));
#4934 = VECTOR('',#4935,1.);
#4935 = DIRECTION('',(1.,0.));
#4936 = ( GEOMETRIC_REPRESENTATION_CONTEXT(2) 
PARAMETRIC_REPRESENTATION_CONTEXT() REPRESENTATION_CONTEXT('2D SPACE',''
  ) );
#4937 = ORIENTED_EDGE('',*,*,#4938,.T.);
#4938 = EDGE_CURVE('',#4911,#4939,#4941,.T.);
#4939 = VERTEX_POINT('',#4940);
#4940 = CARTESIAN_POINT('',(-14.,-25.64039614704,-73.13562801687));
#4941 = SURFACE_CURVE('',#4942,(#4946,#4953),.PCURVE_S1.);
#4942 = LINE('',#4943,#4944);
#4943 = CARTESIAN_POINT('',(-14.,-25.40600439663,-67.23503971589));
#4944 = VECTOR('',#4945,1.);
#4945 = DIRECTION('',(0.,-3.969215059134E-02,-0.999211956084));
#4946 = PCURVE('',#126,#4947);
#4947 = DEFINITIONAL_REPRESENTATION('',(#4948),#4952);
#4948 = LINE('',#4949,#4950);
#4949 = CARTESIAN_POINT('',(-67.23503971589,25.406004396634));
#4950 = VECTOR('',#4951,1.);
#4951 = DIRECTION('',(-0.999211956084,3.969215059134E-02));
#4952 = ( GEOMETRIC_REPRESENTATION_CONTEXT(2) 
PARAMETRIC_REPRESENTATION_CONTEXT() REPRESENTATION_CONTEXT('2D SPACE',''
  ) );
#4953 = PCURVE('',#4954,#4959);
#4954 = PLANE('',#4955);
#4955 = AXIS2_PLACEMENT_3D('',#4956,#4957,#4958);
#4956 = CARTESIAN_POINT('',(-14.,-25.40600439663,-67.23503971589));
#4957 = DIRECTION('',(0.,0.999211956084,-3.969215059134E-02));
#4958 = DIRECTION('',(0.,-3.969215059134E-02,-0.999211956084));
#4959 = DEFINITIONAL_REPRESENTATION('',(#4960),#4964);
#4960 = LINE('',#4961,#4962);
#4961 = CARTESIAN_POINT('',(0.,0.));
#4962 = VECTOR('',#4963,1.);
#4963 = DIRECTION('',(1.,0.));
#4964 = ( GEOMETRIC_REPRESENTATION_CONTEXT(2) 
PARAMETRIC_REPRESENTATION_CONTEXT() REPRESENTATION_CONTEXT('2D SPACE',''
  ) );
#4965 = ORIENTED_EDGE('',*,*,#4966,.T.);
#4966 = EDGE_CURVE('',#4939,#4967,#4969,.T.);
#4967 = VERTEX_POINT('',#4968);
#4968 = CARTESIAN_POINT('',(-14.,-22.24452734,-74.2390126781));
#4969 = SURFACE_CURVE('',#4970,(#4974,#4981),.PCURVE_S1.);
#4970 = LINE('',#4971,#4972);
#4971 = CARTESIAN_POINT('',(-14.,-25.64039614704,-73.13562801687));
#4972 = VECTOR('',#4973,1.);
#4973 = DIRECTION('',(0.,0.951056516295,-0.309016994375));
#4974 = PCURVE('',#126,#4975);
#4975 = DEFINITIONAL_REPRESENTATION('',(#4976),#4980);
#4976 = LINE('',#4977,#4978);
#4977 = CARTESIAN_POINT('',(-73.13562801687,25.640396147047));
#4978 = VECTOR('',#4979,1.);
#4979 = DIRECTION('',(-0.309016994375,-0.951056516295));
#4980 = ( GEOMETRIC_REPRESENTATION_CONTEXT(2) 
PARAMETRIC_REPRESENTATION_CONTEXT() REPRESENTATION_CONTEXT('2D SPACE',''
  ) );
#4981 = PCURVE('',#4982,#4987);
#4982 = PLANE('',#4983);
#4983 = AXIS2_PLACEMENT_3D('',#4984,#4985,#4986);
#4984 = CARTESIAN_POINT('',(-14.,-25.64039614704,-73.13562801687));
#4985 = DIRECTION('',(-0.,0.309016994375,0.951056516295));
#4986 = DIRECTION('',(0.,0.951056516295,-0.309016994375));
#4987 = DEFINITIONAL_REPRESENTATION('',(#4988),#4992);
#4988 = LINE('',#4989,#4990);
#4989 = CARTESIAN_POINT('',(0.,0.));
#4990 = VECTOR('',#4991,1.);
#4991 = DIRECTION('',(1.,0.));
#4992 = ( GEOMETRIC_REPRESENTATION_CONTEXT(2) 
PARAMETRIC_REPRESENTATION_CONTEXT() REPRESENTATION_CONTEXT('2D SPACE',''
  ) );
#4993 = ORIENTED_EDGE('',*,*,#4994,.T.);
#4994 = EDGE_CURVE('',#4967,#4995,#4997,.T.);
#4995 = VERTEX_POINT('',#4996);
#4996 = CARTESIAN_POINT('',(-14.,-18.96587546626,-69.32756445165));
#4997 = SURFACE_CURVE('',#4998,(#5002,#5009),.PCURVE_S1.);
#4998 = LINE('',#4999,#5000);
#4999 = CARTESIAN_POINT('',(-14.,-22.24452734,-74.2390126781));
#5000 = VECTOR('',#5001,1.);
#5001 = DIRECTION('',(0.,0.555210427329,0.831709914204));
#5002 = PCURVE('',#126,#5003);
#5003 = DEFINITIONAL_REPRESENTATION('',(#5004),#5008);
#5004 = LINE('',#5005,#5006);
#5005 = CARTESIAN_POINT('',(-74.2390126781,22.24452734));
#5006 = VECTOR('',#5007,1.);
#5007 = DIRECTION('',(0.831709914204,-0.555210427329));
#5008 = ( GEOMETRIC_REPRESENTATION_CONTEXT(2) 
PARAMETRIC_REPRESENTATION_CONTEXT() REPRESENTATION_CONTEXT('2D SPACE',''
  ) );
#5009 = PCURVE('',#5010,#5015);
#5010 = PLANE('',#5011);
#5011 = AXIS2_PLACEMENT_3D('',#5012,#5013,#5014);
#5012 = CARTESIAN_POINT('',(-14.,-22.24452734,-74.2390126781));
#5013 = DIRECTION('',(0.,-0.831709914204,0.555210427329));
#5014 = DIRECTION('',(0.,0.555210427329,0.831709914204));
#5015 = DEFINITIONAL_REPRESENTATION('',(#5016),#5020);
#5016 = LINE('',#5017,#5018);
#5017 = CARTESIAN_POINT('',(0.,0.));
#5018 = VECTOR('',#5019,1.);
#5019 = DIRECTION('',(1.,0.));
#5020 = ( GEOMETRIC_REPRESENTATION_CONTEXT(2) 
PARAMETRIC_REPRESENTATION_CONTEXT() REPRESENTATION_CONTEXT('2D SPACE',''
  ) );
#5021 = ORIENTED_EDGE('',*,*,#5022,.T.);
#5022 = EDGE_CURVE('',#4995,#5023,#5025,.T.);
#5023 = VERTEX_POINT('',#5024);
#5024 = CARTESIAN_POINT('',(-14.,-18.23885226703,-69.52236973076));
#5025 = SURFACE_CURVE('',#5026,(#5030,#5037),.PCURVE_S1.);
#5026 = LINE('',#5027,#5028);
#5027 = CARTESIAN_POINT('',(-14.,-18.96587546626,-69.32756445165));
#5028 = VECTOR('',#5029,1.);
#5029 = DIRECTION('',(0.,0.965925826289,-0.258819045103));
#5030 = PCURVE('',#126,#5031);
#5031 = DEFINITIONAL_REPRESENTATION('',(#5032),#5036);
#5032 = LINE('',#5033,#5034);
#5033 = CARTESIAN_POINT('',(-69.32756445165,18.965875466261));
#5034 = VECTOR('',#5035,1.);
#5035 = DIRECTION('',(-0.258819045103,-0.965925826289));
#5036 = ( GEOMETRIC_REPRESENTATION_CONTEXT(2) 
PARAMETRIC_REPRESENTATION_CONTEXT() REPRESENTATION_CONTEXT('2D SPACE',''
  ) );
#5037 = PCURVE('',#5038,#5043);
#5038 = PLANE('',#5039);
#5039 = AXIS2_PLACEMENT_3D('',#5040,#5041,#5042);
#5040 = CARTESIAN_POINT('',(-14.,-18.96587546626,-69.32756445165));
#5041 = DIRECTION('',(-0.,0.258819045103,0.965925826289));
#5042 = DIRECTION('',(0.,0.965925826289,-0.258819045103));
#5043 = DEFINITIONAL_REPRESENTATION('',(#5044),#5048);
#5044 = LINE('',#5045,#5046);
#5045 = CARTESIAN_POINT('',(0.,0.));
#5046 = VECTOR('',#5047,1.);
#5047 = DIRECTION('',(1.,0.));
#5048 = ( GEOMETRIC_REPRESENTATION_CONTEXT(2) 
PARAMETRIC_REPRESENTATION_CONTEXT() REPRESENTATION_CONTEXT('2D SPACE',''
  ) );
#5049 = ORIENTED_EDGE('',*,*,#5050,.T.);
#5050 = EDGE_CURVE('',#5023,#5051,#5053,.T.);
#5051 = VERTEX_POINT('',#5052);
#5052 = CARTESIAN_POINT('',(-14.,-17.85518056743,-75.41513460111));
#5053 = SURFACE_CURVE('',#5054,(#5058,#5065),.PCURVE_S1.);
#5054 = LINE('',#5055,#5056);
#5055 = CARTESIAN_POINT('',(-14.,-18.23885226703,-69.52236973076));
#5056 = VECTOR('',#5057,1.);
#5057 = DIRECTION('',(0.,6.49713774108E-02,-0.997887127945));
#5058 = PCURVE('',#126,#5059);
#5059 = DEFINITIONAL_REPRESENTATION('',(#5060),#5064);
#5060 = LINE('',#5061,#5062);
#5061 = CARTESIAN_POINT('',(-69.52236973076,18.238852267033));
#5062 = VECTOR('',#5063,1.);
#5063 = DIRECTION('',(-0.997887127945,-6.49713774108E-02));
#5064 = ( GEOMETRIC_REPRESENTATION_CONTEXT(2) 
PARAMETRIC_REPRESENTATION_CONTEXT() REPRESENTATION_CONTEXT('2D SPACE',''
  ) );
#5065 = PCURVE('',#5066,#5071);
#5066 = PLANE('',#5067);
#5067 = AXIS2_PLACEMENT_3D('',#5068,#5069,#5070);
#5068 = CARTESIAN_POINT('',(-14.,-18.23885226703,-69.52236973076));
#5069 = DIRECTION('',(-0.,0.997887127945,6.49713774108E-02));
#5070 = DIRECTION('',(0.,6.49713774108E-02,-0.997887127945));
#5071 = DEFINITIONAL_REPRESENTATION('',(#5072),#5076);
#5072 = LINE('',#5073,#5074);
#5073 = CARTESIAN_POINT('',(0.,0.));
#5074 = VECTOR('',#5075,1.);
#5075 = DIRECTION('',(1.,0.));
#5076 = ( GEOMETRIC_REPRESENTATION_CONTEXT(2) 
PARAMETRIC_REPRESENTATION_CONTEXT() REPRESENTATION_CONTEXT('2D SPACE',''
  ) );
#5077 = ORIENTED_EDGE('',*,*,#5078,.T.);
#5078 = EDGE_CURVE('',#5051,#5079,#5081,.T.);
#5079 = VERTEX_POINT('',#5080);
#5080 = CARTESIAN_POINT('',(-14.,-14.36257958199,-76.15750985786));
#5081 = SURFACE_CURVE('',#5082,(#5086,#5093),.PCURVE_S1.);
#5082 = LINE('',#5083,#5084);
#5083 = CARTESIAN_POINT('',(-14.,-17.85518056743,-75.41513460111));
#5084 = VECTOR('',#5085,1.);
#5085 = DIRECTION('',(0.,0.978147600734,-0.207911690818));
#5086 = PCURVE('',#126,#5087);
#5087 = DEFINITIONAL_REPRESENTATION('',(#5088),#5092);
#5088 = LINE('',#5089,#5090);
#5089 = CARTESIAN_POINT('',(-75.41513460111,17.855180567436));
#5090 = VECTOR('',#5091,1.);
#5091 = DIRECTION('',(-0.207911690818,-0.978147600734));
#5092 = ( GEOMETRIC_REPRESENTATION_CONTEXT(2) 
PARAMETRIC_REPRESENTATION_CONTEXT() REPRESENTATION_CONTEXT('2D SPACE',''
  ) );
#5093 = PCURVE('',#5094,#5099);
#5094 = PLANE('',#5095);
#5095 = AXIS2_PLACEMENT_3D('',#5096,#5097,#5098);
#5096 = CARTESIAN_POINT('',(-14.,-17.85518056743,-75.41513460111));
#5097 = DIRECTION('',(-0.,0.207911690818,0.978147600734));
#5098 = DIRECTION('',(0.,0.978147600734,-0.207911690818));
#5099 = DEFINITIONAL_REPRESENTATION('',(#5100),#5104);
#5100 = LINE('',#5101,#5102);
#5101 = CARTESIAN_POINT('',(0.,0.));
#5102 = VECTOR('',#5103,1.);
#5103 = DIRECTION('',(1.,0.));
#5104 = ( GEOMETRIC_REPRESENTATION_CONTEXT(2) 
PARAMETRIC_REPRESENTATION_CONTEXT() REPRESENTATION_CONTEXT('2D SPACE',''
  ) );
#5105 = ORIENTED_EDGE('',*,*,#5106,.T.);
#5106 = EDGE_CURVE('',#5079,#5107,#5109,.T.);
#5107 = VERTEX_POINT('',#5108);
#5108 = CARTESIAN_POINT('',(-14.,-11.6152746418,-70.93025461673));
#5109 = SURFACE_CURVE('',#5110,(#5114,#5121),.PCURVE_S1.);
#5110 = LINE('',#5111,#5112);
#5111 = CARTESIAN_POINT('',(-14.,-14.36257958199,-76.15750985786));
#5112 = VECTOR('',#5113,1.);
#5113 = DIRECTION('',(0.,0.465231567299,0.88518901303));
#5114 = PCURVE('',#126,#5115);
#5115 = DEFINITIONAL_REPRESENTATION('',(#5116),#5120);
#5116 = LINE('',#5117,#5118);
#5117 = CARTESIAN_POINT('',(-76.15750985786,14.362579581998));
#5118 = VECTOR('',#5119,1.);
#5119 = DIRECTION('',(0.88518901303,-0.465231567299));
#5120 = ( GEOMETRIC_REPRESENTATION_CONTEXT(2) 
PARAMETRIC_REPRESENTATION_CONTEXT() REPRESENTATION_CONTEXT('2D SPACE',''
  ) );
#5121 = PCURVE('',#5122,#5127);
#5122 = PLANE('',#5123);
#5123 = AXIS2_PLACEMENT_3D('',#5124,#5125,#5126);
#5124 = CARTESIAN_POINT('',(-14.,-14.36257958199,-76.15750985786));
#5125 = DIRECTION('',(0.,-0.88518901303,0.465231567299));
#5126 = DIRECTION('',(0.,0.465231567299,0.88518901303));
#5127 = DEFINITIONAL_REPRESENTATION('',(#5128),#5132);
#5128 = LINE('',#5129,#5130);
#5129 = CARTESIAN_POINT('',(0.,0.));
#5130 = VECTOR('',#5131,1.);
#5131 = DIRECTION('',(1.,0.));
#5132 = ( GEOMETRIC_REPRESENTATION_CONTEXT(2) 
PARAMETRIC_REPRESENTATION_CONTEXT() REPRESENTATION_CONTEXT('2D SPACE',''
  ) );
#5133 = ORIENTED_EDGE('',*,*,#5134,.T.);
#5134 = EDGE_CURVE('',#5107,#5135,#5137,.T.);
#5135 = VERTEX_POINT('',#5136);
#5136 = CARTESIAN_POINT('',(-14.,-10.87187145526,-71.04799811437));
#5137 = SURFACE_CURVE('',#5138,(#5142,#5149),.PCURVE_S1.);
#5138 = LINE('',#5139,#5140);
#5139 = CARTESIAN_POINT('',(-14.,-11.6152746418,-70.93025461673));
#5140 = VECTOR('',#5141,1.);
#5141 = DIRECTION('',(0.,0.987688340595,-0.15643446504));
#5142 = PCURVE('',#126,#5143);
#5143 = DEFINITIONAL_REPRESENTATION('',(#5144),#5148);
#5144 = LINE('',#5145,#5146);
#5145 = CARTESIAN_POINT('',(-70.93025461673,11.615274641804));
#5146 = VECTOR('',#5147,1.);
#5147 = DIRECTION('',(-0.15643446504,-0.987688340595));
#5148 = ( GEOMETRIC_REPRESENTATION_CONTEXT(2) 
PARAMETRIC_REPRESENTATION_CONTEXT() REPRESENTATION_CONTEXT('2D SPACE',''
  ) );
#5149 = PCURVE('',#5150,#5155);
#5150 = PLANE('',#5151);
#5151 = AXIS2_PLACEMENT_3D('',#5152,#5153,#5154);
#5152 = CARTESIAN_POINT('',(-14.,-11.6152746418,-70.93025461673));
#5153 = DIRECTION('',(-0.,0.15643446504,0.987688340595));
#5154 = DIRECTION('',(0.,0.987688340595,-0.15643446504));
#5155 = DEFINITIONAL_REPRESENTATION('',(#5156),#5160);
#5156 = LINE('',#5157,#5158);
#5157 = CARTESIAN_POINT('',(0.,0.));
#5158 = VECTOR('',#5159,1.);
#5159 = DIRECTION('',(1.,0.));
#5160 = ( GEOMETRIC_REPRESENTATION_CONTEXT(2) 
PARAMETRIC_REPRESENTATION_CONTEXT() REPRESENTATION_CONTEXT('2D SPACE',''
  ) );
#5161 = ORIENTED_EDGE('',*,*,#5162,.T.);
#5162 = EDGE_CURVE('',#5135,#5163,#5165,.T.);
#5163 = VERTEX_POINT('',#5164);
#5164 = CARTESIAN_POINT('',(-14.,-9.874339893091,-76.86837718903));
#5165 = SURFACE_CURVE('',#5166,(#5170,#5177),.PCURVE_S1.);
#5166 = LINE('',#5167,#5168);
#5167 = CARTESIAN_POINT('',(-14.,-10.87187145526,-71.04799811437));
#5168 = VECTOR('',#5169,1.);
#5169 = DIRECTION('',(0.,0.168923065406,-0.98562923961));
#5170 = PCURVE('',#126,#5171);
#5171 = DEFINITIONAL_REPRESENTATION('',(#5172),#5176);
#5172 = LINE('',#5173,#5174);
#5173 = CARTESIAN_POINT('',(-71.04799811437,10.871871455269));
#5174 = VECTOR('',#5175,1.);
#5175 = DIRECTION('',(-0.98562923961,-0.168923065406));
#5176 = ( GEOMETRIC_REPRESENTATION_CONTEXT(2) 
PARAMETRIC_REPRESENTATION_CONTEXT() REPRESENTATION_CONTEXT('2D SPACE',''
  ) );
#5177 = PCURVE('',#5178,#5183);
#5178 = PLANE('',#5179);
#5179 = AXIS2_PLACEMENT_3D('',#5180,#5181,#5182);
#5180 = CARTESIAN_POINT('',(-14.,-10.87187145526,-71.04799811437));
#5181 = DIRECTION('',(-0.,0.98562923961,0.168923065406));
#5182 = DIRECTION('',(0.,0.168923065406,-0.98562923961));
#5183 = DEFINITIONAL_REPRESENTATION('',(#5184),#5188);
#5184 = LINE('',#5185,#5186);
#5185 = CARTESIAN_POINT('',(0.,0.));
#5186 = VECTOR('',#5187,1.);
#5187 = DIRECTION('',(1.,0.));
#5188 = ( GEOMETRIC_REPRESENTATION_CONTEXT(2) 
PARAMETRIC_REPRESENTATION_CONTEXT() REPRESENTATION_CONTEXT('2D SPACE',''
  ) );
#5189 = ORIENTED_EDGE('',*,*,#5190,.T.);
#5190 = EDGE_CURVE('',#5163,#5191,#5193,.T.);
#5191 = VERTEX_POINT('',#5192);
#5192 = CARTESIAN_POINT('',(-14.,-6.323272396532,-77.24160942263));
#5193 = SURFACE_CURVE('',#5194,(#5198,#5205),.PCURVE_S1.);
#5194 = LINE('',#5195,#5196);
#5195 = CARTESIAN_POINT('',(-14.,-9.874339893091,-76.86837718903));
#5196 = VECTOR('',#5197,1.);
#5197 = DIRECTION('',(0.,0.994521895368,-0.104528463268));
#5198 = PCURVE('',#126,#5199);
#5199 = DEFINITIONAL_REPRESENTATION('',(#5200),#5204);
#5200 = LINE('',#5201,#5202);
#5201 = CARTESIAN_POINT('',(-76.86837718903,9.874339893091));
#5202 = VECTOR('',#5203,1.);
#5203 = DIRECTION('',(-0.104528463268,-0.994521895368));
#5204 = ( GEOMETRIC_REPRESENTATION_CONTEXT(2) 
PARAMETRIC_REPRESENTATION_CONTEXT() REPRESENTATION_CONTEXT('2D SPACE',''
  ) );
#5205 = PCURVE('',#5206,#5211);
#5206 = PLANE('',#5207);
#5207 = AXIS2_PLACEMENT_3D('',#5208,#5209,#5210);
#5208 = CARTESIAN_POINT('',(-14.,-9.874339893091,-76.86837718903));
#5209 = DIRECTION('',(-0.,0.104528463268,0.994521895368));
#5210 = DIRECTION('',(0.,0.994521895368,-0.104528463268));
#5211 = DEFINITIONAL_REPRESENTATION('',(#5212),#5216);
#5212 = LINE('',#5213,#5214);
#5213 = CARTESIAN_POINT('',(0.,0.));
#5214 = VECTOR('',#5215,1.);
#5215 = DIRECTION('',(1.,0.));
#5216 = ( GEOMETRIC_REPRESENTATION_CONTEXT(2) 
PARAMETRIC_REPRESENTATION_CONTEXT() REPRESENTATION_CONTEXT('2D SPACE',''
  ) );
#5217 = ORIENTED_EDGE('',*,*,#5218,.T.);
#5218 = EDGE_CURVE('',#5191,#5219,#5221,.T.);
#5219 = VERTEX_POINT('',#5220);
#5220 = CARTESIAN_POINT('',(-14.,-4.137414437719,-71.75581806913));
#5221 = SURFACE_CURVE('',#5222,(#5226,#5233),.PCURVE_S1.);
#5222 = LINE('',#5223,#5224);
#5223 = CARTESIAN_POINT('',(-14.,-6.323272396532,-77.24160942263));
#5224 = VECTOR('',#5225,1.);
#5225 = DIRECTION('',(0.,0.370155532862,0.928969795791));
#5226 = PCURVE('',#126,#5227);
#5227 = DEFINITIONAL_REPRESENTATION('',(#5228),#5232);
#5228 = LINE('',#5229,#5230);
#5229 = CARTESIAN_POINT('',(-77.24160942263,6.323272396532));
#5230 = VECTOR('',#5231,1.);
#5231 = DIRECTION('',(0.928969795791,-0.370155532862));
#5232 = ( GEOMETRIC_REPRESENTATION_CONTEXT(2) 
PARAMETRIC_REPRESENTATION_CONTEXT() REPRESENTATION_CONTEXT('2D SPACE',''
  ) );
#5233 = PCURVE('',#5234,#5239);
#5234 = PLANE('',#5235);
#5235 = AXIS2_PLACEMENT_3D('',#5236,#5237,#5238);
#5236 = CARTESIAN_POINT('',(-14.,-6.323272396532,-77.24160942263));
#5237 = DIRECTION('',(0.,-0.928969795791,0.370155532862));
#5238 = DIRECTION('',(0.,0.370155532862,0.928969795791));
#5239 = DEFINITIONAL_REPRESENTATION('',(#5240),#5244);
#5240 = LINE('',#5241,#5242);
#5241 = CARTESIAN_POINT('',(0.,0.));
#5242 = VECTOR('',#5243,1.);
#5243 = DIRECTION('',(1.,0.));
#5244 = ( GEOMETRIC_REPRESENTATION_CONTEXT(2) 
PARAMETRIC_REPRESENTATION_CONTEXT() REPRESENTATION_CONTEXT('2D SPACE',''
  ) );
#5245 = ORIENTED_EDGE('',*,*,#5246,.T.);
#5246 = EDGE_CURVE('',#5219,#5247,#5249,.T.);
#5247 = VERTEX_POINT('',#5248);
#5248 = CARTESIAN_POINT('',(-14.,-3.385776144756,-71.79520976289));
#5249 = SURFACE_CURVE('',#5250,(#5254,#5261),.PCURVE_S1.);
#5250 = LINE('',#5251,#5252);
#5251 = CARTESIAN_POINT('',(-14.,-4.137414437719,-71.75581806913));
#5252 = VECTOR('',#5253,1.);
#5253 = DIRECTION('',(0.,0.998629534755,-5.233595624294E-02));
#5254 = PCURVE('',#126,#5255);
#5255 = DEFINITIONAL_REPRESENTATION('',(#5256),#5260);
#5256 = LINE('',#5257,#5258);
#5257 = CARTESIAN_POINT('',(-71.75581806913,4.137414437719));
#5258 = VECTOR('',#5259,1.);
#5259 = DIRECTION('',(-5.233595624294E-02,-0.998629534755));
#5260 = ( GEOMETRIC_REPRESENTATION_CONTEXT(2) 
PARAMETRIC_REPRESENTATION_CONTEXT() REPRESENTATION_CONTEXT('2D SPACE',''
  ) );
#5261 = PCURVE('',#5262,#5267);
#5262 = PLANE('',#5263);
#5263 = AXIS2_PLACEMENT_3D('',#5264,#5265,#5266);
#5264 = CARTESIAN_POINT('',(-14.,-4.137414437719,-71.75581806913));
#5265 = DIRECTION('',(-0.,5.233595624294E-02,0.998629534755));
#5266 = DIRECTION('',(0.,0.998629534755,-5.233595624294E-02));
#5267 = DEFINITIONAL_REPRESENTATION('',(#5268),#5272);
#5268 = LINE('',#5269,#5270);
#5269 = CARTESIAN_POINT('',(0.,0.));
#5270 = VECTOR('',#5271,1.);
#5271 = DIRECTION('',(1.,0.));
#5272 = ( GEOMETRIC_REPRESENTATION_CONTEXT(2) 
PARAMETRIC_REPRESENTATION_CONTEXT() REPRESENTATION_CONTEXT('2D SPACE',''
  ) );
#5273 = ORIENTED_EDGE('',*,*,#5274,.T.);
#5274 = EDGE_CURVE('',#5247,#5275,#5277,.T.);
#5275 = VERTEX_POINT('',#5276);
#5276 = CARTESIAN_POINT('',(-14.,-1.78531388454,-77.47943375072));
#5277 = SURFACE_CURVE('',#5278,(#5282,#5289),.PCURVE_S1.);
#5278 = LINE('',#5279,#5280);
#5279 = CARTESIAN_POINT('',(-14.,-3.385776144756,-71.79520976289));
#5280 = VECTOR('',#5281,1.);
#5281 = DIRECTION('',(0.,0.271023996947,-0.96257259107));
#5282 = PCURVE('',#126,#5283);
#5283 = DEFINITIONAL_REPRESENTATION('',(#5284),#5288);
#5284 = LINE('',#5285,#5286);
#5285 = CARTESIAN_POINT('',(-71.79520976289,3.385776144756));
#5286 = VECTOR('',#5287,1.);
#5287 = DIRECTION('',(-0.96257259107,-0.271023996947));
#5288 = ( GEOMETRIC_REPRESENTATION_CONTEXT(2) 
PARAMETRIC_REPRESENTATION_CONTEXT() REPRESENTATION_CONTEXT('2D SPACE',''
  ) );
#5289 = PCURVE('',#5290,#5295);
#5290 = PLANE('',#5291);
#5291 = AXIS2_PLACEMENT_3D('',#5292,#5293,#5294);
#5292 = CARTESIAN_POINT('',(-14.,-3.385776144756,-71.79520976289));
#5293 = DIRECTION('',(-0.,0.96257259107,0.271023996947));
#5294 = DIRECTION('',(0.,0.271023996947,-0.96257259107));
#5295 = DEFINITIONAL_REPRESENTATION('',(#5296),#5300);
#5296 = LINE('',#5297,#5298);
#5297 = CARTESIAN_POINT('',(0.,0.));
#5298 = VECTOR('',#5299,1.);
#5299 = DIRECTION('',(1.,0.));
#5300 = ( GEOMETRIC_REPRESENTATION_CONTEXT(2) 
PARAMETRIC_REPRESENTATION_CONTEXT() REPRESENTATION_CONTEXT('2D SPACE',''
  ) );
#5301 = ORIENTED_EDGE('',*,*,#5302,.T.);
#5302 = EDGE_CURVE('',#5275,#5303,#5305,.T.);
#5303 = VERTEX_POINT('',#5304);
#5304 = CARTESIAN_POINT('',(-14.,1.785313884539,-77.47943375072));
#5305 = SURFACE_CURVE('',#5306,(#5310,#5317),.PCURVE_S1.);
#5306 = LINE('',#5307,#5308);
#5307 = CARTESIAN_POINT('',(-14.,-1.78531388454,-77.47943375072));
#5308 = VECTOR('',#5309,1.);
#5309 = DIRECTION('',(0.,1.,0.));
#5310 = PCURVE('',#126,#5311);
#5311 = DEFINITIONAL_REPRESENTATION('',(#5312),#5316);
#5312 = LINE('',#5313,#5314);
#5313 = CARTESIAN_POINT('',(-77.47943375072,1.78531388454));
#5314 = VECTOR('',#5315,1.);
#5315 = DIRECTION('',(0.,-1.));
#5316 = ( GEOMETRIC_REPRESENTATION_CONTEXT(2) 
PARAMETRIC_REPRESENTATION_CONTEXT() REPRESENTATION_CONTEXT('2D SPACE',''
  ) );
#5317 = PCURVE('',#5318,#5323);
#5318 = PLANE('',#5319);
#5319 = AXIS2_PLACEMENT_3D('',#5320,#5321,#5322);
#5320 = CARTESIAN_POINT('',(-14.,-1.78531388454,-77.47943375072));
#5321 = DIRECTION('',(0.,0.,1.));
#5322 = DIRECTION('',(0.,1.,0.));
#5323 = DEFINITIONAL_REPRESENTATION('',(#5324),#5328);
#5324 = LINE('',#5325,#5326);
#5325 = CARTESIAN_POINT('',(0.,0.));
#5326 = VECTOR('',#5327,1.);
#5327 = DIRECTION('',(1.,0.));
#5328 = ( GEOMETRIC_REPRESENTATION_CONTEXT(2) 
PARAMETRIC_REPRESENTATION_CONTEXT() REPRESENTATION_CONTEXT('2D SPACE',''
  ) );
#5329 = ORIENTED_EDGE('',*,*,#5330,.T.);
#5330 = EDGE_CURVE('',#5303,#5331,#5333,.T.);
#5331 = VERTEX_POINT('',#5332);
#5332 = CARTESIAN_POINT('',(-14.,3.385776144756,-71.79520976289));
#5333 = SURFACE_CURVE('',#5334,(#5338,#5345),.PCURVE_S1.);
#5334 = LINE('',#5335,#5336);
#5335 = CARTESIAN_POINT('',(-14.,1.785313884539,-77.47943375072));
#5336 = VECTOR('',#5337,1.);
#5337 = DIRECTION('',(0.,0.271023996947,0.96257259107));
#5338 = PCURVE('',#126,#5339);
#5339 = DEFINITIONAL_REPRESENTATION('',(#5340),#5344);
#5340 = LINE('',#5341,#5342);
#5341 = CARTESIAN_POINT('',(-77.47943375072,-1.785313884539));
#5342 = VECTOR('',#5343,1.);
#5343 = DIRECTION('',(0.96257259107,-0.271023996947));
#5344 = ( GEOMETRIC_REPRESENTATION_CONTEXT(2) 
PARAMETRIC_REPRESENTATION_CONTEXT() REPRESENTATION_CONTEXT('2D SPACE',''
  ) );
#5345 = PCURVE('',#5346,#5351);
#5346 = PLANE('',#5347);
#5347 = AXIS2_PLACEMENT_3D('',#5348,#5349,#5350);
#5348 = CARTESIAN_POINT('',(-14.,1.785313884539,-77.47943375072));
#5349 = DIRECTION('',(0.,-0.96257259107,0.271023996947));
#5350 = DIRECTION('',(0.,0.271023996947,0.96257259107));
#5351 = DEFINITIONAL_REPRESENTATION('',(#5352),#5356);
#5352 = LINE('',#5353,#5354);
#5353 = CARTESIAN_POINT('',(0.,0.));
#5354 = VECTOR('',#5355,1.);
#5355 = DIRECTION('',(1.,0.));
#5356 = ( GEOMETRIC_REPRESENTATION_CONTEXT(2) 
PARAMETRIC_REPRESENTATION_CONTEXT() REPRESENTATION_CONTEXT('2D SPACE',''
  ) );
#5357 = ORIENTED_EDGE('',*,*,#5358,.T.);
#5358 = EDGE_CURVE('',#5331,#5359,#5361,.T.);
#5359 = VERTEX_POINT('',#5360);
#5360 = CARTESIAN_POINT('',(-14.,4.137414437719,-71.75581806913));
#5361 = SURFACE_CURVE('',#5362,(#5366,#5373),.PCURVE_S1.);
#5362 = LINE('',#5363,#5364);
#5363 = CARTESIAN_POINT('',(-14.,3.385776144756,-71.79520976289));
#5364 = VECTOR('',#5365,1.);
#5365 = DIRECTION('',(0.,0.998629534755,5.233595624294E-02));
#5366 = PCURVE('',#126,#5367);
#5367 = DEFINITIONAL_REPRESENTATION('',(#5368),#5372);
#5368 = LINE('',#5369,#5370);
#5369 = CARTESIAN_POINT('',(-71.79520976289,-3.385776144755));
#5370 = VECTOR('',#5371,1.);
#5371 = DIRECTION('',(5.233595624294E-02,-0.998629534755));
#5372 = ( GEOMETRIC_REPRESENTATION_CONTEXT(2) 
PARAMETRIC_REPRESENTATION_CONTEXT() REPRESENTATION_CONTEXT('2D SPACE',''
  ) );
#5373 = PCURVE('',#5374,#5379);
#5374 = PLANE('',#5375);
#5375 = AXIS2_PLACEMENT_3D('',#5376,#5377,#5378);
#5376 = CARTESIAN_POINT('',(-14.,3.385776144756,-71.79520976289));
#5377 = DIRECTION('',(0.,-5.233595624294E-02,0.998629534755));
#5378 = DIRECTION('',(0.,0.998629534755,5.233595624294E-02));
#5379 = DEFINITIONAL_REPRESENTATION('',(#5380),#5384);
#5380 = LINE('',#5381,#5382);
#5381 = CARTESIAN_POINT('',(0.,0.));
#5382 = VECTOR('',#5383,1.);
#5383 = DIRECTION('',(1.,0.));
#5384 = ( GEOMETRIC_REPRESENTATION_CONTEXT(2) 
PARAMETRIC_REPRESENTATION_CONTEXT() REPRESENTATION_CONTEXT('2D SPACE',''
  ) );
#5385 = ORIENTED_EDGE('',*,*,#5386,.T.);
#5386 = EDGE_CURVE('',#5359,#5387,#5389,.T.);
#5387 = VERTEX_POINT('',#5388);
#5388 = CARTESIAN_POINT('',(-14.,6.323272396532,-77.24160942263));
#5389 = SURFACE_CURVE('',#5390,(#5394,#5401),.PCURVE_S1.);
#5390 = LINE('',#5391,#5392);
#5391 = CARTESIAN_POINT('',(-14.,4.137414437719,-71.75581806913));
#5392 = VECTOR('',#5393,1.);
#5393 = DIRECTION('',(0.,0.370155532862,-0.928969795791));
#5394 = PCURVE('',#126,#5395);
#5395 = DEFINITIONAL_REPRESENTATION('',(#5396),#5400);
#5396 = LINE('',#5397,#5398);
#5397 = CARTESIAN_POINT('',(-71.75581806913,-4.137414437719));
#5398 = VECTOR('',#5399,1.);
#5399 = DIRECTION('',(-0.928969795791,-0.370155532862));
#5400 = ( GEOMETRIC_REPRESENTATION_CONTEXT(2) 
PARAMETRIC_REPRESENTATION_CONTEXT() REPRESENTATION_CONTEXT('2D SPACE',''
  ) );
#5401 = PCURVE('',#5402,#5407);
#5402 = PLANE('',#5403);
#5403 = AXIS2_PLACEMENT_3D('',#5404,#5405,#5406);
#5404 = CARTESIAN_POINT('',(-14.,4.137414437719,-71.75581806913));
#5405 = DIRECTION('',(-0.,0.928969795791,0.370155532862));
#5406 = DIRECTION('',(0.,0.370155532862,-0.928969795791));
#5407 = DEFINITIONAL_REPRESENTATION('',(#5408),#5412);
#5408 = LINE('',#5409,#5410);
#5409 = CARTESIAN_POINT('',(0.,0.));
#5410 = VECTOR('',#5411,1.);
#5411 = DIRECTION('',(1.,0.));
#5412 = ( GEOMETRIC_REPRESENTATION_CONTEXT(2) 
PARAMETRIC_REPRESENTATION_CONTEXT() REPRESENTATION_CONTEXT('2D SPACE',''
  ) );
#5413 = ORIENTED_EDGE('',*,*,#5414,.T.);
#5414 = EDGE_CURVE('',#5387,#5415,#5417,.T.);
#5415 = VERTEX_POINT('',#5416);
#5416 = CARTESIAN_POINT('',(-14.,9.874339893091,-76.86837718903));
#5417 = SURFACE_CURVE('',#5418,(#5422,#5429),.PCURVE_S1.);
#5418 = LINE('',#5419,#5420);
#5419 = CARTESIAN_POINT('',(-14.,6.323272396532,-77.24160942263));
#5420 = VECTOR('',#5421,1.);
#5421 = DIRECTION('',(0.,0.994521895368,0.104528463268));
#5422 = PCURVE('',#126,#5423);
#5423 = DEFINITIONAL_REPRESENTATION('',(#5424),#5428);
#5424 = LINE('',#5425,#5426);
#5425 = CARTESIAN_POINT('',(-77.24160942263,-6.323272396532));
#5426 = VECTOR('',#5427,1.);
#5427 = DIRECTION('',(0.104528463268,-0.994521895368));
#5428 = ( GEOMETRIC_REPRESENTATION_CONTEXT(2) 
PARAMETRIC_REPRESENTATION_CONTEXT() REPRESENTATION_CONTEXT('2D SPACE',''
  ) );
#5429 = PCURVE('',#5430,#5435);
#5430 = PLANE('',#5431);
#5431 = AXIS2_PLACEMENT_3D('',#5432,#5433,#5434);
#5432 = CARTESIAN_POINT('',(-14.,6.323272396532,-77.24160942263));
#5433 = DIRECTION('',(0.,-0.104528463268,0.994521895368));
#5434 = DIRECTION('',(0.,0.994521895368,0.104528463268));
#5435 = DEFINITIONAL_REPRESENTATION('',(#5436),#5440);
#5436 = LINE('',#5437,#5438);
#5437 = CARTESIAN_POINT('',(0.,0.));
#5438 = VECTOR('',#5439,1.);
#5439 = DIRECTION('',(1.,0.));
#5440 = ( GEOMETRIC_REPRESENTATION_CONTEXT(2) 
PARAMETRIC_REPRESENTATION_CONTEXT() REPRESENTATION_CONTEXT('2D SPACE',''
  ) );
#5441 = ORIENTED_EDGE('',*,*,#5442,.T.);
#5442 = EDGE_CURVE('',#5415,#5443,#5445,.T.);
#5443 = VERTEX_POINT('',#5444);
#5444 = CARTESIAN_POINT('',(-14.,10.871871455269,-71.04799811437));
#5445 = SURFACE_CURVE('',#5446,(#5450,#5457),.PCURVE_S1.);
#5446 = LINE('',#5447,#5448);
#5447 = CARTESIAN_POINT('',(-14.,9.874339893091,-76.86837718903));
#5448 = VECTOR('',#5449,1.);
#5449 = DIRECTION('',(0.,0.168923065406,0.98562923961));
#5450 = PCURVE('',#126,#5451);
#5451 = DEFINITIONAL_REPRESENTATION('',(#5452),#5456);
#5452 = LINE('',#5453,#5454);
#5453 = CARTESIAN_POINT('',(-76.86837718903,-9.874339893091));
#5454 = VECTOR('',#5455,1.);
#5455 = DIRECTION('',(0.98562923961,-0.168923065406));
#5456 = ( GEOMETRIC_REPRESENTATION_CONTEXT(2) 
PARAMETRIC_REPRESENTATION_CONTEXT() REPRESENTATION_CONTEXT('2D SPACE',''
  ) );
#5457 = PCURVE('',#5458,#5463);
#5458 = PLANE('',#5459);
#5459 = AXIS2_PLACEMENT_3D('',#5460,#5461,#5462);
#5460 = CARTESIAN_POINT('',(-14.,9.874339893091,-76.86837718903));
#5461 = DIRECTION('',(0.,-0.98562923961,0.168923065406));
#5462 = DIRECTION('',(0.,0.168923065406,0.98562923961));
#5463 = DEFINITIONAL_REPRESENTATION('',(#5464),#5468);
#5464 = LINE('',#5465,#5466);
#5465 = CARTESIAN_POINT('',(0.,0.));
#5466 = VECTOR('',#5467,1.);
#5467 = DIRECTION('',(1.,0.));
#5468 = ( GEOMETRIC_REPRESENTATION_CONTEXT(2) 
PARAMETRIC_REPRESENTATION_CONTEXT() REPRESENTATION_CONTEXT('2D SPACE',''
  ) );
#5469 = ORIENTED_EDGE('',*,*,#5470,.T.);
#5470 = EDGE_CURVE('',#5443,#5471,#5473,.T.);
#5471 = VERTEX_POINT('',#5472);
#5472 = CARTESIAN_POINT('',(-14.,11.615274641804,-70.93025461673));
#5473 = SURFACE_CURVE('',#5474,(#5478,#5485),.PCURVE_S1.);
#5474 = LINE('',#5475,#5476);
#5475 = CARTESIAN_POINT('',(-14.,10.871871455269,-71.04799811437));
#5476 = VECTOR('',#5477,1.);
#5477 = DIRECTION('',(0.,0.987688340595,0.15643446504));
#5478 = PCURVE('',#126,#5479);
#5479 = DEFINITIONAL_REPRESENTATION('',(#5480),#5484);
#5480 = LINE('',#5481,#5482);
#5481 = CARTESIAN_POINT('',(-71.04799811437,-10.87187145526));
#5482 = VECTOR('',#5483,1.);
#5483 = DIRECTION('',(0.15643446504,-0.987688340595));
#5484 = ( GEOMETRIC_REPRESENTATION_CONTEXT(2) 
PARAMETRIC_REPRESENTATION_CONTEXT() REPRESENTATION_CONTEXT('2D SPACE',''
  ) );
#5485 = PCURVE('',#5486,#5491);
#5486 = PLANE('',#5487);
#5487 = AXIS2_PLACEMENT_3D('',#5488,#5489,#5490);
#5488 = CARTESIAN_POINT('',(-14.,10.871871455269,-71.04799811437));
#5489 = DIRECTION('',(0.,-0.15643446504,0.987688340595));
#5490 = DIRECTION('',(0.,0.987688340595,0.15643446504));
#5491 = DEFINITIONAL_REPRESENTATION('',(#5492),#5496);
#5492 = LINE('',#5493,#5494);
#5493 = CARTESIAN_POINT('',(0.,0.));
#5494 = VECTOR('',#5495,1.);
#5495 = DIRECTION('',(1.,0.));
#5496 = ( GEOMETRIC_REPRESENTATION_CONTEXT(2) 
PARAMETRIC_REPRESENTATION_CONTEXT() REPRESENTATION_CONTEXT('2D SPACE',''
  ) );
#5497 = ORIENTED_EDGE('',*,*,#5498,.T.);
#5498 = EDGE_CURVE('',#5471,#5499,#5501,.T.);
#5499 = VERTEX_POINT('',#5500);
#5500 = CARTESIAN_POINT('',(-14.,14.362579581998,-76.15750985786));
#5501 = SURFACE_CURVE('',#5502,(#5506,#5513),.PCURVE_S1.);
#5502 = LINE('',#5503,#5504);
#5503 = CARTESIAN_POINT('',(-14.,11.615274641804,-70.93025461673));
#5504 = VECTOR('',#5505,1.);
#5505 = DIRECTION('',(0.,0.465231567299,-0.88518901303));
#5506 = PCURVE('',#126,#5507);
#5507 = DEFINITIONAL_REPRESENTATION('',(#5508),#5512);
#5508 = LINE('',#5509,#5510);
#5509 = CARTESIAN_POINT('',(-70.93025461673,-11.6152746418));
#5510 = VECTOR('',#5511,1.);
#5511 = DIRECTION('',(-0.88518901303,-0.465231567299));
#5512 = ( GEOMETRIC_REPRESENTATION_CONTEXT(2) 
PARAMETRIC_REPRESENTATION_CONTEXT() REPRESENTATION_CONTEXT('2D SPACE',''
  ) );
#5513 = PCURVE('',#5514,#5519);
#5514 = PLANE('',#5515);
#5515 = AXIS2_PLACEMENT_3D('',#5516,#5517,#5518);
#5516 = CARTESIAN_POINT('',(-14.,11.615274641804,-70.93025461673));
#5517 = DIRECTION('',(-0.,0.88518901303,0.465231567299));
#5518 = DIRECTION('',(0.,0.465231567299,-0.88518901303));
#5519 = DEFINITIONAL_REPRESENTATION('',(#5520),#5524);
#5520 = LINE('',#5521,#5522);
#5521 = CARTESIAN_POINT('',(0.,0.));
#5522 = VECTOR('',#5523,1.);
#5523 = DIRECTION('',(1.,0.));
#5524 = ( GEOMETRIC_REPRESENTATION_CONTEXT(2) 
PARAMETRIC_REPRESENTATION_CONTEXT() REPRESENTATION_CONTEXT('2D SPACE',''
  ) );
#5525 = ORIENTED_EDGE('',*,*,#5526,.T.);
#5526 = EDGE_CURVE('',#5499,#5527,#5529,.T.);
#5527 = VERTEX_POINT('',#5528);
#5528 = CARTESIAN_POINT('',(-14.,17.855180567436,-75.41513460111));
#5529 = SURFACE_CURVE('',#5530,(#5534,#5541),.PCURVE_S1.);
#5530 = LINE('',#5531,#5532);
#5531 = CARTESIAN_POINT('',(-14.,14.362579581998,-76.15750985786));
#5532 = VECTOR('',#5533,1.);
#5533 = DIRECTION('',(0.,0.978147600734,0.207911690818));
#5534 = PCURVE('',#126,#5535);
#5535 = DEFINITIONAL_REPRESENTATION('',(#5536),#5540);
#5536 = LINE('',#5537,#5538);
#5537 = CARTESIAN_POINT('',(-76.15750985786,-14.36257958199));
#5538 = VECTOR('',#5539,1.);
#5539 = DIRECTION('',(0.207911690818,-0.978147600734));
#5540 = ( GEOMETRIC_REPRESENTATION_CONTEXT(2) 
PARAMETRIC_REPRESENTATION_CONTEXT() REPRESENTATION_CONTEXT('2D SPACE',''
  ) );
#5541 = PCURVE('',#5542,#5547);
#5542 = PLANE('',#5543);
#5543 = AXIS2_PLACEMENT_3D('',#5544,#5545,#5546);
#5544 = CARTESIAN_POINT('',(-14.,14.362579581998,-76.15750985786));
#5545 = DIRECTION('',(0.,-0.207911690818,0.978147600734));
#5546 = DIRECTION('',(0.,0.978147600734,0.207911690818));
#5547 = DEFINITIONAL_REPRESENTATION('',(#5548),#5552);
#5548 = LINE('',#5549,#5550);
#5549 = CARTESIAN_POINT('',(0.,0.));
#5550 = VECTOR('',#5551,1.);
#5551 = DIRECTION('',(1.,0.));
#5552 = ( GEOMETRIC_REPRESENTATION_CONTEXT(2) 
PARAMETRIC_REPRESENTATION_CONTEXT() REPRESENTATION_CONTEXT('2D SPACE',''
  ) );
#5553 = ORIENTED_EDGE('',*,*,#5554,.T.);
#5554 = EDGE_CURVE('',#5527,#5555,#5557,.T.);
#5555 = VERTEX_POINT('',#5556);
#5556 = CARTESIAN_POINT('',(-14.,18.238852267033,-69.52236973076));
#5557 = SURFACE_CURVE('',#5558,(#5562,#5569),.PCURVE_S1.);
#5558 = LINE('',#5559,#5560);
#5559 = CARTESIAN_POINT('',(-14.,17.855180567436,-75.41513460111));
#5560 = VECTOR('',#5561,1.);
#5561 = DIRECTION('',(0.,6.49713774108E-02,0.997887127945));
#5562 = PCURVE('',#126,#5563);
#5563 = DEFINITIONAL_REPRESENTATION('',(#5564),#5568);
#5564 = LINE('',#5565,#5566);
#5565 = CARTESIAN_POINT('',(-75.41513460111,-17.85518056743));
#5566 = VECTOR('',#5567,1.);
#5567 = DIRECTION('',(0.997887127945,-6.49713774108E-02));
#5568 = ( GEOMETRIC_REPRESENTATION_CONTEXT(2) 
PARAMETRIC_REPRESENTATION_CONTEXT() REPRESENTATION_CONTEXT('2D SPACE',''
  ) );
#5569 = PCURVE('',#5570,#5575);
#5570 = PLANE('',#5571);
#5571 = AXIS2_PLACEMENT_3D('',#5572,#5573,#5574);
#5572 = CARTESIAN_POINT('',(-14.,17.855180567436,-75.41513460111));
#5573 = DIRECTION('',(0.,-0.997887127945,6.49713774108E-02));
#5574 = DIRECTION('',(0.,6.49713774108E-02,0.997887127945));
#5575 = DEFINITIONAL_REPRESENTATION('',(#5576),#5580);
#5576 = LINE('',#5577,#5578);
#5577 = CARTESIAN_POINT('',(0.,0.));
#5578 = VECTOR('',#5579,1.);
#5579 = DIRECTION('',(1.,0.));
#5580 = ( GEOMETRIC_REPRESENTATION_CONTEXT(2) 
PARAMETRIC_REPRESENTATION_CONTEXT() REPRESENTATION_CONTEXT('2D SPACE',''
  ) );
#5581 = ORIENTED_EDGE('',*,*,#5582,.T.);
#5582 = EDGE_CURVE('',#5555,#5583,#5585,.T.);
#5583 = VERTEX_POINT('',#5584);
#5584 = CARTESIAN_POINT('',(-14.,18.965875466261,-69.32756445165));
#5585 = SURFACE_CURVE('',#5586,(#5590,#5597),.PCURVE_S1.);
#5586 = LINE('',#5587,#5588);
#5587 = CARTESIAN_POINT('',(-14.,18.238852267033,-69.52236973076));
#5588 = VECTOR('',#5589,1.);
#5589 = DIRECTION('',(0.,0.965925826289,0.258819045103));
#5590 = PCURVE('',#126,#5591);
#5591 = DEFINITIONAL_REPRESENTATION('',(#5592),#5596);
#5592 = LINE('',#5593,#5594);
#5593 = CARTESIAN_POINT('',(-69.52236973076,-18.23885226703));
#5594 = VECTOR('',#5595,1.);
#5595 = DIRECTION('',(0.258819045103,-0.965925826289));
#5596 = ( GEOMETRIC_REPRESENTATION_CONTEXT(2) 
PARAMETRIC_REPRESENTATION_CONTEXT() REPRESENTATION_CONTEXT('2D SPACE',''
  ) );
#5597 = PCURVE('',#5598,#5603);
#5598 = PLANE('',#5599);
#5599 = AXIS2_PLACEMENT_3D('',#5600,#5601,#5602);
#5600 = CARTESIAN_POINT('',(-14.,18.238852267033,-69.52236973076));
#5601 = DIRECTION('',(0.,-0.258819045103,0.965925826289));
#5602 = DIRECTION('',(0.,0.965925826289,0.258819045103));
#5603 = DEFINITIONAL_REPRESENTATION('',(#5604),#5608);
#5604 = LINE('',#5605,#5606);
#5605 = CARTESIAN_POINT('',(0.,0.));
#5606 = VECTOR('',#5607,1.);
#5607 = DIRECTION('',(1.,0.));
#5608 = ( GEOMETRIC_REPRESENTATION_CONTEXT(2) 
PARAMETRIC_REPRESENTATION_CONTEXT() REPRESENTATION_CONTEXT('2D SPACE',''
  ) );
#5609 = ORIENTED_EDGE('',*,*,#5610,.T.);
#5610 = EDGE_CURVE('',#5583,#5611,#5613,.T.);
#5611 = VERTEX_POINT('',#5612);
#5612 = CARTESIAN_POINT('',(-14.,22.24452734,-74.2390126781));
#5613 = SURFACE_CURVE('',#5614,(#5618,#5625),.PCURVE_S1.);
#5614 = LINE('',#5615,#5616);
#5615 = CARTESIAN_POINT('',(-14.,18.965875466261,-69.32756445165));
#5616 = VECTOR('',#5617,1.);
#5617 = DIRECTION('',(0.,0.555210427329,-0.831709914204));
#5618 = PCURVE('',#126,#5619);
#5619 = DEFINITIONAL_REPRESENTATION('',(#5620),#5624);
#5620 = LINE('',#5621,#5622);
#5621 = CARTESIAN_POINT('',(-69.32756445165,-18.96587546626));
#5622 = VECTOR('',#5623,1.);
#5623 = DIRECTION('',(-0.831709914204,-0.555210427329));
#5624 = ( GEOMETRIC_REPRESENTATION_CONTEXT(2) 
PARAMETRIC_REPRESENTATION_CONTEXT() REPRESENTATION_CONTEXT('2D SPACE',''
  ) );
#5625 = PCURVE('',#5626,#5631);
#5626 = PLANE('',#5627);
#5627 = AXIS2_PLACEMENT_3D('',#5628,#5629,#5630);
#5628 = CARTESIAN_POINT('',(-14.,18.965875466261,-69.32756445165));
#5629 = DIRECTION('',(-0.,0.831709914204,0.555210427329));
#5630 = DIRECTION('',(0.,0.555210427329,-0.831709914204));
#5631 = DEFINITIONAL_REPRESENTATION('',(#5632),#5636);
#5632 = LINE('',#5633,#5634);
#5633 = CARTESIAN_POINT('',(0.,0.));
#5634 = VECTOR('',#5635,1.);
#5635 = DIRECTION('',(1.,0.));
#5636 = ( GEOMETRIC_REPRESENTATION_CONTEXT(2) 
PARAMETRIC_REPRESENTATION_CONTEXT() REPRESENTATION_CONTEXT('2D SPACE',''
  ) );
#5637 = ORIENTED_EDGE('',*,*,#5638,.T.);
#5638 = EDGE_CURVE('',#5611,#5639,#5641,.T.);
#5639 = VERTEX_POINT('',#5640);
#5640 = CARTESIAN_POINT('',(-14.,25.640396147047,-73.13562801687));
#5641 = SURFACE_CURVE('',#5642,(#5646,#5653),.PCURVE_S1.);
#5642 = LINE('',#5643,#5644);
#5643 = CARTESIAN_POINT('',(-14.,22.24452734,-74.2390126781));
#5644 = VECTOR('',#5645,1.);
#5645 = DIRECTION('',(0.,0.951056516295,0.309016994375));
#5646 = PCURVE('',#126,#5647);
#5647 = DEFINITIONAL_REPRESENTATION('',(#5648),#5652);
#5648 = LINE('',#5649,#5650);
#5649 = CARTESIAN_POINT('',(-74.2390126781,-22.24452734));
#5650 = VECTOR('',#5651,1.);
#5651 = DIRECTION('',(0.309016994375,-0.951056516295));
#5652 = ( GEOMETRIC_REPRESENTATION_CONTEXT(2) 
PARAMETRIC_REPRESENTATION_CONTEXT() REPRESENTATION_CONTEXT('2D SPACE',''
  ) );
#5653 = PCURVE('',#5654,#5659);
#5654 = PLANE('',#5655);
#5655 = AXIS2_PLACEMENT_3D('',#5656,#5657,#5658);
#5656 = CARTESIAN_POINT('',(-14.,22.24452734,-74.2390126781));
#5657 = DIRECTION('',(0.,-0.309016994375,0.951056516295));
#5658 = DIRECTION('',(0.,0.951056516295,0.309016994375));
#5659 = DEFINITIONAL_REPRESENTATION('',(#5660),#5664);
#5660 = LINE('',#5661,#5662);
#5661 = CARTESIAN_POINT('',(0.,0.));
#5662 = VECTOR('',#5663,1.);
#5663 = DIRECTION('',(1.,0.));
#5664 = ( GEOMETRIC_REPRESENTATION_CONTEXT(2) 
PARAMETRIC_REPRESENTATION_CONTEXT() REPRESENTATION_CONTEXT('2D SPACE',''
  ) );
#5665 = ORIENTED_EDGE('',*,*,#5666,.T.);
#5666 = EDGE_CURVE('',#5639,#5667,#5669,.T.);
#5667 = VERTEX_POINT('',#5668);
#5668 = CARTESIAN_POINT('',(-14.,25.406004396634,-67.23503971589));
#5669 = SURFACE_CURVE('',#5670,(#5674,#5681),.PCURVE_S1.);
#5670 = LINE('',#5671,#5672);
#5671 = CARTESIAN_POINT('',(-14.,25.640396147047,-73.13562801687));
#5672 = VECTOR('',#5673,1.);
#5673 = DIRECTION('',(0.,-3.969215059133E-02,0.999211956084));
#5674 = PCURVE('',#126,#5675);
#5675 = DEFINITIONAL_REPRESENTATION('',(#5676),#5680);
#5676 = LINE('',#5677,#5678);
#5677 = CARTESIAN_POINT('',(-73.13562801687,-25.64039614704));
#5678 = VECTOR('',#5679,1.);
#5679 = DIRECTION('',(0.999211956084,3.969215059133E-02));
#5680 = ( GEOMETRIC_REPRESENTATION_CONTEXT(2) 
PARAMETRIC_REPRESENTATION_CONTEXT() REPRESENTATION_CONTEXT('2D SPACE',''
  ) );
#5681 = PCURVE('',#5682,#5687);
#5682 = PLANE('',#5683);
#5683 = AXIS2_PLACEMENT_3D('',#5684,#5685,#5686);
#5684 = CARTESIAN_POINT('',(-14.,25.640396147047,-73.13562801687));
#5685 = DIRECTION('',(0.,-0.999211956084,-3.969215059133E-02));
#5686 = DIRECTION('',(0.,-3.969215059133E-02,0.999211956084));
#5687 = DEFINITIONAL_REPRESENTATION('',(#5688),#5692);
#5688 = LINE('',#5689,#5690);
#5689 = CARTESIAN_POINT('',(0.,0.));
#5690 = VECTOR('',#5691,1.);
#5691 = DIRECTION('',(1.,0.));
#5692 = ( GEOMETRIC_REPRESENTATION_CONTEXT(2) 
PARAMETRIC_REPRESENTATION_CONTEXT() REPRESENTATION_CONTEXT('2D SPACE',''
  ) );
#5693 = ORIENTED_EDGE('',*,*,#5694,.T.);
#5694 = EDGE_CURVE('',#5667,#5695,#5697,.T.);
#5695 = VERTEX_POINT('',#5696);
#5696 = CARTESIAN_POINT('',(-14.,26.108682190245,-66.96530698271));
#5697 = SURFACE_CURVE('',#5698,(#5702,#5709),.PCURVE_S1.);
#5698 = LINE('',#5699,#5700);
#5699 = CARTESIAN_POINT('',(-14.,25.406004396634,-67.23503971589));
#5700 = VECTOR('',#5701,1.);
#5701 = DIRECTION('',(0.,0.933580426497,0.358367949545));
#5702 = PCURVE('',#126,#5703);
#5703 = DEFINITIONAL_REPRESENTATION('',(#5704),#5708);
#5704 = LINE('',#5705,#5706);
#5705 = CARTESIAN_POINT('',(-67.23503971589,-25.40600439663));
#5706 = VECTOR('',#5707,1.);
#5707 = DIRECTION('',(0.358367949545,-0.933580426497));
#5708 = ( GEOMETRIC_REPRESENTATION_CONTEXT(2) 
PARAMETRIC_REPRESENTATION_CONTEXT() REPRESENTATION_CONTEXT('2D SPACE',''
  ) );
#5709 = PCURVE('',#5710,#5715);
#5710 = PLANE('',#5711);
#5711 = AXIS2_PLACEMENT_3D('',#5712,#5713,#5714);
#5712 = CARTESIAN_POINT('',(-14.,25.406004396634,-67.23503971589));
#5713 = DIRECTION('',(0.,-0.358367949545,0.933580426497));
#5714 = DIRECTION('',(0.,0.933580426497,0.358367949545));
#5715 = DEFINITIONAL_REPRESENTATION('',(#5716),#5720);
#5716 = LINE('',#5717,#5718);
#5717 = CARTESIAN_POINT('',(0.,0.));
#5718 = VECTOR('',#5719,1.);
#5719 = DIRECTION('',(1.,0.));
#5720 = ( GEOMETRIC_REPRESENTATION_CONTEXT(2) 
PARAMETRIC_REPRESENTATION_CONTEXT() REPRESENTATION_CONTEXT('2D SPACE',''
  ) );
#5721 = ORIENTED_EDGE('',*,*,#5722,.T.);
#5722 = EDGE_CURVE('',#5695,#5723,#5725,.T.);
#5723 = VERTEX_POINT('',#5724);
#5724 = CARTESIAN_POINT('',(-14.,29.882759401498,-71.50713733993));
#5725 = SURFACE_CURVE('',#5726,(#5730,#5737),.PCURVE_S1.);
#5726 = LINE('',#5727,#5728);
#5727 = CARTESIAN_POINT('',(-14.,26.108682190245,-66.96530698271));
#5728 = VECTOR('',#5729,1.);
#5729 = DIRECTION('',(0.,0.639106285732,-0.769118427512));
#5730 = PCURVE('',#126,#5731);
#5731 = DEFINITIONAL_REPRESENTATION('',(#5732),#5736);
#5732 = LINE('',#5733,#5734);
#5733 = CARTESIAN_POINT('',(-66.96530698271,-26.10868219024));
#5734 = VECTOR('',#5735,1.);
#5735 = DIRECTION('',(-0.769118427512,-0.639106285732));
#5736 = ( GEOMETRIC_REPRESENTATION_CONTEXT(2) 
PARAMETRIC_REPRESENTATION_CONTEXT() REPRESENTATION_CONTEXT('2D SPACE',''
  ) );
#5737 = PCURVE('',#5738,#5743);
#5738 = PLANE('',#5739);
#5739 = AXIS2_PLACEMENT_3D('',#5740,#5741,#5742);
#5740 = CARTESIAN_POINT('',(-14.,26.108682190245,-66.96530698271));
#5741 = DIRECTION('',(-0.,0.769118427512,0.639106285732));
#5742 = DIRECTION('',(0.,0.639106285732,-0.769118427512));
#5743 = DEFINITIONAL_REPRESENTATION('',(#5744),#5748);
#5744 = LINE('',#5745,#5746);
#5745 = CARTESIAN_POINT('',(0.,0.));
#5746 = VECTOR('',#5747,1.);
#5747 = DIRECTION('',(1.,0.));
#5748 = ( GEOMETRIC_REPRESENTATION_CONTEXT(2) 
PARAMETRIC_REPRESENTATION_CONTEXT() REPRESENTATION_CONTEXT('2D SPACE',''
  ) );
#5749 = ORIENTED_EDGE('',*,*,#5750,.T.);
#5750 = EDGE_CURVE('',#5723,#5751,#5753,.T.);
#5751 = VERTEX_POINT('',#5752);
#5752 = CARTESIAN_POINT('',(-14.,33.144690180873,-70.05483218746));
#5753 = SURFACE_CURVE('',#5754,(#5758,#5765),.PCURVE_S1.);
#5754 = LINE('',#5755,#5756);
#5755 = CARTESIAN_POINT('',(-14.,29.882759401498,-71.50713733993));
#5756 = VECTOR('',#5757,1.);
#5757 = DIRECTION('',(0.,0.913545457643,0.406736643076));
#5758 = PCURVE('',#126,#5759);
#5759 = DEFINITIONAL_REPRESENTATION('',(#5760),#5764);
#5760 = LINE('',#5761,#5762);
#5761 = CARTESIAN_POINT('',(-71.50713733993,-29.88275940149));
#5762 = VECTOR('',#5763,1.);
#5763 = DIRECTION('',(0.406736643076,-0.913545457643));
#5764 = ( GEOMETRIC_REPRESENTATION_CONTEXT(2) 
PARAMETRIC_REPRESENTATION_CONTEXT() REPRESENTATION_CONTEXT('2D SPACE',''
  ) );
#5765 = PCURVE('',#5766,#5771);
#5766 = PLANE('',#5767);
#5767 = AXIS2_PLACEMENT_3D('',#5768,#5769,#5770);
#5768 = CARTESIAN_POINT('',(-14.,29.882759401498,-71.50713733993));
#5769 = DIRECTION('',(0.,-0.406736643076,0.913545457643));
#5770 = DIRECTION('',(0.,0.913545457643,0.406736643076));
#5771 = DEFINITIONAL_REPRESENTATION('',(#5772),#5776);
#5772 = LINE('',#5773,#5774);
#5773 = CARTESIAN_POINT('',(0.,0.));
#5774 = VECTOR('',#5775,1.);
#5775 = DIRECTION('',(1.,0.));
#5776 = ( GEOMETRIC_REPRESENTATION_CONTEXT(2) 
PARAMETRIC_REPRESENTATION_CONTEXT() REPRESENTATION_CONTEXT('2D SPACE',''
  ) );
#5777 = ORIENTED_EDGE('',*,*,#5778,.T.);
#5778 = EDGE_CURVE('',#5751,#5779,#5781,.T.);
#5779 = VERTEX_POINT('',#5780);
#5780 = CARTESIAN_POINT('',(-14.,32.294803025518,-64.21106853606));
#5781 = SURFACE_CURVE('',#5782,(#5786,#5793),.PCURVE_S1.);
#5782 = LINE('',#5783,#5784);
#5783 = CARTESIAN_POINT('',(-14.,33.144690180873,-70.05483218746));
#5784 = VECTOR('',#5785,1.);
#5785 = DIRECTION('',(0.,-0.143920803085,0.989589208934));
#5786 = PCURVE('',#126,#5787);
#5787 = DEFINITIONAL_REPRESENTATION('',(#5788),#5792);
#5788 = LINE('',#5789,#5790);
#5789 = CARTESIAN_POINT('',(-70.05483218746,-33.14469018087));
#5790 = VECTOR('',#5791,1.);
#5791 = DIRECTION('',(0.989589208934,0.143920803085));
#5792 = ( GEOMETRIC_REPRESENTATION_CONTEXT(2) 
PARAMETRIC_REPRESENTATION_CONTEXT() REPRESENTATION_CONTEXT('2D SPACE',''
  ) );
#5793 = PCURVE('',#5794,#5799);
#5794 = PLANE('',#5795);
#5795 = AXIS2_PLACEMENT_3D('',#5796,#5797,#5798);
#5796 = CARTESIAN_POINT('',(-14.,33.144690180873,-70.05483218746));
#5797 = DIRECTION('',(0.,-0.989589208934,-0.143920803085));
#5798 = DIRECTION('',(0.,-0.143920803085,0.989589208934));
#5799 = DEFINITIONAL_REPRESENTATION('',(#5800),#5804);
#5800 = LINE('',#5801,#5802);
#5801 = CARTESIAN_POINT('',(0.,0.));
#5802 = VECTOR('',#5803,1.);
#5803 = DIRECTION('',(1.,0.));
#5804 = ( GEOMETRIC_REPRESENTATION_CONTEXT(2) 
PARAMETRIC_REPRESENTATION_CONTEXT() REPRESENTATION_CONTEXT('2D SPACE',''
  ) );
#5805 = ORIENTED_EDGE('',*,*,#5806,.T.);
#5806 = EDGE_CURVE('',#5779,#5807,#5809,.T.);
#5807 = VERTEX_POINT('',#5808);
#5808 = CARTESIAN_POINT('',(-14.,32.96543672856,-63.86936359707));
#5809 = SURFACE_CURVE('',#5810,(#5814,#5821),.PCURVE_S1.);
#5810 = LINE('',#5811,#5812);
#5811 = CARTESIAN_POINT('',(-14.,32.294803025518,-64.21106853606));
#5812 = VECTOR('',#5813,1.);
#5813 = DIRECTION('',(0.,0.891006524188,0.45399049974));
#5814 = PCURVE('',#126,#5815);
#5815 = DEFINITIONAL_REPRESENTATION('',(#5816),#5820);
#5816 = LINE('',#5817,#5818);
#5817 = CARTESIAN_POINT('',(-64.21106853606,-32.29480302551));
#5818 = VECTOR('',#5819,1.);
#5819 = DIRECTION('',(0.45399049974,-0.891006524188));
#5820 = ( GEOMETRIC_REPRESENTATION_CONTEXT(2) 
PARAMETRIC_REPRESENTATION_CONTEXT() REPRESENTATION_CONTEXT('2D SPACE',''
  ) );
#5821 = PCURVE('',#5822,#5827);
#5822 = PLANE('',#5823);
#5823 = AXIS2_PLACEMENT_3D('',#5824,#5825,#5826);
#5824 = CARTESIAN_POINT('',(-14.,32.294803025518,-64.21106853606));
#5825 = DIRECTION('',(0.,-0.45399049974,0.891006524188));
#5826 = DIRECTION('',(0.,0.891006524188,0.45399049974));
#5827 = DEFINITIONAL_REPRESENTATION('',(#5828),#5832);
#5828 = LINE('',#5829,#5830);
#5829 = CARTESIAN_POINT('',(0.,0.));
#5830 = VECTOR('',#5831,1.);
#5831 = DIRECTION('',(1.,0.));
#5832 = ( GEOMETRIC_REPRESENTATION_CONTEXT(2) 
PARAMETRIC_REPRESENTATION_CONTEXT() REPRESENTATION_CONTEXT('2D SPACE',''
  ) );
#5833 = ORIENTED_EDGE('',*,*,#5834,.T.);
#5834 = EDGE_CURVE('',#5807,#5835,#5837,.T.);
#5835 = VERTEX_POINT('',#5836);
#5836 = CARTESIAN_POINT('',(-14.,37.193589697624,-67.99181484123));
#5837 = SURFACE_CURVE('',#5838,(#5842,#5849),.PCURVE_S1.);
#5838 = LINE('',#5839,#5840);
#5839 = CARTESIAN_POINT('',(-14.,32.96543672856,-63.86936359707));
#5840 = VECTOR('',#5841,1.);
#5841 = DIRECTION('',(0.,0.715999961926,-0.69810031838));
#5842 = PCURVE('',#126,#5843);
#5843 = DEFINITIONAL_REPRESENTATION('',(#5844),#5848);
#5844 = LINE('',#5845,#5846);
#5845 = CARTESIAN_POINT('',(-63.86936359707,-32.96543672856));
#5846 = VECTOR('',#5847,1.);
#5847 = DIRECTION('',(-0.69810031838,-0.715999961926));
#5848 = ( GEOMETRIC_REPRESENTATION_CONTEXT(2) 
PARAMETRIC_REPRESENTATION_CONTEXT() REPRESENTATION_CONTEXT('2D SPACE',''
  ) );
#5849 = PCURVE('',#5850,#5855);
#5850 = PLANE('',#5851);
#5851 = AXIS2_PLACEMENT_3D('',#5852,#5853,#5854);
#5852 = CARTESIAN_POINT('',(-14.,32.96543672856,-63.86936359707));
#5853 = DIRECTION('',(-0.,0.69810031838,0.715999961926));
#5854 = DIRECTION('',(0.,0.715999961926,-0.69810031838));
#5855 = DEFINITIONAL_REPRESENTATION('',(#5856),#5860);
#5856 = LINE('',#5857,#5858);
#5857 = CARTESIAN_POINT('',(0.,0.));
#5858 = VECTOR('',#5859,1.);
#5859 = DIRECTION('',(1.,0.));
#5860 = ( GEOMETRIC_REPRESENTATION_CONTEXT(2) 
PARAMETRIC_REPRESENTATION_CONTEXT() REPRESENTATION_CONTEXT('2D SPACE',''
  ) );
#5861 = ORIENTED_EDGE('',*,*,#5862,.T.);
#5862 = EDGE_CURVE('',#5835,#5863,#5865,.T.);
#5863 = VERTEX_POINT('',#5864);
#5864 = CARTESIAN_POINT('',(-14.,40.285844053105,-66.20650095669));
#5865 = SURFACE_CURVE('',#5866,(#5870,#5877),.PCURVE_S1.);
#5866 = LINE('',#5867,#5868);
#5867 = CARTESIAN_POINT('',(-14.,37.193589697624,-67.99181484123));
#5868 = VECTOR('',#5869,1.);
#5869 = DIRECTION('',(0.,0.866025403784,0.5));
#5870 = PCURVE('',#126,#5871);
#5871 = DEFINITIONAL_REPRESENTATION('',(#5872),#5876);
#5872 = LINE('',#5873,#5874);
#5873 = CARTESIAN_POINT('',(-67.99181484123,-37.19358969762));
#5874 = VECTOR('',#5875,1.);
#5875 = DIRECTION('',(0.5,-0.866025403784));
#5876 = ( GEOMETRIC_REPRESENTATION_CONTEXT(2) 
PARAMETRIC_REPRESENTATION_CONTEXT() REPRESENTATION_CONTEXT('2D SPACE',''
  ) );
#5877 = PCURVE('',#5878,#5883);
#5878 = PLANE('',#5879);
#5879 = AXIS2_PLACEMENT_3D('',#5880,#5881,#5882);
#5880 = CARTESIAN_POINT('',(-14.,37.193589697624,-67.99181484123));
#5881 = DIRECTION('',(0.,-0.5,0.866025403784));
#5882 = DIRECTION('',(0.,0.866025403784,0.5));
#5883 = DEFINITIONAL_REPRESENTATION('',(#5884),#5888);
#5884 = LINE('',#5885,#5886);
#5885 = CARTESIAN_POINT('',(0.,0.));
#5886 = VECTOR('',#5887,1.);
#5887 = DIRECTION('',(1.,0.));
#5888 = ( GEOMETRIC_REPRESENTATION_CONTEXT(2) 
PARAMETRIC_REPRESENTATION_CONTEXT() REPRESENTATION_CONTEXT('2D SPACE',''
  ) );
#5889 = ORIENTED_EDGE('',*,*,#5890,.T.);
#5890 = EDGE_CURVE('',#5863,#5891,#5893,.T.);
#5891 = VERTEX_POINT('',#5892);
#5892 = CARTESIAN_POINT('',(-14.,38.829773034331,-60.48358745231));
#5893 = SURFACE_CURVE('',#5894,(#5898,#5905),.PCURVE_S1.);
#5894 = LINE('',#5895,#5896);
#5895 = CARTESIAN_POINT('',(-14.,40.285844053105,-66.20650095669));
#5896 = VECTOR('',#5897,1.);
#5897 = DIRECTION('',(0.,-0.246572629144,0.969124315327));
#5898 = PCURVE('',#126,#5899);
#5899 = DEFINITIONAL_REPRESENTATION('',(#5900),#5904);
#5900 = LINE('',#5901,#5902);
#5901 = CARTESIAN_POINT('',(-66.20650095669,-40.2858440531));
#5902 = VECTOR('',#5903,1.);
#5903 = DIRECTION('',(0.969124315327,0.246572629144));
#5904 = ( GEOMETRIC_REPRESENTATION_CONTEXT(2) 
PARAMETRIC_REPRESENTATION_CONTEXT() REPRESENTATION_CONTEXT('2D SPACE',''
  ) );
#5905 = PCURVE('',#5906,#5911);
#5906 = PLANE('',#5907);
#5907 = AXIS2_PLACEMENT_3D('',#5908,#5909,#5910);
#5908 = CARTESIAN_POINT('',(-14.,40.285844053105,-66.20650095669));
#5909 = DIRECTION('',(0.,-0.969124315327,-0.246572629144));
#5910 = DIRECTION('',(0.,-0.246572629144,0.969124315327));
#5911 = DEFINITIONAL_REPRESENTATION('',(#5912),#5916);
#5912 = LINE('',#5913,#5914);
#5913 = CARTESIAN_POINT('',(0.,0.));
#5914 = VECTOR('',#5915,1.);
#5915 = DIRECTION('',(1.,0.));
#5916 = ( GEOMETRIC_REPRESENTATION_CONTEXT(2) 
PARAMETRIC_REPRESENTATION_CONTEXT() REPRESENTATION_CONTEXT('2D SPACE',''
  ) );
#5917 = ORIENTED_EDGE('',*,*,#5918,.T.);
#5918 = EDGE_CURVE('',#5891,#5919,#5921,.T.);
#5919 = VERTEX_POINT('',#5920);
#5920 = CARTESIAN_POINT('',(-14.,39.461015043616,-60.07365409834));
#5921 = SURFACE_CURVE('',#5922,(#5926,#5933),.PCURVE_S1.);
#5922 = LINE('',#5923,#5924);
#5923 = CARTESIAN_POINT('',(-14.,38.829773034331,-60.48358745231));
#5924 = VECTOR('',#5925,1.);
#5925 = DIRECTION('',(0.,0.838670567945,0.544639035015));
#5926 = PCURVE('',#126,#5927);
#5927 = DEFINITIONAL_REPRESENTATION('',(#5928),#5932);
#5928 = LINE('',#5929,#5930);
#5929 = CARTESIAN_POINT('',(-60.48358745231,-38.82977303433));
#5930 = VECTOR('',#5931,1.);
#5931 = DIRECTION('',(0.544639035015,-0.838670567945));
#5932 = ( GEOMETRIC_REPRESENTATION_CONTEXT(2) 
PARAMETRIC_REPRESENTATION_CONTEXT() REPRESENTATION_CONTEXT('2D SPACE',''
  ) );
#5933 = PCURVE('',#5934,#5939);
#5934 = PLANE('',#5935);
#5935 = AXIS2_PLACEMENT_3D('',#5936,#5937,#5938);
#5936 = CARTESIAN_POINT('',(-14.,38.829773034331,-60.48358745231));
#5937 = DIRECTION('',(0.,-0.544639035015,0.838670567945));
#5938 = DIRECTION('',(0.,0.838670567945,0.544639035015));
#5939 = DEFINITIONAL_REPRESENTATION('',(#5940),#5944);
#5940 = LINE('',#5941,#5942);
#5941 = CARTESIAN_POINT('',(0.,0.));
#5942 = VECTOR('',#5943,1.);
#5943 = DIRECTION('',(1.,0.));
#5944 = ( GEOMETRIC_REPRESENTATION_CONTEXT(2) 
PARAMETRIC_REPRESENTATION_CONTEXT() REPRESENTATION_CONTEXT('2D SPACE',''
  ) );
#5945 = ORIENTED_EDGE('',*,*,#5946,.T.);
#5946 = EDGE_CURVE('',#5919,#5947,#5949,.T.);
#5947 = VERTEX_POINT('',#5948);
#5948 = CARTESIAN_POINT('',(-14.,44.096919241764,-63.73155979093));
#5949 = SURFACE_CURVE('',#5950,(#5954,#5961),.PCURVE_S1.);
#5950 = LINE('',#5951,#5952);
#5951 = CARTESIAN_POINT('',(-14.,39.461015043616,-60.07365409834));
#5952 = VECTOR('',#5953,1.);
#5953 = DIRECTION('',(0.,0.785048992705,-0.619433676072));
#5954 = PCURVE('',#126,#5955);
#5955 = DEFINITIONAL_REPRESENTATION('',(#5956),#5960);
#5956 = LINE('',#5957,#5958);
#5957 = CARTESIAN_POINT('',(-60.07365409834,-39.46101504361));
#5958 = VECTOR('',#5959,1.);
#5959 = DIRECTION('',(-0.619433676072,-0.785048992705));
#5960 = ( GEOMETRIC_REPRESENTATION_CONTEXT(2) 
PARAMETRIC_REPRESENTATION_CONTEXT() REPRESENTATION_CONTEXT('2D SPACE',''
  ) );
#5961 = PCURVE('',#5962,#5967);
#5962 = PLANE('',#5963);
#5963 = AXIS2_PLACEMENT_3D('',#5964,#5965,#5966);
#5964 = CARTESIAN_POINT('',(-14.,39.461015043616,-60.07365409834));
#5965 = DIRECTION('',(-0.,0.619433676072,0.785048992705));
#5966 = DIRECTION('',(0.,0.785048992705,-0.619433676072));
#5967 = DEFINITIONAL_REPRESENTATION('',(#5968),#5972);
#5968 = LINE('',#5969,#5970);
#5969 = CARTESIAN_POINT('',(0.,0.));
#5970 = VECTOR('',#5971,1.);
#5971 = DIRECTION('',(1.,0.));
#5972 = ( GEOMETRIC_REPRESENTATION_CONTEXT(2) 
PARAMETRIC_REPRESENTATION_CONTEXT() REPRESENTATION_CONTEXT('2D SPACE',''
  ) );
#5973 = ORIENTED_EDGE('',*,*,#5974,.T.);
#5974 = EDGE_CURVE('',#5947,#5975,#5977,.T.);
#5975 = VERTEX_POINT('',#5976);
#5976 = CARTESIAN_POINT('',(-14.,46.985617787536,-61.63279744684));
#5977 = SURFACE_CURVE('',#5978,(#5982,#5989),.PCURVE_S1.);
#5978 = LINE('',#5979,#5980);
#5979 = CARTESIAN_POINT('',(-14.,44.096919241764,-63.73155979093));
#5980 = VECTOR('',#5981,1.);
#5981 = DIRECTION('',(0.,0.809016994375,0.587785252292));
#5982 = PCURVE('',#126,#5983);
#5983 = DEFINITIONAL_REPRESENTATION('',(#5984),#5988);
#5984 = LINE('',#5985,#5986);
#5985 = CARTESIAN_POINT('',(-63.73155979093,-44.09691924176));
#5986 = VECTOR('',#5987,1.);
#5987 = DIRECTION('',(0.587785252292,-0.809016994375));
#5988 = ( GEOMETRIC_REPRESENTATION_CONTEXT(2) 
PARAMETRIC_REPRESENTATION_CONTEXT() REPRESENTATION_CONTEXT('2D SPACE',''
  ) );
#5989 = PCURVE('',#5990,#5995);
#5990 = PLANE('',#5991);
#5991 = AXIS2_PLACEMENT_3D('',#5992,#5993,#5994);
#5992 = CARTESIAN_POINT('',(-14.,44.096919241764,-63.73155979093));
#5993 = DIRECTION('',(0.,-0.587785252292,0.809016994375));
#5994 = DIRECTION('',(0.,0.809016994375,0.587785252292));
#5995 = DEFINITIONAL_REPRESENTATION('',(#5996),#6000);
#5996 = LINE('',#5997,#5998);
#5997 = CARTESIAN_POINT('',(0.,0.));
#5998 = VECTOR('',#5999,1.);
#5999 = DIRECTION('',(1.,0.));
#6000 = ( GEOMETRIC_REPRESENTATION_CONTEXT(2) 
PARAMETRIC_REPRESENTATION_CONTEXT() REPRESENTATION_CONTEXT('2D SPACE',''
  ) );
#6001 = ORIENTED_EDGE('',*,*,#6002,.T.);
#6002 = EDGE_CURVE('',#5975,#6003,#6005,.T.);
#6003 = VERTEX_POINT('',#6004);
#6004 = CARTESIAN_POINT('',(-14.,44.939315924129,-56.09343552744));
#6005 = SURFACE_CURVE('',#6006,(#6010,#6017),.PCURVE_S1.);
#6006 = LINE('',#6007,#6008);
#6007 = CARTESIAN_POINT('',(-14.,46.985617787536,-61.63279744684));
#6008 = VECTOR('',#6009,1.);
#6009 = DIRECTION('',(0.,-0.346522953878,0.938041492918));
#6010 = PCURVE('',#126,#6011);
#6011 = DEFINITIONAL_REPRESENTATION('',(#6012),#6016);
#6012 = LINE('',#6013,#6014);
#6013 = CARTESIAN_POINT('',(-61.63279744684,-46.98561778753));
#6014 = VECTOR('',#6015,1.);
#6015 = DIRECTION('',(0.938041492918,0.346522953878));
#6016 = ( GEOMETRIC_REPRESENTATION_CONTEXT(2) 
PARAMETRIC_REPRESENTATION_CONTEXT() REPRESENTATION_CONTEXT('2D SPACE',''
  ) );
#6017 = PCURVE('',#6018,#6023);
#6018 = PLANE('',#6019);
#6019 = AXIS2_PLACEMENT_3D('',#6020,#6021,#6022);
#6020 = CARTESIAN_POINT('',(-14.,46.985617787536,-61.63279744684));
#6021 = DIRECTION('',(0.,-0.938041492918,-0.346522953878));
#6022 = DIRECTION('',(0.,-0.346522953878,0.938041492918));
#6023 = DEFINITIONAL_REPRESENTATION('',(#6024),#6028);
#6024 = LINE('',#6025,#6026);
#6025 = CARTESIAN_POINT('',(0.,0.));
#6026 = VECTOR('',#6027,1.);
#6027 = DIRECTION('',(1.,0.));
#6028 = ( GEOMETRIC_REPRESENTATION_CONTEXT(2) 
PARAMETRIC_REPRESENTATION_CONTEXT() REPRESENTATION_CONTEXT('2D SPACE',''
  ) );
#6029 = ORIENTED_EDGE('',*,*,#6030,.T.);
#6030 = EDGE_CURVE('',#6003,#6031,#6033,.T.);
#6031 = VERTEX_POINT('',#6032);
#6032 = CARTESIAN_POINT('',(-14.,45.524250220105,-55.61976507409));
#6033 = SURFACE_CURVE('',#6034,(#6038,#6045),.PCURVE_S1.);
#6034 = LINE('',#6035,#6036);
#6035 = CARTESIAN_POINT('',(-14.,44.939315924129,-56.09343552744));
#6036 = VECTOR('',#6037,1.);
#6037 = DIRECTION('',(0.,0.777145961457,0.62932039105));
#6038 = PCURVE('',#126,#6039);
#6039 = DEFINITIONAL_REPRESENTATION('',(#6040),#6044);
#6040 = LINE('',#6041,#6042);
#6041 = CARTESIAN_POINT('',(-56.09343552744,-44.93931592412));
#6042 = VECTOR('',#6043,1.);
#6043 = DIRECTION('',(0.62932039105,-0.777145961457));
#6044 = ( GEOMETRIC_REPRESENTATION_CONTEXT(2) 
PARAMETRIC_REPRESENTATION_CONTEXT() REPRESENTATION_CONTEXT('2D SPACE',''
  ) );
#6045 = PCURVE('',#6046,#6051);
#6046 = PLANE('',#6047);
#6047 = AXIS2_PLACEMENT_3D('',#6048,#6049,#6050);
#6048 = CARTESIAN_POINT('',(-14.,44.939315924129,-56.09343552744));
#6049 = DIRECTION('',(0.,-0.62932039105,0.777145961457));
#6050 = DIRECTION('',(0.,0.777145961457,0.62932039105));
#6051 = DEFINITIONAL_REPRESENTATION('',(#6052),#6056);
#6052 = LINE('',#6053,#6054);
#6053 = CARTESIAN_POINT('',(0.,0.));
#6054 = VECTOR('',#6055,1.);
#6055 = DIRECTION('',(1.,0.));
#6056 = ( GEOMETRIC_REPRESENTATION_CONTEXT(2) 
PARAMETRIC_REPRESENTATION_CONTEXT() REPRESENTATION_CONTEXT('2D SPACE',''
  ) );
#6057 = ORIENTED_EDGE('',*,*,#6058,.T.);
#6058 = EDGE_CURVE('',#6031,#6059,#6061,.T.);
#6059 = VERTEX_POINT('',#6060);
#6060 = CARTESIAN_POINT('',(-14.,50.517113710818,-58.77304843487));
#6061 = SURFACE_CURVE('',#6062,(#6066,#6073),.PCURVE_S1.);
#6062 = LINE('',#6063,#6064);
#6063 = CARTESIAN_POINT('',(-14.,45.524250220105,-55.61976507409));
#6064 = VECTOR('',#6065,1.);
#6065 = DIRECTION('',(0.,0.845496862438,-0.533980388785));
#6066 = PCURVE('',#126,#6067);
#6067 = DEFINITIONAL_REPRESENTATION('',(#6068),#6072);
#6068 = LINE('',#6069,#6070);
#6069 = CARTESIAN_POINT('',(-55.61976507409,-45.5242502201));
#6070 = VECTOR('',#6071,1.);
#6071 = DIRECTION('',(-0.533980388785,-0.845496862438));
#6072 = ( GEOMETRIC_REPRESENTATION_CONTEXT(2) 
PARAMETRIC_REPRESENTATION_CONTEXT() REPRESENTATION_CONTEXT('2D SPACE',''
  ) );
#6073 = PCURVE('',#6074,#6079);
#6074 = PLANE('',#6075);
#6075 = AXIS2_PLACEMENT_3D('',#6076,#6077,#6078);
#6076 = CARTESIAN_POINT('',(-14.,45.524250220105,-55.61976507409));
#6077 = DIRECTION('',(-0.,0.533980388785,0.845496862438));
#6078 = DIRECTION('',(0.,0.845496862438,-0.533980388785));
#6079 = DEFINITIONAL_REPRESENTATION('',(#6080),#6084);
#6080 = LINE('',#6081,#6082);
#6081 = CARTESIAN_POINT('',(0.,0.));
#6082 = VECTOR('',#6083,1.);
#6083 = DIRECTION('',(1.,0.));
#6084 = ( GEOMETRIC_REPRESENTATION_CONTEXT(2) 
PARAMETRIC_REPRESENTATION_CONTEXT() REPRESENTATION_CONTEXT('2D SPACE',''
  ) );
#6085 = ORIENTED_EDGE('',*,*,#6086,.T.);
#6086 = EDGE_CURVE('',#6059,#6087,#6089,.T.);
#6087 = VERTEX_POINT('',#6088);
#6088 = CARTESIAN_POINT('',(-14.,53.170607261115,-56.38383211067));
#6089 = SURFACE_CURVE('',#6090,(#6094,#6101),.PCURVE_S1.);
#6090 = LINE('',#6091,#6092);
#6091 = CARTESIAN_POINT('',(-14.,50.517113710818,-58.77304843487));
#6092 = VECTOR('',#6093,1.);
#6093 = DIRECTION('',(0.,0.743144825477,0.669130606359));
#6094 = PCURVE('',#126,#6095);
#6095 = DEFINITIONAL_REPRESENTATION('',(#6096),#6100);
#6096 = LINE('',#6097,#6098);
#6097 = CARTESIAN_POINT('',(-58.77304843487,-50.51711371081));
#6098 = VECTOR('',#6099,1.);
#6099 = DIRECTION('',(0.669130606359,-0.743144825477));
#6100 = ( GEOMETRIC_REPRESENTATION_CONTEXT(2) 
PARAMETRIC_REPRESENTATION_CONTEXT() REPRESENTATION_CONTEXT('2D SPACE',''
  ) );
#6101 = PCURVE('',#6102,#6107);
#6102 = PLANE('',#6103);
#6103 = AXIS2_PLACEMENT_3D('',#6104,#6105,#6106);
#6104 = CARTESIAN_POINT('',(-14.,50.517113710818,-58.77304843487));
#6105 = DIRECTION('',(0.,-0.669130606359,0.743144825477));
#6106 = DIRECTION('',(0.,0.743144825477,0.669130606359));
#6107 = DEFINITIONAL_REPRESENTATION('',(#6108),#6112);
#6108 = LINE('',#6109,#6110);
#6109 = CARTESIAN_POINT('',(0.,0.));
#6110 = VECTOR('',#6111,1.);
#6111 = DIRECTION('',(1.,0.));
#6112 = ( GEOMETRIC_REPRESENTATION_CONTEXT(2) 
PARAMETRIC_REPRESENTATION_CONTEXT() REPRESENTATION_CONTEXT('2D SPACE',''
  ) );
#6113 = ORIENTED_EDGE('',*,*,#6114,.T.);
#6114 = EDGE_CURVE('',#6087,#6115,#6117,.T.);
#6115 = VERTEX_POINT('',#6116);
#6116 = CARTESIAN_POINT('',(-14.,50.556494264505,-51.08871218462));
#6117 = SURFACE_CURVE('',#6118,(#6122,#6129),.PCURVE_S1.);
#6118 = LINE('',#6119,#6120);
#6119 = CARTESIAN_POINT('',(-14.,53.170607261115,-56.38383211067));
#6120 = VECTOR('',#6121,1.);
#6121 = DIRECTION('',(0.,-0.442676700616,0.896681291615));
#6122 = PCURVE('',#126,#6123);
#6123 = DEFINITIONAL_REPRESENTATION('',(#6124),#6128);
#6124 = LINE('',#6125,#6126);
#6125 = CARTESIAN_POINT('',(-56.38383211067,-53.17060726111));
#6126 = VECTOR('',#6127,1.);
#6127 = DIRECTION('',(0.896681291615,0.442676700616));
#6128 = ( GEOMETRIC_REPRESENTATION_CONTEXT(2) 
PARAMETRIC_REPRESENTATION_CONTEXT() REPRESENTATION_CONTEXT('2D SPACE',''
  ) );
#6129 = PCURVE('',#6130,#6135);
#6130 = PLANE('',#6131);
#6131 = AXIS2_PLACEMENT_3D('',#6132,#6133,#6134);
#6132 = CARTESIAN_POINT('',(-14.,53.170607261115,-56.38383211067));
#6133 = DIRECTION('',(0.,-0.896681291615,-0.442676700616));
#6134 = DIRECTION('',(0.,-0.442676700616,0.896681291615));
#6135 = DEFINITIONAL_REPRESENTATION('',(#6136),#6140);
#6136 = LINE('',#6137,#6138);
#6137 = CARTESIAN_POINT('',(0.,0.));
#6138 = VECTOR('',#6139,1.);
#6139 = DIRECTION('',(1.,0.));
#6140 = ( GEOMETRIC_REPRESENTATION_CONTEXT(2) 
PARAMETRIC_REPRESENTATION_CONTEXT() REPRESENTATION_CONTEXT('2D SPACE',''
  ) );
#6141 = ORIENTED_EDGE('',*,*,#6142,.T.);
#6142 = EDGE_CURVE('',#6115,#6143,#6145,.T.);
#6143 = VERTEX_POINT('',#6144);
#6144 = CARTESIAN_POINT('',(-14.,51.088712184621,-50.5564942645));
#6145 = SURFACE_CURVE('',#6146,(#6150,#6157),.PCURVE_S1.);
#6146 = LINE('',#6147,#6148);
#6147 = CARTESIAN_POINT('',(-14.,50.556494264505,-51.08871218462));
#6148 = VECTOR('',#6149,1.);
#6149 = DIRECTION('',(0.,0.707106781187,0.707106781187));
#6150 = PCURVE('',#126,#6151);
#6151 = DEFINITIONAL_REPRESENTATION('',(#6152),#6156);
#6152 = LINE('',#6153,#6154);
#6153 = CARTESIAN_POINT('',(-51.08871218462,-50.5564942645));
#6154 = VECTOR('',#6155,1.);
#6155 = DIRECTION('',(0.707106781187,-0.707106781187));
#6156 = ( GEOMETRIC_REPRESENTATION_CONTEXT(2) 
PARAMETRIC_REPRESENTATION_CONTEXT() REPRESENTATION_CONTEXT('2D SPACE',''
  ) );
#6157 = PCURVE('',#6158,#6163);
#6158 = PLANE('',#6159);
#6159 = AXIS2_PLACEMENT_3D('',#6160,#6161,#6162);
#6160 = CARTESIAN_POINT('',(-14.,50.556494264505,-51.08871218462));
#6161 = DIRECTION('',(0.,-0.707106781187,0.707106781187));
#6162 = DIRECTION('',(0.,0.707106781187,0.707106781187));
#6163 = DEFINITIONAL_REPRESENTATION('',(#6164),#6168);
#6164 = LINE('',#6165,#6166);
#6165 = CARTESIAN_POINT('',(0.,0.));
#6166 = VECTOR('',#6167,1.);
#6167 = DIRECTION('',(1.,0.));
#6168 = ( GEOMETRIC_REPRESENTATION_CONTEXT(2) 
PARAMETRIC_REPRESENTATION_CONTEXT() REPRESENTATION_CONTEXT('2D SPACE',''
  ) );
#6169 = ORIENTED_EDGE('',*,*,#6170,.T.);
#6170 = EDGE_CURVE('',#6143,#6171,#6173,.T.);
#6171 = VERTEX_POINT('',#6172);
#6172 = CARTESIAN_POINT('',(-14.,56.38383211067,-53.17060726111));
#6173 = SURFACE_CURVE('',#6174,(#6178,#6185),.PCURVE_S1.);
#6174 = LINE('',#6175,#6176);
#6175 = CARTESIAN_POINT('',(-14.,51.088712184621,-50.5564942645));
#6176 = VECTOR('',#6177,1.);
#6177 = DIRECTION('',(0.,0.896681291615,-0.442676700616));
#6178 = PCURVE('',#126,#6179);
#6179 = DEFINITIONAL_REPRESENTATION('',(#6180),#6184);
#6180 = LINE('',#6181,#6182);
#6181 = CARTESIAN_POINT('',(-50.5564942645,-51.08871218462));
#6182 = VECTOR('',#6183,1.);
#6183 = DIRECTION('',(-0.442676700616,-0.896681291615));
#6184 = ( GEOMETRIC_REPRESENTATION_CONTEXT(2) 
PARAMETRIC_REPRESENTATION_CONTEXT() REPRESENTATION_CONTEXT('2D SPACE',''
  ) );
#6185 = PCURVE('',#6186,#6191);
#6186 = PLANE('',#6187);
#6187 = AXIS2_PLACEMENT_3D('',#6188,#6189,#6190);
#6188 = CARTESIAN_POINT('',(-14.,51.088712184621,-50.5564942645));
#6189 = DIRECTION('',(-0.,0.442676700616,0.896681291615));
#6190 = DIRECTION('',(0.,0.896681291615,-0.442676700616));
#6191 = DEFINITIONAL_REPRESENTATION('',(#6192),#6196);
#6192 = LINE('',#6193,#6194);
#6193 = CARTESIAN_POINT('',(0.,0.));
#6194 = VECTOR('',#6195,1.);
#6195 = DIRECTION('',(1.,0.));
#6196 = ( GEOMETRIC_REPRESENTATION_CONTEXT(2) 
PARAMETRIC_REPRESENTATION_CONTEXT() REPRESENTATION_CONTEXT('2D SPACE',''
  ) );
#6197 = ORIENTED_EDGE('',*,*,#6198,.T.);
#6198 = EDGE_CURVE('',#6171,#6199,#6201,.T.);
#6199 = VERTEX_POINT('',#6200);
#6200 = CARTESIAN_POINT('',(-14.,58.773048434876,-50.51711371081));
#6201 = SURFACE_CURVE('',#6202,(#6206,#6213),.PCURVE_S1.);
#6202 = LINE('',#6203,#6204);
#6203 = CARTESIAN_POINT('',(-14.,56.38383211067,-53.17060726111));
#6204 = VECTOR('',#6205,1.);
#6205 = DIRECTION('',(0.,0.669130606359,0.743144825477));
#6206 = PCURVE('',#126,#6207);
#6207 = DEFINITIONAL_REPRESENTATION('',(#6208),#6212);
#6208 = LINE('',#6209,#6210);
#6209 = CARTESIAN_POINT('',(-53.17060726111,-56.38383211067));
#6210 = VECTOR('',#6211,1.);
#6211 = DIRECTION('',(0.743144825477,-0.669130606359));
#6212 = ( GEOMETRIC_REPRESENTATION_CONTEXT(2) 
PARAMETRIC_REPRESENTATION_CONTEXT() REPRESENTATION_CONTEXT('2D SPACE',''
  ) );
#6213 = PCURVE('',#6214,#6219);
#6214 = PLANE('',#6215);
#6215 = AXIS2_PLACEMENT_3D('',#6216,#6217,#6218);
#6216 = CARTESIAN_POINT('',(-14.,56.38383211067,-53.17060726111));
#6217 = DIRECTION('',(0.,-0.743144825477,0.669130606359));
#6218 = DIRECTION('',(0.,0.669130606359,0.743144825477));
#6219 = DEFINITIONAL_REPRESENTATION('',(#6220),#6224);
#6220 = LINE('',#6221,#6222);
#6221 = CARTESIAN_POINT('',(0.,0.));
#6222 = VECTOR('',#6223,1.);
#6223 = DIRECTION('',(1.,0.));
#6224 = ( GEOMETRIC_REPRESENTATION_CONTEXT(2) 
PARAMETRIC_REPRESENTATION_CONTEXT() REPRESENTATION_CONTEXT('2D SPACE',''
  ) );
#6225 = ORIENTED_EDGE('',*,*,#6226,.T.);
#6226 = EDGE_CURVE('',#6199,#6227,#6229,.T.);
#6227 = VERTEX_POINT('',#6228);
#6228 = CARTESIAN_POINT('',(-14.,55.619765074093,-45.5242502201));
#6229 = SURFACE_CURVE('',#6230,(#6234,#6241),.PCURVE_S1.);
#6230 = LINE('',#6231,#6232);
#6231 = CARTESIAN_POINT('',(-14.,58.773048434876,-50.51711371081));
#6232 = VECTOR('',#6233,1.);
#6233 = DIRECTION('',(0.,-0.533980388785,0.845496862438));
#6234 = PCURVE('',#126,#6235);
#6235 = DEFINITIONAL_REPRESENTATION('',(#6236),#6240);
#6236 = LINE('',#6237,#6238);
#6237 = CARTESIAN_POINT('',(-50.51711371081,-58.77304843487));
#6238 = VECTOR('',#6239,1.);
#6239 = DIRECTION('',(0.845496862438,0.533980388785));
#6240 = ( GEOMETRIC_REPRESENTATION_CONTEXT(2) 
PARAMETRIC_REPRESENTATION_CONTEXT() REPRESENTATION_CONTEXT('2D SPACE',''
  ) );
#6241 = PCURVE('',#6242,#6247);
#6242 = PLANE('',#6243);
#6243 = AXIS2_PLACEMENT_3D('',#6244,#6245,#6246);
#6244 = CARTESIAN_POINT('',(-14.,58.773048434876,-50.51711371081));
#6245 = DIRECTION('',(0.,-0.845496862438,-0.533980388785));
#6246 = DIRECTION('',(0.,-0.533980388785,0.845496862438));
#6247 = DEFINITIONAL_REPRESENTATION('',(#6248),#6252);
#6248 = LINE('',#6249,#6250);
#6249 = CARTESIAN_POINT('',(0.,0.));
#6250 = VECTOR('',#6251,1.);
#6251 = DIRECTION('',(1.,0.));
#6252 = ( GEOMETRIC_REPRESENTATION_CONTEXT(2) 
PARAMETRIC_REPRESENTATION_CONTEXT() REPRESENTATION_CONTEXT('2D SPACE',''
  ) );
#6253 = ORIENTED_EDGE('',*,*,#6254,.T.);
#6254 = EDGE_CURVE('',#6227,#6255,#6257,.T.);
#6255 = VERTEX_POINT('',#6256);
#6256 = CARTESIAN_POINT('',(-14.,56.093435527442,-44.93931592412));
#6257 = SURFACE_CURVE('',#6258,(#6262,#6269),.PCURVE_S1.);
#6258 = LINE('',#6259,#6260);
#6259 = CARTESIAN_POINT('',(-14.,55.619765074093,-45.5242502201));
#6260 = VECTOR('',#6261,1.);
#6261 = DIRECTION('',(0.,0.62932039105,0.777145961457));
#6262 = PCURVE('',#126,#6263);
#6263 = DEFINITIONAL_REPRESENTATION('',(#6264),#6268);
#6264 = LINE('',#6265,#6266);
#6265 = CARTESIAN_POINT('',(-45.5242502201,-55.61976507409));
#6266 = VECTOR('',#6267,1.);
#6267 = DIRECTION('',(0.777145961457,-0.62932039105));
#6268 = ( GEOMETRIC_REPRESENTATION_CONTEXT(2) 
PARAMETRIC_REPRESENTATION_CONTEXT() REPRESENTATION_CONTEXT('2D SPACE',''
  ) );
#6269 = PCURVE('',#6270,#6275);
#6270 = PLANE('',#6271);
#6271 = AXIS2_PLACEMENT_3D('',#6272,#6273,#6274);
#6272 = CARTESIAN_POINT('',(-14.,55.619765074093,-45.5242502201));
#6273 = DIRECTION('',(0.,-0.777145961457,0.62932039105));
#6274 = DIRECTION('',(0.,0.62932039105,0.777145961457));
#6275 = DEFINITIONAL_REPRESENTATION('',(#6276),#6280);
#6276 = LINE('',#6277,#6278);
#6277 = CARTESIAN_POINT('',(0.,0.));
#6278 = VECTOR('',#6279,1.);
#6279 = DIRECTION('',(1.,0.));
#6280 = ( GEOMETRIC_REPRESENTATION_CONTEXT(2) 
PARAMETRIC_REPRESENTATION_CONTEXT() REPRESENTATION_CONTEXT('2D SPACE',''
  ) );
#6281 = ORIENTED_EDGE('',*,*,#6282,.T.);
#6282 = EDGE_CURVE('',#6255,#6283,#6285,.T.);
#6283 = VERTEX_POINT('',#6284);
#6284 = CARTESIAN_POINT('',(-14.,61.632797446843,-46.98561778753));
#6285 = SURFACE_CURVE('',#6286,(#6290,#6297),.PCURVE_S1.);
#6286 = LINE('',#6287,#6288);
#6287 = CARTESIAN_POINT('',(-14.,56.093435527442,-44.93931592412));
#6288 = VECTOR('',#6289,1.);
#6289 = DIRECTION('',(0.,0.938041492918,-0.346522953878));
#6290 = PCURVE('',#126,#6291);
#6291 = DEFINITIONAL_REPRESENTATION('',(#6292),#6296);
#6292 = LINE('',#6293,#6294);
#6293 = CARTESIAN_POINT('',(-44.93931592412,-56.09343552744));
#6294 = VECTOR('',#6295,1.);
#6295 = DIRECTION('',(-0.346522953878,-0.938041492918));
#6296 = ( GEOMETRIC_REPRESENTATION_CONTEXT(2) 
PARAMETRIC_REPRESENTATION_CONTEXT() REPRESENTATION_CONTEXT('2D SPACE',''
  ) );
#6297 = PCURVE('',#6298,#6303);
#6298 = PLANE('',#6299);
#6299 = AXIS2_PLACEMENT_3D('',#6300,#6301,#6302);
#6300 = CARTESIAN_POINT('',(-14.,56.093435527442,-44.93931592412));
#6301 = DIRECTION('',(-0.,0.346522953878,0.938041492918));
#6302 = DIRECTION('',(0.,0.938041492918,-0.346522953878));
#6303 = DEFINITIONAL_REPRESENTATION('',(#6304),#6308);
#6304 = LINE('',#6305,#6306);
#6305 = CARTESIAN_POINT('',(0.,0.));
#6306 = VECTOR('',#6307,1.);
#6307 = DIRECTION('',(1.,0.));
#6308 = ( GEOMETRIC_REPRESENTATION_CONTEXT(2) 
PARAMETRIC_REPRESENTATION_CONTEXT() REPRESENTATION_CONTEXT('2D SPACE',''
  ) );
#6309 = ORIENTED_EDGE('',*,*,#6310,.T.);
#6310 = EDGE_CURVE('',#6283,#6311,#6313,.T.);
#6311 = VERTEX_POINT('',#6312);
#6312 = CARTESIAN_POINT('',(-14.,63.731559790933,-44.09691924176));
#6313 = SURFACE_CURVE('',#6314,(#6318,#6325),.PCURVE_S1.);
#6314 = LINE('',#6315,#6316);
#6315 = CARTESIAN_POINT('',(-14.,61.632797446843,-46.98561778753));
#6316 = VECTOR('',#6317,1.);
#6317 = DIRECTION('',(0.,0.587785252292,0.809016994375));
#6318 = PCURVE('',#126,#6319);
#6319 = DEFINITIONAL_REPRESENTATION('',(#6320),#6324);
#6320 = LINE('',#6321,#6322);
#6321 = CARTESIAN_POINT('',(-46.98561778753,-61.63279744684));
#6322 = VECTOR('',#6323,1.);
#6323 = DIRECTION('',(0.809016994375,-0.587785252292));
#6324 = ( GEOMETRIC_REPRESENTATION_CONTEXT(2) 
PARAMETRIC_REPRESENTATION_CONTEXT() REPRESENTATION_CONTEXT('2D SPACE',''
  ) );
#6325 = PCURVE('',#6326,#6331);
#6326 = PLANE('',#6327);
#6327 = AXIS2_PLACEMENT_3D('',#6328,#6329,#6330);
#6328 = CARTESIAN_POINT('',(-14.,61.632797446843,-46.98561778753));
#6329 = DIRECTION('',(0.,-0.809016994375,0.587785252292));
#6330 = DIRECTION('',(0.,0.587785252292,0.809016994375));
#6331 = DEFINITIONAL_REPRESENTATION('',(#6332),#6336);
#6332 = LINE('',#6333,#6334);
#6333 = CARTESIAN_POINT('',(0.,0.));
#6334 = VECTOR('',#6335,1.);
#6335 = DIRECTION('',(1.,0.));
#6336 = ( GEOMETRIC_REPRESENTATION_CONTEXT(2) 
PARAMETRIC_REPRESENTATION_CONTEXT() REPRESENTATION_CONTEXT('2D SPACE',''
  ) );
#6337 = ORIENTED_EDGE('',*,*,#6338,.T.);
#6338 = EDGE_CURVE('',#6311,#6339,#6341,.T.);
#6339 = VERTEX_POINT('',#6340);
#6340 = CARTESIAN_POINT('',(-14.,60.073654098344,-39.46101504361));
#6341 = SURFACE_CURVE('',#6342,(#6346,#6353),.PCURVE_S1.);
#6342 = LINE('',#6343,#6344);
#6343 = CARTESIAN_POINT('',(-14.,63.731559790933,-44.09691924176));
#6344 = VECTOR('',#6345,1.);
#6345 = DIRECTION('',(0.,-0.619433676072,0.785048992705));
#6346 = PCURVE('',#126,#6347);
#6347 = DEFINITIONAL_REPRESENTATION('',(#6348),#6352);
#6348 = LINE('',#6349,#6350);
#6349 = CARTESIAN_POINT('',(-44.09691924176,-63.73155979093));
#6350 = VECTOR('',#6351,1.);
#6351 = DIRECTION('',(0.785048992705,0.619433676072));
#6352 = ( GEOMETRIC_REPRESENTATION_CONTEXT(2) 
PARAMETRIC_REPRESENTATION_CONTEXT() REPRESENTATION_CONTEXT('2D SPACE',''
  ) );
#6353 = PCURVE('',#6354,#6359);
#6354 = PLANE('',#6355);
#6355 = AXIS2_PLACEMENT_3D('',#6356,#6357,#6358);
#6356 = CARTESIAN_POINT('',(-14.,63.731559790933,-44.09691924176));
#6357 = DIRECTION('',(0.,-0.785048992705,-0.619433676072));
#6358 = DIRECTION('',(0.,-0.619433676072,0.785048992705));
#6359 = DEFINITIONAL_REPRESENTATION('',(#6360),#6364);
#6360 = LINE('',#6361,#6362);
#6361 = CARTESIAN_POINT('',(0.,0.));
#6362 = VECTOR('',#6363,1.);
#6363 = DIRECTION('',(1.,0.));
#6364 = ( GEOMETRIC_REPRESENTATION_CONTEXT(2) 
PARAMETRIC_REPRESENTATION_CONTEXT() REPRESENTATION_CONTEXT('2D SPACE',''
  ) );
#6365 = ORIENTED_EDGE('',*,*,#6366,.T.);
#6366 = EDGE_CURVE('',#6339,#6367,#6369,.T.);
#6367 = VERTEX_POINT('',#6368);
#6368 = CARTESIAN_POINT('',(-14.,60.483587452319,-38.82977303433));
#6369 = SURFACE_CURVE('',#6370,(#6374,#6381),.PCURVE_S1.);
#6370 = LINE('',#6371,#6372);
#6371 = CARTESIAN_POINT('',(-14.,60.073654098344,-39.46101504361));
#6372 = VECTOR('',#6373,1.);
#6373 = DIRECTION('',(0.,0.544639035015,0.838670567945));
#6374 = PCURVE('',#126,#6375);
#6375 = DEFINITIONAL_REPRESENTATION('',(#6376),#6380);
#6376 = LINE('',#6377,#6378);
#6377 = CARTESIAN_POINT('',(-39.46101504361,-60.07365409834));
#6378 = VECTOR('',#6379,1.);
#6379 = DIRECTION('',(0.838670567945,-0.544639035015));
#6380 = ( GEOMETRIC_REPRESENTATION_CONTEXT(2) 
PARAMETRIC_REPRESENTATION_CONTEXT() REPRESENTATION_CONTEXT('2D SPACE',''
  ) );
#6381 = PCURVE('',#6382,#6387);
#6382 = PLANE('',#6383);
#6383 = AXIS2_PLACEMENT_3D('',#6384,#6385,#6386);
#6384 = CARTESIAN_POINT('',(-14.,60.073654098344,-39.46101504361));
#6385 = DIRECTION('',(0.,-0.838670567945,0.544639035015));
#6386 = DIRECTION('',(0.,0.544639035015,0.838670567945));
#6387 = DEFINITIONAL_REPRESENTATION('',(#6388),#6392);
#6388 = LINE('',#6389,#6390);
#6389 = CARTESIAN_POINT('',(0.,0.));
#6390 = VECTOR('',#6391,1.);
#6391 = DIRECTION('',(1.,0.));
#6392 = ( GEOMETRIC_REPRESENTATION_CONTEXT(2) 
PARAMETRIC_REPRESENTATION_CONTEXT() REPRESENTATION_CONTEXT('2D SPACE',''
  ) );
#6393 = ORIENTED_EDGE('',*,*,#6394,.T.);
#6394 = EDGE_CURVE('',#6367,#6395,#6397,.T.);
#6395 = VERTEX_POINT('',#6396);
#6396 = CARTESIAN_POINT('',(-14.,66.206500956695,-40.2858440531));
#6397 = SURFACE_CURVE('',#6398,(#6402,#6409),.PCURVE_S1.);
#6398 = LINE('',#6399,#6400);
#6399 = CARTESIAN_POINT('',(-14.,60.483587452319,-38.82977303433));
#6400 = VECTOR('',#6401,1.);
#6401 = DIRECTION('',(0.,0.969124315327,-0.246572629144));
#6402 = PCURVE('',#126,#6403);
#6403 = DEFINITIONAL_REPRESENTATION('',(#6404),#6408);
#6404 = LINE('',#6405,#6406);
#6405 = CARTESIAN_POINT('',(-38.82977303433,-60.48358745231));
#6406 = VECTOR('',#6407,1.);
#6407 = DIRECTION('',(-0.246572629144,-0.969124315327));
#6408 = ( GEOMETRIC_REPRESENTATION_CONTEXT(2) 
PARAMETRIC_REPRESENTATION_CONTEXT() REPRESENTATION_CONTEXT('2D SPACE',''
  ) );
#6409 = PCURVE('',#6410,#6415);
#6410 = PLANE('',#6411);
#6411 = AXIS2_PLACEMENT_3D('',#6412,#6413,#6414);
#6412 = CARTESIAN_POINT('',(-14.,60.483587452319,-38.82977303433));
#6413 = DIRECTION('',(-0.,0.246572629144,0.969124315327));
#6414 = DIRECTION('',(0.,0.969124315327,-0.246572629144));
#6415 = DEFINITIONAL_REPRESENTATION('',(#6416),#6420);
#6416 = LINE('',#6417,#6418);
#6417 = CARTESIAN_POINT('',(0.,0.));
#6418 = VECTOR('',#6419,1.);
#6419 = DIRECTION('',(1.,0.));
#6420 = ( GEOMETRIC_REPRESENTATION_CONTEXT(2) 
PARAMETRIC_REPRESENTATION_CONTEXT() REPRESENTATION_CONTEXT('2D SPACE',''
  ) );
#6421 = ORIENTED_EDGE('',*,*,#6422,.T.);
#6422 = EDGE_CURVE('',#6395,#6423,#6425,.T.);
#6423 = VERTEX_POINT('',#6424);
#6424 = CARTESIAN_POINT('',(-14.,67.991814841235,-37.19358969762));
#6425 = SURFACE_CURVE('',#6426,(#6430,#6437),.PCURVE_S1.);
#6426 = LINE('',#6427,#6428);
#6427 = CARTESIAN_POINT('',(-14.,66.206500956695,-40.2858440531));
#6428 = VECTOR('',#6429,1.);
#6429 = DIRECTION('',(0.,0.5,0.866025403784));
#6430 = PCURVE('',#126,#6431);
#6431 = DEFINITIONAL_REPRESENTATION('',(#6432),#6436);
#6432 = LINE('',#6433,#6434);
#6433 = CARTESIAN_POINT('',(-40.2858440531,-66.20650095669));
#6434 = VECTOR('',#6435,1.);
#6435 = DIRECTION('',(0.866025403784,-0.5));
#6436 = ( GEOMETRIC_REPRESENTATION_CONTEXT(2) 
PARAMETRIC_REPRESENTATION_CONTEXT() REPRESENTATION_CONTEXT('2D SPACE',''
  ) );
#6437 = PCURVE('',#6438,#6443);
#6438 = PLANE('',#6439);
#6439 = AXIS2_PLACEMENT_3D('',#6440,#6441,#6442);
#6440 = CARTESIAN_POINT('',(-14.,66.206500956695,-40.2858440531));
#6441 = DIRECTION('',(0.,-0.866025403784,0.5));
#6442 = DIRECTION('',(0.,0.5,0.866025403784));
#6443 = DEFINITIONAL_REPRESENTATION('',(#6444),#6448);
#6444 = LINE('',#6445,#6446);
#6445 = CARTESIAN_POINT('',(0.,0.));
#6446 = VECTOR('',#6447,1.);
#6447 = DIRECTION('',(1.,0.));
#6448 = ( GEOMETRIC_REPRESENTATION_CONTEXT(2) 
PARAMETRIC_REPRESENTATION_CONTEXT() REPRESENTATION_CONTEXT('2D SPACE',''
  ) );
#6449 = ORIENTED_EDGE('',*,*,#6450,.T.);
#6450 = EDGE_CURVE('',#6423,#6451,#6453,.T.);
#6451 = VERTEX_POINT('',#6452);
#6452 = CARTESIAN_POINT('',(-14.,63.869363597074,-32.96543672856));
#6453 = SURFACE_CURVE('',#6454,(#6458,#6465),.PCURVE_S1.);
#6454 = LINE('',#6455,#6456);
#6455 = CARTESIAN_POINT('',(-14.,67.991814841235,-37.19358969762));
#6456 = VECTOR('',#6457,1.);
#6457 = DIRECTION('',(0.,-0.69810031838,0.715999961926));
#6458 = PCURVE('',#126,#6459);
#6459 = DEFINITIONAL_REPRESENTATION('',(#6460),#6464);
#6460 = LINE('',#6461,#6462);
#6461 = CARTESIAN_POINT('',(-37.19358969762,-67.99181484123));
#6462 = VECTOR('',#6463,1.);
#6463 = DIRECTION('',(0.715999961926,0.69810031838));
#6464 = ( GEOMETRIC_REPRESENTATION_CONTEXT(2) 
PARAMETRIC_REPRESENTATION_CONTEXT() REPRESENTATION_CONTEXT('2D SPACE',''
  ) );
#6465 = PCURVE('',#6466,#6471);
#6466 = PLANE('',#6467);
#6467 = AXIS2_PLACEMENT_3D('',#6468,#6469,#6470);
#6468 = CARTESIAN_POINT('',(-14.,67.991814841235,-37.19358969762));
#6469 = DIRECTION('',(0.,-0.715999961926,-0.69810031838));
#6470 = DIRECTION('',(0.,-0.69810031838,0.715999961926));
#6471 = DEFINITIONAL_REPRESENTATION('',(#6472),#6476);
#6472 = LINE('',#6473,#6474);
#6473 = CARTESIAN_POINT('',(0.,0.));
#6474 = VECTOR('',#6475,1.);
#6475 = DIRECTION('',(1.,0.));
#6476 = ( GEOMETRIC_REPRESENTATION_CONTEXT(2) 
PARAMETRIC_REPRESENTATION_CONTEXT() REPRESENTATION_CONTEXT('2D SPACE',''
  ) );
#6477 = ORIENTED_EDGE('',*,*,#6478,.T.);
#6478 = EDGE_CURVE('',#6451,#6479,#6481,.T.);
#6479 = VERTEX_POINT('',#6480);
#6480 = CARTESIAN_POINT('',(-14.,64.211068536063,-32.29480302551));
#6481 = SURFACE_CURVE('',#6482,(#6486,#6493),.PCURVE_S1.);
#6482 = LINE('',#6483,#6484);
#6483 = CARTESIAN_POINT('',(-14.,63.869363597074,-32.96543672856));
#6484 = VECTOR('',#6485,1.);
#6485 = DIRECTION('',(0.,0.45399049974,0.891006524188));
#6486 = PCURVE('',#126,#6487);
#6487 = DEFINITIONAL_REPRESENTATION('',(#6488),#6492);
#6488 = LINE('',#6489,#6490);
#6489 = CARTESIAN_POINT('',(-32.96543672856,-63.86936359707));
#6490 = VECTOR('',#6491,1.);
#6491 = DIRECTION('',(0.891006524188,-0.45399049974));
#6492 = ( GEOMETRIC_REPRESENTATION_CONTEXT(2) 
PARAMETRIC_REPRESENTATION_CONTEXT() REPRESENTATION_CONTEXT('2D SPACE',''
  ) );
#6493 = PCURVE('',#6494,#6499);
#6494 = PLANE('',#6495);
#6495 = AXIS2_PLACEMENT_3D('',#6496,#6497,#6498);
#6496 = CARTESIAN_POINT('',(-14.,63.869363597074,-32.96543672856));
#6497 = DIRECTION('',(0.,-0.891006524188,0.45399049974));
#6498 = DIRECTION('',(0.,0.45399049974,0.891006524188));
#6499 = DEFINITIONAL_REPRESENTATION('',(#6500),#6504);
#6500 = LINE('',#6501,#6502);
#6501 = CARTESIAN_POINT('',(0.,0.));
#6502 = VECTOR('',#6503,1.);
#6503 = DIRECTION('',(1.,0.));
#6504 = ( GEOMETRIC_REPRESENTATION_CONTEXT(2) 
PARAMETRIC_REPRESENTATION_CONTEXT() REPRESENTATION_CONTEXT('2D SPACE',''
  ) );
#6505 = ORIENTED_EDGE('',*,*,#6506,.T.);
#6506 = EDGE_CURVE('',#6479,#6507,#6509,.T.);
#6507 = VERTEX_POINT('',#6508);
#6508 = CARTESIAN_POINT('',(-14.,70.054832187465,-33.14469018087));
#6509 = SURFACE_CURVE('',#6510,(#6514,#6521),.PCURVE_S1.);
#6510 = LINE('',#6511,#6512);
#6511 = CARTESIAN_POINT('',(-14.,64.211068536063,-32.29480302551));
#6512 = VECTOR('',#6513,1.);
#6513 = DIRECTION('',(0.,0.989589208934,-0.143920803085));
#6514 = PCURVE('',#126,#6515);
#6515 = DEFINITIONAL_REPRESENTATION('',(#6516),#6520);
#6516 = LINE('',#6517,#6518);
#6517 = CARTESIAN_POINT('',(-32.29480302551,-64.21106853606));
#6518 = VECTOR('',#6519,1.);
#6519 = DIRECTION('',(-0.143920803085,-0.989589208934));
#6520 = ( GEOMETRIC_REPRESENTATION_CONTEXT(2) 
PARAMETRIC_REPRESENTATION_CONTEXT() REPRESENTATION_CONTEXT('2D SPACE',''
  ) );
#6521 = PCURVE('',#6522,#6527);
#6522 = PLANE('',#6523);
#6523 = AXIS2_PLACEMENT_3D('',#6524,#6525,#6526);
#6524 = CARTESIAN_POINT('',(-14.,64.211068536063,-32.29480302551));
#6525 = DIRECTION('',(-0.,0.143920803085,0.989589208934));
#6526 = DIRECTION('',(0.,0.989589208934,-0.143920803085));
#6527 = DEFINITIONAL_REPRESENTATION('',(#6528),#6532);
#6528 = LINE('',#6529,#6530);
#6529 = CARTESIAN_POINT('',(0.,0.));
#6530 = VECTOR('',#6531,1.);
#6531 = DIRECTION('',(1.,0.));
#6532 = ( GEOMETRIC_REPRESENTATION_CONTEXT(2) 
PARAMETRIC_REPRESENTATION_CONTEXT() REPRESENTATION_CONTEXT('2D SPACE',''
  ) );
#6533 = ORIENTED_EDGE('',*,*,#6534,.T.);
#6534 = EDGE_CURVE('',#6507,#6535,#6537,.T.);
#6535 = VERTEX_POINT('',#6536);
#6536 = CARTESIAN_POINT('',(-14.,71.507137339934,-29.88275940149));
#6537 = SURFACE_CURVE('',#6538,(#6542,#6549),.PCURVE_S1.);
#6538 = LINE('',#6539,#6540);
#6539 = CARTESIAN_POINT('',(-14.,70.054832187465,-33.14469018087));
#6540 = VECTOR('',#6541,1.);
#6541 = DIRECTION('',(0.,0.406736643076,0.913545457643));
#6542 = PCURVE('',#126,#6543);
#6543 = DEFINITIONAL_REPRESENTATION('',(#6544),#6548);
#6544 = LINE('',#6545,#6546);
#6545 = CARTESIAN_POINT('',(-33.14469018087,-70.05483218746));
#6546 = VECTOR('',#6547,1.);
#6547 = DIRECTION('',(0.913545457643,-0.406736643076));
#6548 = ( GEOMETRIC_REPRESENTATION_CONTEXT(2) 
PARAMETRIC_REPRESENTATION_CONTEXT() REPRESENTATION_CONTEXT('2D SPACE',''
  ) );
#6549 = PCURVE('',#6550,#6555);
#6550 = PLANE('',#6551);
#6551 = AXIS2_PLACEMENT_3D('',#6552,#6553,#6554);
#6552 = CARTESIAN_POINT('',(-14.,70.054832187465,-33.14469018087));
#6553 = DIRECTION('',(0.,-0.913545457643,0.406736643076));
#6554 = DIRECTION('',(0.,0.406736643076,0.913545457643));
#6555 = DEFINITIONAL_REPRESENTATION('',(#6556),#6560);
#6556 = LINE('',#6557,#6558);
#6557 = CARTESIAN_POINT('',(0.,0.));
#6558 = VECTOR('',#6559,1.);
#6559 = DIRECTION('',(1.,0.));
#6560 = ( GEOMETRIC_REPRESENTATION_CONTEXT(2) 
PARAMETRIC_REPRESENTATION_CONTEXT() REPRESENTATION_CONTEXT('2D SPACE',''
  ) );
#6561 = ORIENTED_EDGE('',*,*,#6562,.T.);
#6562 = EDGE_CURVE('',#6535,#6563,#6565,.T.);
#6563 = VERTEX_POINT('',#6564);
#6564 = CARTESIAN_POINT('',(-14.,66.965306982711,-26.10868219024));
#6565 = SURFACE_CURVE('',#6566,(#6570,#6577),.PCURVE_S1.);
#6566 = LINE('',#6567,#6568);
#6567 = CARTESIAN_POINT('',(-14.,71.507137339934,-29.88275940149));
#6568 = VECTOR('',#6569,1.);
#6569 = DIRECTION('',(0.,-0.769118427512,0.639106285732));
#6570 = PCURVE('',#126,#6571);
#6571 = DEFINITIONAL_REPRESENTATION('',(#6572),#6576);
#6572 = LINE('',#6573,#6574);
#6573 = CARTESIAN_POINT('',(-29.88275940149,-71.50713733993));
#6574 = VECTOR('',#6575,1.);
#6575 = DIRECTION('',(0.639106285732,0.769118427512));
#6576 = ( GEOMETRIC_REPRESENTATION_CONTEXT(2) 
PARAMETRIC_REPRESENTATION_CONTEXT() REPRESENTATION_CONTEXT('2D SPACE',''
  ) );
#6577 = PCURVE('',#6578,#6583);
#6578 = PLANE('',#6579);
#6579 = AXIS2_PLACEMENT_3D('',#6580,#6581,#6582);
#6580 = CARTESIAN_POINT('',(-14.,71.507137339934,-29.88275940149));
#6581 = DIRECTION('',(0.,-0.639106285732,-0.769118427512));
#6582 = DIRECTION('',(0.,-0.769118427512,0.639106285732));
#6583 = DEFINITIONAL_REPRESENTATION('',(#6584),#6588);
#6584 = LINE('',#6585,#6586);
#6585 = CARTESIAN_POINT('',(0.,0.));
#6586 = VECTOR('',#6587,1.);
#6587 = DIRECTION('',(1.,0.));
#6588 = ( GEOMETRIC_REPRESENTATION_CONTEXT(2) 
PARAMETRIC_REPRESENTATION_CONTEXT() REPRESENTATION_CONTEXT('2D SPACE',''
  ) );
#6589 = ORIENTED_EDGE('',*,*,#6590,.T.);
#6590 = EDGE_CURVE('',#6563,#6591,#6593,.T.);
#6591 = VERTEX_POINT('',#6592);
#6592 = CARTESIAN_POINT('',(-14.,67.235039715897,-25.40600439663));
#6593 = SURFACE_CURVE('',#6594,(#6598,#6605),.PCURVE_S1.);
#6594 = LINE('',#6595,#6596);
#6595 = CARTESIAN_POINT('',(-14.,66.965306982711,-26.10868219024));
#6596 = VECTOR('',#6597,1.);
#6597 = DIRECTION('',(0.,0.358367949545,0.933580426497));
#6598 = PCURVE('',#126,#6599);
#6599 = DEFINITIONAL_REPRESENTATION('',(#6600),#6604);
#6600 = LINE('',#6601,#6602);
#6601 = CARTESIAN_POINT('',(-26.10868219024,-66.96530698271));
#6602 = VECTOR('',#6603,1.);
#6603 = DIRECTION('',(0.933580426497,-0.358367949545));
#6604 = ( GEOMETRIC_REPRESENTATION_CONTEXT(2) 
PARAMETRIC_REPRESENTATION_CONTEXT() REPRESENTATION_CONTEXT('2D SPACE',''
  ) );
#6605 = PCURVE('',#6606,#6611);
#6606 = PLANE('',#6607);
#6607 = AXIS2_PLACEMENT_3D('',#6608,#6609,#6610);
#6608 = CARTESIAN_POINT('',(-14.,66.965306982711,-26.10868219024));
#6609 = DIRECTION('',(0.,-0.933580426497,0.358367949545));
#6610 = DIRECTION('',(0.,0.358367949545,0.933580426497));
#6611 = DEFINITIONAL_REPRESENTATION('',(#6612),#6616);
#6612 = LINE('',#6613,#6614);
#6613 = CARTESIAN_POINT('',(0.,0.));
#6614 = VECTOR('',#6615,1.);
#6615 = DIRECTION('',(1.,0.));
#6616 = ( GEOMETRIC_REPRESENTATION_CONTEXT(2) 
PARAMETRIC_REPRESENTATION_CONTEXT() REPRESENTATION_CONTEXT('2D SPACE',''
  ) );
#6617 = ORIENTED_EDGE('',*,*,#6618,.T.);
#6618 = EDGE_CURVE('',#6591,#6619,#6621,.T.);
#6619 = VERTEX_POINT('',#6620);
#6620 = CARTESIAN_POINT('',(-14.,73.135628016874,-25.64039614704));
#6621 = SURFACE_CURVE('',#6622,(#6626,#6633),.PCURVE_S1.);
#6622 = LINE('',#6623,#6624);
#6623 = CARTESIAN_POINT('',(-14.,67.235039715897,-25.40600439663));
#6624 = VECTOR('',#6625,1.);
#6625 = DIRECTION('',(0.,0.999211956084,-3.969215059134E-02));
#6626 = PCURVE('',#126,#6627);
#6627 = DEFINITIONAL_REPRESENTATION('',(#6628),#6632);
#6628 = LINE('',#6629,#6630);
#6629 = CARTESIAN_POINT('',(-25.40600439663,-67.23503971589));
#6630 = VECTOR('',#6631,1.);
#6631 = DIRECTION('',(-3.969215059134E-02,-0.999211956084));
#6632 = ( GEOMETRIC_REPRESENTATION_CONTEXT(2) 
PARAMETRIC_REPRESENTATION_CONTEXT() REPRESENTATION_CONTEXT('2D SPACE',''
  ) );
#6633 = PCURVE('',#6634,#6639);
#6634 = PLANE('',#6635);
#6635 = AXIS2_PLACEMENT_3D('',#6636,#6637,#6638);
#6636 = CARTESIAN_POINT('',(-14.,67.235039715897,-25.40600439663));
#6637 = DIRECTION('',(-0.,3.969215059134E-02,0.999211956084));
#6638 = DIRECTION('',(0.,0.999211956084,-3.969215059134E-02));
#6639 = DEFINITIONAL_REPRESENTATION('',(#6640),#6644);
#6640 = LINE('',#6641,#6642);
#6641 = CARTESIAN_POINT('',(0.,0.));
#6642 = VECTOR('',#6643,1.);
#6643 = DIRECTION('',(1.,0.));
#6644 = ( GEOMETRIC_REPRESENTATION_CONTEXT(2) 
PARAMETRIC_REPRESENTATION_CONTEXT() REPRESENTATION_CONTEXT('2D SPACE',''
  ) );
#6645 = ORIENTED_EDGE('',*,*,#6646,.T.);
#6646 = EDGE_CURVE('',#6619,#6647,#6649,.T.);
#6647 = VERTEX_POINT('',#6648);
#6648 = CARTESIAN_POINT('',(-14.,74.239012678106,-22.24452734));
#6649 = SURFACE_CURVE('',#6650,(#6654,#6661),.PCURVE_S1.);
#6650 = LINE('',#6651,#6652);
#6651 = CARTESIAN_POINT('',(-14.,73.135628016874,-25.64039614704));
#6652 = VECTOR('',#6653,1.);
#6653 = DIRECTION('',(0.,0.309016994375,0.951056516295));
#6654 = PCURVE('',#126,#6655);
#6655 = DEFINITIONAL_REPRESENTATION('',(#6656),#6660);
#6656 = LINE('',#6657,#6658);
#6657 = CARTESIAN_POINT('',(-25.64039614704,-73.13562801687));
#6658 = VECTOR('',#6659,1.);
#6659 = DIRECTION('',(0.951056516295,-0.309016994375));
#6660 = ( GEOMETRIC_REPRESENTATION_CONTEXT(2) 
PARAMETRIC_REPRESENTATION_CONTEXT() REPRESENTATION_CONTEXT('2D SPACE',''
  ) );
#6661 = PCURVE('',#6662,#6667);
#6662 = PLANE('',#6663);
#6663 = AXIS2_PLACEMENT_3D('',#6664,#6665,#6666);
#6664 = CARTESIAN_POINT('',(-14.,73.135628016874,-25.64039614704));
#6665 = DIRECTION('',(0.,-0.951056516295,0.309016994375));
#6666 = DIRECTION('',(0.,0.309016994375,0.951056516295));
#6667 = DEFINITIONAL_REPRESENTATION('',(#6668),#6672);
#6668 = LINE('',#6669,#6670);
#6669 = CARTESIAN_POINT('',(0.,0.));
#6670 = VECTOR('',#6671,1.);
#6671 = DIRECTION('',(1.,0.));
#6672 = ( GEOMETRIC_REPRESENTATION_CONTEXT(2) 
PARAMETRIC_REPRESENTATION_CONTEXT() REPRESENTATION_CONTEXT('2D SPACE',''
  ) );
#6673 = ORIENTED_EDGE('',*,*,#6674,.T.);
#6674 = EDGE_CURVE('',#6647,#6675,#6677,.T.);
#6675 = VERTEX_POINT('',#6676);
#6676 = CARTESIAN_POINT('',(-14.,69.327564451654,-18.96587546626));
#6677 = SURFACE_CURVE('',#6678,(#6682,#6689),.PCURVE_S1.);
#6678 = LINE('',#6679,#6680);
#6679 = CARTESIAN_POINT('',(-14.,74.239012678106,-22.24452734));
#6680 = VECTOR('',#6681,1.);
#6681 = DIRECTION('',(0.,-0.831709914204,0.555210427329));
#6682 = PCURVE('',#126,#6683);
#6683 = DEFINITIONAL_REPRESENTATION('',(#6684),#6688);
#6684 = LINE('',#6685,#6686);
#6685 = CARTESIAN_POINT('',(-22.24452734,-74.2390126781));
#6686 = VECTOR('',#6687,1.);
#6687 = DIRECTION('',(0.555210427329,0.831709914204));
#6688 = ( GEOMETRIC_REPRESENTATION_CONTEXT(2) 
PARAMETRIC_REPRESENTATION_CONTEXT() REPRESENTATION_CONTEXT('2D SPACE',''
  ) );
#6689 = PCURVE('',#6690,#6695);
#6690 = PLANE('',#6691);
#6691 = AXIS2_PLACEMENT_3D('',#6692,#6693,#6694);
#6692 = CARTESIAN_POINT('',(-14.,74.239012678106,-22.24452734));
#6693 = DIRECTION('',(0.,-0.555210427329,-0.831709914204));
#6694 = DIRECTION('',(0.,-0.831709914204,0.555210427329));
#6695 = DEFINITIONAL_REPRESENTATION('',(#6696),#6700);
#6696 = LINE('',#6697,#6698);
#6697 = CARTESIAN_POINT('',(0.,0.));
#6698 = VECTOR('',#6699,1.);
#6699 = DIRECTION('',(1.,0.));
#6700 = ( GEOMETRIC_REPRESENTATION_CONTEXT(2) 
PARAMETRIC_REPRESENTATION_CONTEXT() REPRESENTATION_CONTEXT('2D SPACE',''
  ) );
#6701 = ORIENTED_EDGE('',*,*,#6702,.T.);
#6702 = EDGE_CURVE('',#6675,#6703,#6705,.T.);
#6703 = VERTEX_POINT('',#6704);
#6704 = CARTESIAN_POINT('',(-14.,69.522369730766,-18.23885226703));
#6705 = SURFACE_CURVE('',#6706,(#6710,#6717),.PCURVE_S1.);
#6706 = LINE('',#6707,#6708);
#6707 = CARTESIAN_POINT('',(-14.,69.327564451654,-18.96587546626));
#6708 = VECTOR('',#6709,1.);
#6709 = DIRECTION('',(0.,0.258819045103,0.965925826289));
#6710 = PCURVE('',#126,#6711);
#6711 = DEFINITIONAL_REPRESENTATION('',(#6712),#6716);
#6712 = LINE('',#6713,#6714);
#6713 = CARTESIAN_POINT('',(-18.96587546626,-69.32756445165));
#6714 = VECTOR('',#6715,1.);
#6715 = DIRECTION('',(0.965925826289,-0.258819045103));
#6716 = ( GEOMETRIC_REPRESENTATION_CONTEXT(2) 
PARAMETRIC_REPRESENTATION_CONTEXT() REPRESENTATION_CONTEXT('2D SPACE',''
  ) );
#6717 = PCURVE('',#6718,#6723);
#6718 = PLANE('',#6719);
#6719 = AXIS2_PLACEMENT_3D('',#6720,#6721,#6722);
#6720 = CARTESIAN_POINT('',(-14.,69.327564451654,-18.96587546626));
#6721 = DIRECTION('',(0.,-0.965925826289,0.258819045103));
#6722 = DIRECTION('',(0.,0.258819045103,0.965925826289));
#6723 = DEFINITIONAL_REPRESENTATION('',(#6724),#6728);
#6724 = LINE('',#6725,#6726);
#6725 = CARTESIAN_POINT('',(0.,0.));
#6726 = VECTOR('',#6727,1.);
#6727 = DIRECTION('',(1.,0.));
#6728 = ( GEOMETRIC_REPRESENTATION_CONTEXT(2) 
PARAMETRIC_REPRESENTATION_CONTEXT() REPRESENTATION_CONTEXT('2D SPACE',''
  ) );
#6729 = ORIENTED_EDGE('',*,*,#6730,.T.);
#6730 = EDGE_CURVE('',#6703,#6731,#6733,.T.);
#6731 = VERTEX_POINT('',#6732);
#6732 = CARTESIAN_POINT('',(-14.,75.415134601115,-17.85518056743));
#6733 = SURFACE_CURVE('',#6734,(#6738,#6745),.PCURVE_S1.);
#6734 = LINE('',#6735,#6736);
#6735 = CARTESIAN_POINT('',(-14.,69.522369730766,-18.23885226703));
#6736 = VECTOR('',#6737,1.);
#6737 = DIRECTION('',(0.,0.997887127945,6.49713774108E-02));
#6738 = PCURVE('',#126,#6739);
#6739 = DEFINITIONAL_REPRESENTATION('',(#6740),#6744);
#6740 = LINE('',#6741,#6742);
#6741 = CARTESIAN_POINT('',(-18.23885226703,-69.52236973076));
#6742 = VECTOR('',#6743,1.);
#6743 = DIRECTION('',(6.49713774108E-02,-0.997887127945));
#6744 = ( GEOMETRIC_REPRESENTATION_CONTEXT(2) 
PARAMETRIC_REPRESENTATION_CONTEXT() REPRESENTATION_CONTEXT('2D SPACE',''
  ) );
#6745 = PCURVE('',#6746,#6751);
#6746 = PLANE('',#6747);
#6747 = AXIS2_PLACEMENT_3D('',#6748,#6749,#6750);
#6748 = CARTESIAN_POINT('',(-14.,69.522369730766,-18.23885226703));
#6749 = DIRECTION('',(0.,-6.49713774108E-02,0.997887127945));
#6750 = DIRECTION('',(0.,0.997887127945,6.49713774108E-02));
#6751 = DEFINITIONAL_REPRESENTATION('',(#6752),#6756);
#6752 = LINE('',#6753,#6754);
#6753 = CARTESIAN_POINT('',(0.,0.));
#6754 = VECTOR('',#6755,1.);
#6755 = DIRECTION('',(1.,0.));
#6756 = ( GEOMETRIC_REPRESENTATION_CONTEXT(2) 
PARAMETRIC_REPRESENTATION_CONTEXT() REPRESENTATION_CONTEXT('2D SPACE',''
  ) );
#6757 = ORIENTED_EDGE('',*,*,#6758,.T.);
#6758 = EDGE_CURVE('',#6731,#6759,#6761,.T.);
#6759 = VERTEX_POINT('',#6760);
#6760 = CARTESIAN_POINT('',(-14.,76.157509857865,-14.36257958199));
#6761 = SURFACE_CURVE('',#6762,(#6766,#6773),.PCURVE_S1.);
#6762 = LINE('',#6763,#6764);
#6763 = CARTESIAN_POINT('',(-14.,75.415134601115,-17.85518056743));
#6764 = VECTOR('',#6765,1.);
#6765 = DIRECTION('',(0.,0.207911690818,0.978147600734));
#6766 = PCURVE('',#126,#6767);
#6767 = DEFINITIONAL_REPRESENTATION('',(#6768),#6772);
#6768 = LINE('',#6769,#6770);
#6769 = CARTESIAN_POINT('',(-17.85518056743,-75.41513460111));
#6770 = VECTOR('',#6771,1.);
#6771 = DIRECTION('',(0.978147600734,-0.207911690818));
#6772 = ( GEOMETRIC_REPRESENTATION_CONTEXT(2) 
PARAMETRIC_REPRESENTATION_CONTEXT() REPRESENTATION_CONTEXT('2D SPACE',''
  ) );
#6773 = PCURVE('',#6774,#6779);
#6774 = PLANE('',#6775);
#6775 = AXIS2_PLACEMENT_3D('',#6776,#6777,#6778);
#6776 = CARTESIAN_POINT('',(-14.,75.415134601115,-17.85518056743));
#6777 = DIRECTION('',(0.,-0.978147600734,0.207911690818));
#6778 = DIRECTION('',(0.,0.207911690818,0.978147600734));
#6779 = DEFINITIONAL_REPRESENTATION('',(#6780),#6784);
#6780 = LINE('',#6781,#6782);
#6781 = CARTESIAN_POINT('',(0.,0.));
#6782 = VECTOR('',#6783,1.);
#6783 = DIRECTION('',(1.,0.));
#6784 = ( GEOMETRIC_REPRESENTATION_CONTEXT(2) 
PARAMETRIC_REPRESENTATION_CONTEXT() REPRESENTATION_CONTEXT('2D SPACE',''
  ) );
#6785 = ORIENTED_EDGE('',*,*,#6786,.T.);
#6786 = EDGE_CURVE('',#6759,#6787,#6789,.T.);
#6787 = VERTEX_POINT('',#6788);
#6788 = CARTESIAN_POINT('',(-14.,70.930254616739,-11.6152746418));
#6789 = SURFACE_CURVE('',#6790,(#6794,#6801),.PCURVE_S1.);
#6790 = LINE('',#6791,#6792);
#6791 = CARTESIAN_POINT('',(-14.,76.157509857865,-14.36257958199));
#6792 = VECTOR('',#6793,1.);
#6793 = DIRECTION('',(0.,-0.88518901303,0.465231567299));
#6794 = PCURVE('',#126,#6795);
#6795 = DEFINITIONAL_REPRESENTATION('',(#6796),#6800);
#6796 = LINE('',#6797,#6798);
#6797 = CARTESIAN_POINT('',(-14.36257958199,-76.15750985786));
#6798 = VECTOR('',#6799,1.);
#6799 = DIRECTION('',(0.465231567299,0.88518901303));
#6800 = ( GEOMETRIC_REPRESENTATION_CONTEXT(2) 
PARAMETRIC_REPRESENTATION_CONTEXT() REPRESENTATION_CONTEXT('2D SPACE',''
  ) );
#6801 = PCURVE('',#6802,#6807);
#6802 = PLANE('',#6803);
#6803 = AXIS2_PLACEMENT_3D('',#6804,#6805,#6806);
#6804 = CARTESIAN_POINT('',(-14.,76.157509857865,-14.36257958199));
#6805 = DIRECTION('',(0.,-0.465231567299,-0.88518901303));
#6806 = DIRECTION('',(0.,-0.88518901303,0.465231567299));
#6807 = DEFINITIONAL_REPRESENTATION('',(#6808),#6812);
#6808 = LINE('',#6809,#6810);
#6809 = CARTESIAN_POINT('',(0.,0.));
#6810 = VECTOR('',#6811,1.);
#6811 = DIRECTION('',(1.,0.));
#6812 = ( GEOMETRIC_REPRESENTATION_CONTEXT(2) 
PARAMETRIC_REPRESENTATION_CONTEXT() REPRESENTATION_CONTEXT('2D SPACE',''
  ) );
#6813 = ORIENTED_EDGE('',*,*,#6814,.T.);
#6814 = EDGE_CURVE('',#6787,#6815,#6817,.T.);
#6815 = VERTEX_POINT('',#6816);
#6816 = CARTESIAN_POINT('',(-14.,71.047998114374,-10.87187145526));
#6817 = SURFACE_CURVE('',#6818,(#6822,#6829),.PCURVE_S1.);
#6818 = LINE('',#6819,#6820);
#6819 = CARTESIAN_POINT('',(-14.,70.930254616739,-11.6152746418));
#6820 = VECTOR('',#6821,1.);
#6821 = DIRECTION('',(0.,0.15643446504,0.987688340595));
#6822 = PCURVE('',#126,#6823);
#6823 = DEFINITIONAL_REPRESENTATION('',(#6824),#6828);
#6824 = LINE('',#6825,#6826);
#6825 = CARTESIAN_POINT('',(-11.6152746418,-70.93025461673));
#6826 = VECTOR('',#6827,1.);
#6827 = DIRECTION('',(0.987688340595,-0.15643446504));
#6828 = ( GEOMETRIC_REPRESENTATION_CONTEXT(2) 
PARAMETRIC_REPRESENTATION_CONTEXT() REPRESENTATION_CONTEXT('2D SPACE',''
  ) );
#6829 = PCURVE('',#6830,#6835);
#6830 = PLANE('',#6831);
#6831 = AXIS2_PLACEMENT_3D('',#6832,#6833,#6834);
#6832 = CARTESIAN_POINT('',(-14.,70.930254616739,-11.6152746418));
#6833 = DIRECTION('',(0.,-0.987688340595,0.15643446504));
#6834 = DIRECTION('',(0.,0.15643446504,0.987688340595));
#6835 = DEFINITIONAL_REPRESENTATION('',(#6836),#6840);
#6836 = LINE('',#6837,#6838);
#6837 = CARTESIAN_POINT('',(0.,0.));
#6838 = VECTOR('',#6839,1.);
#6839 = DIRECTION('',(1.,0.));
#6840 = ( GEOMETRIC_REPRESENTATION_CONTEXT(2) 
PARAMETRIC_REPRESENTATION_CONTEXT() REPRESENTATION_CONTEXT('2D SPACE',''
  ) );
#6841 = ORIENTED_EDGE('',*,*,#6842,.T.);
#6842 = EDGE_CURVE('',#6815,#6843,#6845,.T.);
#6843 = VERTEX_POINT('',#6844);
#6844 = CARTESIAN_POINT('',(-14.,76.868377189035,-9.874339893091));
#6845 = SURFACE_CURVE('',#6846,(#6850,#6857),.PCURVE_S1.);
#6846 = LINE('',#6847,#6848);
#6847 = CARTESIAN_POINT('',(-14.,71.047998114374,-10.87187145526));
#6848 = VECTOR('',#6849,1.);
#6849 = DIRECTION('',(0.,0.98562923961,0.168923065406));
#6850 = PCURVE('',#126,#6851);
#6851 = DEFINITIONAL_REPRESENTATION('',(#6852),#6856);
#6852 = LINE('',#6853,#6854);
#6853 = CARTESIAN_POINT('',(-10.87187145526,-71.04799811437));
#6854 = VECTOR('',#6855,1.);
#6855 = DIRECTION('',(0.168923065406,-0.98562923961));
#6856 = ( GEOMETRIC_REPRESENTATION_CONTEXT(2) 
PARAMETRIC_REPRESENTATION_CONTEXT() REPRESENTATION_CONTEXT('2D SPACE',''
  ) );
#6857 = PCURVE('',#6858,#6863);
#6858 = PLANE('',#6859);
#6859 = AXIS2_PLACEMENT_3D('',#6860,#6861,#6862);
#6860 = CARTESIAN_POINT('',(-14.,71.047998114374,-10.87187145526));
#6861 = DIRECTION('',(0.,-0.168923065406,0.98562923961));
#6862 = DIRECTION('',(0.,0.98562923961,0.168923065406));
#6863 = DEFINITIONAL_REPRESENTATION('',(#6864),#6868);
#6864 = LINE('',#6865,#6866);
#6865 = CARTESIAN_POINT('',(0.,0.));
#6866 = VECTOR('',#6867,1.);
#6867 = DIRECTION('',(1.,0.));
#6868 = ( GEOMETRIC_REPRESENTATION_CONTEXT(2) 
PARAMETRIC_REPRESENTATION_CONTEXT() REPRESENTATION_CONTEXT('2D SPACE',''
  ) );
#6869 = ORIENTED_EDGE('',*,*,#6870,.T.);
#6870 = EDGE_CURVE('',#6843,#6871,#6873,.T.);
#6871 = VERTEX_POINT('',#6872);
#6872 = CARTESIAN_POINT('',(-14.,77.241609422637,-6.323272396532));
#6873 = SURFACE_CURVE('',#6874,(#6878,#6885),.PCURVE_S1.);
#6874 = LINE('',#6875,#6876);
#6875 = CARTESIAN_POINT('',(-14.,76.868377189035,-9.874339893091));
#6876 = VECTOR('',#6877,1.);
#6877 = DIRECTION('',(0.,0.104528463268,0.994521895368));
#6878 = PCURVE('',#126,#6879);
#6879 = DEFINITIONAL_REPRESENTATION('',(#6880),#6884);
#6880 = LINE('',#6881,#6882);
#6881 = CARTESIAN_POINT('',(-9.874339893091,-76.86837718903));
#6882 = VECTOR('',#6883,1.);
#6883 = DIRECTION('',(0.994521895368,-0.104528463268));
#6884 = ( GEOMETRIC_REPRESENTATION_CONTEXT(2) 
PARAMETRIC_REPRESENTATION_CONTEXT() REPRESENTATION_CONTEXT('2D SPACE',''
  ) );
#6885 = PCURVE('',#6886,#6891);
#6886 = PLANE('',#6887);
#6887 = AXIS2_PLACEMENT_3D('',#6888,#6889,#6890);
#6888 = CARTESIAN_POINT('',(-14.,76.868377189035,-9.874339893091));
#6889 = DIRECTION('',(0.,-0.994521895368,0.104528463268));
#6890 = DIRECTION('',(0.,0.104528463268,0.994521895368));
#6891 = DEFINITIONAL_REPRESENTATION('',(#6892),#6896);
#6892 = LINE('',#6893,#6894);
#6893 = CARTESIAN_POINT('',(0.,0.));
#6894 = VECTOR('',#6895,1.);
#6895 = DIRECTION('',(1.,0.));
#6896 = ( GEOMETRIC_REPRESENTATION_CONTEXT(2) 
PARAMETRIC_REPRESENTATION_CONTEXT() REPRESENTATION_CONTEXT('2D SPACE',''
  ) );
#6897 = ORIENTED_EDGE('',*,*,#6898,.T.);
#6898 = EDGE_CURVE('',#6871,#142,#6899,.T.);
#6899 = SURFACE_CURVE('',#6900,(#6904,#6911),.PCURVE_S1.);
#6900 = LINE('',#6901,#6902);
#6901 = CARTESIAN_POINT('',(-14.,77.241609422637,-6.323272396532));
#6902 = VECTOR('',#6903,1.);
#6903 = DIRECTION('',(0.,-0.928969795791,0.370155532862));
#6904 = PCURVE('',#126,#6905);
#6905 = DEFINITIONAL_REPRESENTATION('',(#6906),#6910);
#6906 = LINE('',#6907,#6908);
#6907 = CARTESIAN_POINT('',(-6.323272396532,-77.24160942263));
#6908 = VECTOR('',#6909,1.);
#6909 = DIRECTION('',(0.370155532862,0.928969795791));
#6910 = ( GEOMETRIC_REPRESENTATION_CONTEXT(2) 
PARAMETRIC_REPRESENTATION_CONTEXT() REPRESENTATION_CONTEXT('2D SPACE',''
  ) );
#6911 = PCURVE('',#159,#6912);
#6912 = DEFINITIONAL_REPRESENTATION('',(#6913),#6917);
#6913 = LINE('',#6914,#6915);
#6914 = CARTESIAN_POINT('',(0.,0.));
#6915 = VECTOR('',#6916,1.);
#6916 = DIRECTION('',(1.,0.));
#6917 = ( GEOMETRIC_REPRESENTATION_CONTEXT(2) 
PARAMETRIC_REPRESENTATION_CONTEXT() REPRESENTATION_CONTEXT('2D SPACE',''
  ) );
#6918 = ORIENTED_EDGE('',*,*,#193,.T.);
#6919 = FACE_BOUND('',#6920,.F.);
#6920 = EDGE_LOOP('',(#6921,#6949,#6978,#7004,#7030,#7056));
#6921 = ORIENTED_EDGE('',*,*,#6922,.T.);
#6922 = EDGE_CURVE('',#6923,#6925,#6927,.T.);
#6923 = VERTEX_POINT('',#6924);
#6924 = CARTESIAN_POINT('',(-14.,5.1,17.9));
#6925 = VERTEX_POINT('',#6926);
#6926 = CARTESIAN_POINT('',(-14.,2.683281573,17.9));
#6927 = SURFACE_CURVE('',#6928,(#6932,#6938),.PCURVE_S1.);
#6928 = LINE('',#6929,#6930);
#6929 = CARTESIAN_POINT('',(-14.,-2.55,17.9));
#6930 = VECTOR('',#6931,1.);
#6931 = DIRECTION('',(0.,-1.,0.));
#6932 = PCURVE('',#126,#6933);
#6933 = DEFINITIONAL_REPRESENTATION('',(#6934),#6937);
#6934 = B_SPLINE_CURVE_WITH_KNOTS('',1,(#6935,#6936),.UNSPECIFIED.,.F.,
  .F.,(2,2),(-7.65,2.55),.PIECEWISE_BEZIER_KNOTS.);
#6935 = CARTESIAN_POINT('',(17.9,-5.1));
#6936 = CARTESIAN_POINT('',(17.9,5.1));
#6937 = ( GEOMETRIC_REPRESENTATION_CONTEXT(2) 
PARAMETRIC_REPRESENTATION_CONTEXT() REPRESENTATION_CONTEXT('2D SPACE',''
  ) );
#6938 = PCURVE('',#6939,#6944);
#6939 = PLANE('',#6940);
#6940 = AXIS2_PLACEMENT_3D('',#6941,#6942,#6943);
#6941 = CARTESIAN_POINT('',(-15.,-5.1,17.9));
#6942 = DIRECTION('',(0.,0.,1.));
#6943 = DIRECTION('',(1.,0.,0.));
#6944 = DEFINITIONAL_REPRESENTATION('',(#6945),#6948);
#6945 = B_SPLINE_CURVE_WITH_KNOTS('',1,(#6946,#6947),.UNSPECIFIED.,.F.,
  .F.,(2,2),(-7.65,2.55),.PIECEWISE_BEZIER_KNOTS.);
#6946 = CARTESIAN_POINT('',(1.,10.2));
#6947 = CARTESIAN_POINT('',(1.,0.));
#6948 = ( GEOMETRIC_REPRESENTATION_CONTEXT(2) 
PARAMETRIC_REPRESENTATION_CONTEXT() REPRESENTATION_CONTEXT('2D SPACE',''
  ) );
#6949 = ORIENTED_EDGE('',*,*,#6950,.F.);
#6950 = EDGE_CURVE('',#6951,#6925,#6953,.T.);
#6951 = VERTEX_POINT('',#6952);
#6952 = CARTESIAN_POINT('',(-14.,-2.683281573,17.9));
#6953 = SURFACE_CURVE('',#6954,(#6959,#6966),.PCURVE_S1.);
#6954 = CIRCLE('',#6955,18.1);
#6955 = AXIS2_PLACEMENT_3D('',#6956,#6957,#6958);
#6956 = CARTESIAN_POINT('',(-14.,0.,0.));
#6957 = DIRECTION('',(1.,0.,0.));
#6958 = DIRECTION('',(0.,-0.148247600718,0.988950276243));
#6959 = PCURVE('',#126,#6960);
#6960 = DEFINITIONAL_REPRESENTATION('',(#6961),#6965);
#6961 = CIRCLE('',#6962,18.1);
#6962 = AXIS2_PLACEMENT_2D('',#6963,#6964);
#6963 = CARTESIAN_POINT('',(7.142687564912E-14,5.652621548963E-14));
#6964 = DIRECTION('',(0.988950276243,0.148247600718));
#6965 = ( GEOMETRIC_REPRESENTATION_CONTEXT(2) 
PARAMETRIC_REPRESENTATION_CONTEXT() REPRESENTATION_CONTEXT('2D SPACE',''
  ) );
#6966 = PCURVE('',#6967,#6972);
#6967 = CYLINDRICAL_SURFACE('',#6968,18.1);
#6968 = AXIS2_PLACEMENT_3D('',#6969,#6970,#6971);
#6969 = CARTESIAN_POINT('',(-15.,0.,0.));
#6970 = DIRECTION('',(-1.,-0.,-0.));
#6971 = DIRECTION('',(0.,1.,0.));
#6972 = DEFINITIONAL_REPRESENTATION('',(#6973),#6977);
#6973 = LINE('',#6974,#6975);
#6974 = CARTESIAN_POINT('',(-1.719592384077,-1.));
#6975 = VECTOR('',#6976,1.);
#6976 = DIRECTION('',(-1.,-0.));
#6977 = ( GEOMETRIC_REPRESENTATION_CONTEXT(2) 
PARAMETRIC_REPRESENTATION_CONTEXT() REPRESENTATION_CONTEXT('2D SPACE',''
  ) );
#6978 = ORIENTED_EDGE('',*,*,#6979,.T.);
#6979 = EDGE_CURVE('',#6951,#6980,#6982,.T.);
#6980 = VERTEX_POINT('',#6981);
#6981 = CARTESIAN_POINT('',(-14.,-5.1,17.9));
#6982 = SURFACE_CURVE('',#6983,(#6987,#6993),.PCURVE_S1.);
#6983 = LINE('',#6984,#6985);
#6984 = CARTESIAN_POINT('',(-14.,-2.55,17.9));
#6985 = VECTOR('',#6986,1.);
#6986 = DIRECTION('',(0.,-1.,0.));
#6987 = PCURVE('',#126,#6988);
#6988 = DEFINITIONAL_REPRESENTATION('',(#6989),#6992);
#6989 = B_SPLINE_CURVE_WITH_KNOTS('',1,(#6990,#6991),.UNSPECIFIED.,.F.,
  .F.,(2,2),(-7.65,2.55),.PIECEWISE_BEZIER_KNOTS.);
#6990 = CARTESIAN_POINT('',(17.9,-5.1));
#6991 = CARTESIAN_POINT('',(17.9,5.1));
#6992 = ( GEOMETRIC_REPRESENTATION_CONTEXT(2) 
PARAMETRIC_REPRESENTATION_CONTEXT() REPRESENTATION_CONTEXT('2D SPACE',''
  ) );
#6993 = PCURVE('',#6994,#6999);
#6994 = PLANE('',#6995);
#6995 = AXIS2_PLACEMENT_3D('',#6996,#6997,#6998);
#6996 = CARTESIAN_POINT('',(-15.,-5.1,17.9));
#6997 = DIRECTION('',(0.,0.,1.));
#6998 = DIRECTION('',(1.,0.,0.));
#6999 = DEFINITIONAL_REPRESENTATION('',(#7000),#7003);
#7000 = B_SPLINE_CURVE_WITH_KNOTS('',1,(#7001,#7002),.UNSPECIFIED.,.F.,
  .F.,(2,2),(-7.65,2.55),.PIECEWISE_BEZIER_KNOTS.);
#7001 = CARTESIAN_POINT('',(1.,10.2));
#7002 = CARTESIAN_POINT('',(1.,0.));
#7003 = ( GEOMETRIC_REPRESENTATION_CONTEXT(2) 
PARAMETRIC_REPRESENTATION_CONTEXT() REPRESENTATION_CONTEXT('2D SPACE',''
  ) );
#7004 = ORIENTED_EDGE('',*,*,#7005,.T.);
#7005 = EDGE_CURVE('',#6980,#7006,#7008,.T.);
#7006 = VERTEX_POINT('',#7007);
#7007 = CARTESIAN_POINT('',(-14.,-5.1,22.3));
#7008 = SURFACE_CURVE('',#7009,(#7013,#7019),.PCURVE_S1.);
#7009 = LINE('',#7010,#7011);
#7010 = CARTESIAN_POINT('',(-14.,-5.1,8.95));
#7011 = VECTOR('',#7012,1.);
#7012 = DIRECTION('',(0.,0.,1.));
#7013 = PCURVE('',#126,#7014);
#7014 = DEFINITIONAL_REPRESENTATION('',(#7015),#7018);
#7015 = B_SPLINE_CURVE_WITH_KNOTS('',1,(#7016,#7017),.UNSPECIFIED.,.F.,
  .F.,(2,2),(8.95,13.35),.PIECEWISE_BEZIER_KNOTS.);
#7016 = CARTESIAN_POINT('',(17.9,5.1));
#7017 = CARTESIAN_POINT('',(22.3,5.1));
#7018 = ( GEOMETRIC_REPRESENTATION_CONTEXT(2) 
PARAMETRIC_REPRESENTATION_CONTEXT() REPRESENTATION_CONTEXT('2D SPACE',''
  ) );
#7019 = PCURVE('',#7020,#7025);
#7020 = PLANE('',#7021);
#7021 = AXIS2_PLACEMENT_3D('',#7022,#7023,#7024);
#7022 = CARTESIAN_POINT('',(-15.,-5.1,17.9));
#7023 = DIRECTION('',(0.,1.,0.));
#7024 = DIRECTION('',(0.,0.,1.));
#7025 = DEFINITIONAL_REPRESENTATION('',(#7026),#7029);
#7026 = B_SPLINE_CURVE_WITH_KNOTS('',1,(#7027,#7028),.UNSPECIFIED.,.F.,
  .F.,(2,2),(8.95,13.35),.PIECEWISE_BEZIER_KNOTS.);
#7027 = CARTESIAN_POINT('',(0.,1.));
#7028 = CARTESIAN_POINT('',(4.4,1.));
#7029 = ( GEOMETRIC_REPRESENTATION_CONTEXT(2) 
PARAMETRIC_REPRESENTATION_CONTEXT() REPRESENTATION_CONTEXT('2D SPACE',''
  ) );
#7030 = ORIENTED_EDGE('',*,*,#7031,.F.);
#7031 = EDGE_CURVE('',#7032,#7006,#7034,.T.);
#7032 = VERTEX_POINT('',#7033);
#7033 = CARTESIAN_POINT('',(-14.,5.1,22.3));
#7034 = SURFACE_CURVE('',#7035,(#7039,#7045),.PCURVE_S1.);
#7035 = LINE('',#7036,#7037);
#7036 = CARTESIAN_POINT('',(-14.,-2.55,22.3));
#7037 = VECTOR('',#7038,1.);
#7038 = DIRECTION('',(0.,-1.,0.));
#7039 = PCURVE('',#126,#7040);
#7040 = DEFINITIONAL_REPRESENTATION('',(#7041),#7044);
#7041 = B_SPLINE_CURVE_WITH_KNOTS('',1,(#7042,#7043),.UNSPECIFIED.,.F.,
  .F.,(2,2),(-7.65,2.55),.PIECEWISE_BEZIER_KNOTS.);
#7042 = CARTESIAN_POINT('',(22.3,-5.1));
#7043 = CARTESIAN_POINT('',(22.3,5.1));
#7044 = ( GEOMETRIC_REPRESENTATION_CONTEXT(2) 
PARAMETRIC_REPRESENTATION_CONTEXT() REPRESENTATION_CONTEXT('2D SPACE',''
  ) );
#7045 = PCURVE('',#7046,#7051);
#7046 = PLANE('',#7047);
#7047 = AXIS2_PLACEMENT_3D('',#7048,#7049,#7050);
#7048 = CARTESIAN_POINT('',(-15.,-5.1,22.3));
#7049 = DIRECTION('',(0.,0.,1.));
#7050 = DIRECTION('',(1.,0.,0.));
#7051 = DEFINITIONAL_REPRESENTATION('',(#7052),#7055);
#7052 = B_SPLINE_CURVE_WITH_KNOTS('',1,(#7053,#7054),.UNSPECIFIED.,.F.,
  .F.,(2,2),(-7.65,2.55),.PIECEWISE_BEZIER_KNOTS.);
#7053 = CARTESIAN_POINT('',(1.,10.2));
#7054 = CARTESIAN_POINT('',(1.,0.));
#7055 = ( GEOMETRIC_REPRESENTATION_CONTEXT(2) 
PARAMETRIC_REPRESENTATION_CONTEXT() REPRESENTATION_CONTEXT('2D SPACE',''
  ) );
#7056 = ORIENTED_EDGE('',*,*,#7057,.F.);
#7057 = EDGE_CURVE('',#6923,#7032,#7058,.T.);
#7058 = SURFACE_CURVE('',#7059,(#7063,#7069),.PCURVE_S1.);
#7059 = LINE('',#7060,#7061);
#7060 = CARTESIAN_POINT('',(-14.,5.1,8.95));
#7061 = VECTOR('',#7062,1.);
#7062 = DIRECTION('',(0.,0.,1.));
#7063 = PCURVE('',#126,#7064);
#7064 = DEFINITIONAL_REPRESENTATION('',(#7065),#7068);
#7065 = B_SPLINE_CURVE_WITH_KNOTS('',1,(#7066,#7067),.UNSPECIFIED.,.F.,
  .F.,(2,2),(8.95,13.35),.PIECEWISE_BEZIER_KNOTS.);
#7066 = CARTESIAN_POINT('',(17.9,-5.1));
#7067 = CARTESIAN_POINT('',(22.3,-5.1));
#7068 = ( GEOMETRIC_REPRESENTATION_CONTEXT(2) 
PARAMETRIC_REPRESENTATION_CONTEXT() REPRESENTATION_CONTEXT('2D SPACE',''
  ) );
#7069 = PCURVE('',#7070,#7075);
#7070 = PLANE('',#7071);
#7071 = AXIS2_PLACEMENT_3D('',#7072,#7073,#7074);
#7072 = CARTESIAN_POINT('',(-15.,5.1,17.9));
#7073 = DIRECTION('',(0.,1.,0.));
#7074 = DIRECTION('',(0.,0.,1.));
#7075 = DEFINITIONAL_REPRESENTATION('',(#7076),#7079);
#7076 = B_SPLINE_CURVE_WITH_KNOTS('',1,(#7077,#7078),.UNSPECIFIED.,.F.,
  .F.,(2,2),(8.95,13.35),.PIECEWISE_BEZIER_KNOTS.);
#7077 = CARTESIAN_POINT('',(0.,1.));
#7078 = CARTESIAN_POINT('',(4.4,1.));
#7079 = ( GEOMETRIC_REPRESENTATION_CONTEXT(2) 
PARAMETRIC_REPRESENTATION_CONTEXT() REPRESENTATION_CONTEXT('2D SPACE',''
  ) );
#7080 = ADVANCED_FACE('',(#7081,#12535),#72,.T.);
#7081 = FACE_BOUND('',#7082,.T.);
#7082 = EDGE_LOOP('',(#7083,#7084,#7085,#7108,#7131,#7154,#7177,#7200,
    #7223,#7246,#7269,#7292,#7315,#7338,#7361,#7384,#7407,#7430,#7453,
    #7476,#7499,#7522,#7545,#7568,#7591,#7614,#7637,#7660,#7683,#7706,
    #7729,#7752,#7775,#7798,#7821,#7844,#7867,#7890,#7913,#7936,#7959,
    #7982,#8005,#8028,#8051,#8074,#8097,#8120,#8143,#8166,#8189,#8212,
    #8235,#8258,#8281,#8304,#8327,#8350,#8373,#8396,#8419,#8442,#8465,
    #8488,#8511,#8534,#8557,#8580,#8603,#8626,#8649,#8672,#8695,#8718,
    #8741,#8764,#8787,#8810,#8833,#8856,#8879,#8902,#8925,#8948,#8971,
    #8994,#9017,#9040,#9063,#9086,#9109,#9132,#9155,#9178,#9201,#9224,
    #9247,#9270,#9293,#9316,#9339,#9362,#9385,#9408,#9431,#9454,#9477,
    #9500,#9523,#9546,#9569,#9592,#9615,#9638,#9661,#9684,#9707,#9730,
    #9753,#9776,#9799,#9822,#9845,#9868,#9891,#9914,#9937,#9960,#9983,
    #10006,#10029,#10052,#10075,#10098,#10121,#10144,#10167,#10190,
    #10213,#10236,#10259,#10282,#10305,#10328,#10351,#10374,#10397,
    #10420,#10443,#10466,#10489,#10512,#10535,#10558,#10581,#10604,
    #10627,#10650,#10673,#10696,#10719,#10742,#10765,#10788,#10811,
    #10834,#10857,#10880,#10903,#10926,#10949,#10972,#10995,#11018,
    #11041,#11064,#11087,#11110,#11133,#11156,#11179,#11202,#11225,
    #11248,#11271,#11294,#11317,#11340,#11363,#11386,#11409,#11432,
    #11455,#11478,#11501,#11524,#11547,#11570,#11593,#11616,#11639,
    #11662,#11685,#11708,#11731,#11754,#11777,#11800,#11823,#11846,
    #11869,#11892,#11915,#11938,#11961,#11984,#12007,#12030,#12053,
    #12076,#12099,#12122,#12145,#12168,#12191,#12214,#12237,#12260,
    #12283,#12306,#12329,#12352,#12375,#12398,#12421,#12444,#12467,
    #12490,#12513,#12534));
#7083 = ORIENTED_EDGE('',*,*,#56,.T.);
#7084 = ORIENTED_EDGE('',*,*,#218,.T.);
#7085 = ORIENTED_EDGE('',*,*,#7086,.T.);
#7086 = EDGE_CURVE('',#219,#7087,#7089,.T.);
#7087 = VERTEX_POINT('',#7088);
#7088 = CARTESIAN_POINT('',(14.,71.795209762892,3.385776144756));
#7089 = SURFACE_CURVE('',#7090,(#7094,#7101),.PCURVE_S1.);
#7090 = LINE('',#7091,#7092);
#7091 = CARTESIAN_POINT('',(14.,77.479433750729,1.785313884539));
#7092 = VECTOR('',#7093,1.);
#7093 = DIRECTION('',(0.,-0.96257259107,0.271023996947));
#7094 = PCURVE('',#72,#7095);
#7095 = DEFINITIONAL_REPRESENTATION('',(#7096),#7100);
#7096 = LINE('',#7097,#7098);
#7097 = CARTESIAN_POINT('',(1.78531388454,-77.47943375072));
#7098 = VECTOR('',#7099,1.);
#7099 = DIRECTION('',(0.271023996947,0.96257259107));
#7100 = ( GEOMETRIC_REPRESENTATION_CONTEXT(2) 
PARAMETRIC_REPRESENTATION_CONTEXT() REPRESENTATION_CONTEXT('2D SPACE',''
  ) );
#7101 = PCURVE('',#257,#7102);
#7102 = DEFINITIONAL_REPRESENTATION('',(#7103),#7107);
#7103 = LINE('',#7104,#7105);
#7104 = CARTESIAN_POINT('',(0.,-28.));
#7105 = VECTOR('',#7106,1.);
#7106 = DIRECTION('',(1.,0.));
#7107 = ( GEOMETRIC_REPRESENTATION_CONTEXT(2) 
PARAMETRIC_REPRESENTATION_CONTEXT() REPRESENTATION_CONTEXT('2D SPACE',''
  ) );
#7108 = ORIENTED_EDGE('',*,*,#7109,.T.);
#7109 = EDGE_CURVE('',#7087,#7110,#7112,.T.);
#7110 = VERTEX_POINT('',#7111);
#7111 = CARTESIAN_POINT('',(14.,71.755818069133,4.137414437719));
#7112 = SURFACE_CURVE('',#7113,(#7117,#7124),.PCURVE_S1.);
#7113 = LINE('',#7114,#7115);
#7114 = CARTESIAN_POINT('',(14.,71.795209762892,3.385776144756));
#7115 = VECTOR('',#7116,1.);
#7116 = DIRECTION('',(0.,-5.233595624294E-02,0.998629534755));
#7117 = PCURVE('',#72,#7118);
#7118 = DEFINITIONAL_REPRESENTATION('',(#7119),#7123);
#7119 = LINE('',#7120,#7121);
#7120 = CARTESIAN_POINT('',(3.385776144756,-71.79520976289));
#7121 = VECTOR('',#7122,1.);
#7122 = DIRECTION('',(0.998629534755,5.233595624294E-02));
#7123 = ( GEOMETRIC_REPRESENTATION_CONTEXT(2) 
PARAMETRIC_REPRESENTATION_CONTEXT() REPRESENTATION_CONTEXT('2D SPACE',''
  ) );
#7124 = PCURVE('',#334,#7125);
#7125 = DEFINITIONAL_REPRESENTATION('',(#7126),#7130);
#7126 = LINE('',#7127,#7128);
#7127 = CARTESIAN_POINT('',(0.,-28.));
#7128 = VECTOR('',#7129,1.);
#7129 = DIRECTION('',(1.,0.));
#7130 = ( GEOMETRIC_REPRESENTATION_CONTEXT(2) 
PARAMETRIC_REPRESENTATION_CONTEXT() REPRESENTATION_CONTEXT('2D SPACE',''
  ) );
#7131 = ORIENTED_EDGE('',*,*,#7132,.T.);
#7132 = EDGE_CURVE('',#7110,#7133,#7135,.T.);
#7133 = VERTEX_POINT('',#7134);
#7134 = CARTESIAN_POINT('',(14.,77.241609422637,6.323272396532));
#7135 = SURFACE_CURVE('',#7136,(#7140,#7147),.PCURVE_S1.);
#7136 = LINE('',#7137,#7138);
#7137 = CARTESIAN_POINT('',(14.,71.755818069133,4.137414437719));
#7138 = VECTOR('',#7139,1.);
#7139 = DIRECTION('',(0.,0.928969795791,0.370155532862));
#7140 = PCURVE('',#72,#7141);
#7141 = DEFINITIONAL_REPRESENTATION('',(#7142),#7146);
#7142 = LINE('',#7143,#7144);
#7143 = CARTESIAN_POINT('',(4.137414437719,-71.75581806913));
#7144 = VECTOR('',#7145,1.);
#7145 = DIRECTION('',(0.370155532862,-0.928969795791));
#7146 = ( GEOMETRIC_REPRESENTATION_CONTEXT(2) 
PARAMETRIC_REPRESENTATION_CONTEXT() REPRESENTATION_CONTEXT('2D SPACE',''
  ) );
#7147 = PCURVE('',#362,#7148);
#7148 = DEFINITIONAL_REPRESENTATION('',(#7149),#7153);
#7149 = LINE('',#7150,#7151);
#7150 = CARTESIAN_POINT('',(0.,-28.));
#7151 = VECTOR('',#7152,1.);
#7152 = DIRECTION('',(1.,0.));
#7153 = ( GEOMETRIC_REPRESENTATION_CONTEXT(2) 
PARAMETRIC_REPRESENTATION_CONTEXT() REPRESENTATION_CONTEXT('2D SPACE',''
  ) );
#7154 = ORIENTED_EDGE('',*,*,#7155,.T.);
#7155 = EDGE_CURVE('',#7133,#7156,#7158,.T.);
#7156 = VERTEX_POINT('',#7157);
#7157 = CARTESIAN_POINT('',(14.,76.868377189035,9.874339893091));
#7158 = SURFACE_CURVE('',#7159,(#7163,#7170),.PCURVE_S1.);
#7159 = LINE('',#7160,#7161);
#7160 = CARTESIAN_POINT('',(14.,77.241609422637,6.323272396532));
#7161 = VECTOR('',#7162,1.);
#7162 = DIRECTION('',(0.,-0.104528463268,0.994521895368));
#7163 = PCURVE('',#72,#7164);
#7164 = DEFINITIONAL_REPRESENTATION('',(#7165),#7169);
#7165 = LINE('',#7166,#7167);
#7166 = CARTESIAN_POINT('',(6.323272396532,-77.24160942263));
#7167 = VECTOR('',#7168,1.);
#7168 = DIRECTION('',(0.994521895368,0.104528463268));
#7169 = ( GEOMETRIC_REPRESENTATION_CONTEXT(2) 
PARAMETRIC_REPRESENTATION_CONTEXT() REPRESENTATION_CONTEXT('2D SPACE',''
  ) );
#7170 = PCURVE('',#390,#7171);
#7171 = DEFINITIONAL_REPRESENTATION('',(#7172),#7176);
#7172 = LINE('',#7173,#7174);
#7173 = CARTESIAN_POINT('',(0.,-28.));
#7174 = VECTOR('',#7175,1.);
#7175 = DIRECTION('',(1.,0.));
#7176 = ( GEOMETRIC_REPRESENTATION_CONTEXT(2) 
PARAMETRIC_REPRESENTATION_CONTEXT() REPRESENTATION_CONTEXT('2D SPACE',''
  ) );
#7177 = ORIENTED_EDGE('',*,*,#7178,.T.);
#7178 = EDGE_CURVE('',#7156,#7179,#7181,.T.);
#7179 = VERTEX_POINT('',#7180);
#7180 = CARTESIAN_POINT('',(14.,71.047998114374,10.871871455269));
#7181 = SURFACE_CURVE('',#7182,(#7186,#7193),.PCURVE_S1.);
#7182 = LINE('',#7183,#7184);
#7183 = CARTESIAN_POINT('',(14.,76.868377189035,9.874339893091));
#7184 = VECTOR('',#7185,1.);
#7185 = DIRECTION('',(0.,-0.98562923961,0.168923065406));
#7186 = PCURVE('',#72,#7187);
#7187 = DEFINITIONAL_REPRESENTATION('',(#7188),#7192);
#7188 = LINE('',#7189,#7190);
#7189 = CARTESIAN_POINT('',(9.874339893091,-76.86837718903));
#7190 = VECTOR('',#7191,1.);
#7191 = DIRECTION('',(0.168923065406,0.98562923961));
#7192 = ( GEOMETRIC_REPRESENTATION_CONTEXT(2) 
PARAMETRIC_REPRESENTATION_CONTEXT() REPRESENTATION_CONTEXT('2D SPACE',''
  ) );
#7193 = PCURVE('',#418,#7194);
#7194 = DEFINITIONAL_REPRESENTATION('',(#7195),#7199);
#7195 = LINE('',#7196,#7197);
#7196 = CARTESIAN_POINT('',(0.,-28.));
#7197 = VECTOR('',#7198,1.);
#7198 = DIRECTION('',(1.,0.));
#7199 = ( GEOMETRIC_REPRESENTATION_CONTEXT(2) 
PARAMETRIC_REPRESENTATION_CONTEXT() REPRESENTATION_CONTEXT('2D SPACE',''
  ) );
#7200 = ORIENTED_EDGE('',*,*,#7201,.T.);
#7201 = EDGE_CURVE('',#7179,#7202,#7204,.T.);
#7202 = VERTEX_POINT('',#7203);
#7203 = CARTESIAN_POINT('',(14.,70.930254616739,11.615274641804));
#7204 = SURFACE_CURVE('',#7205,(#7209,#7216),.PCURVE_S1.);
#7205 = LINE('',#7206,#7207);
#7206 = CARTESIAN_POINT('',(14.,71.047998114374,10.871871455269));
#7207 = VECTOR('',#7208,1.);
#7208 = DIRECTION('',(0.,-0.15643446504,0.987688340595));
#7209 = PCURVE('',#72,#7210);
#7210 = DEFINITIONAL_REPRESENTATION('',(#7211),#7215);
#7211 = LINE('',#7212,#7213);
#7212 = CARTESIAN_POINT('',(10.871871455269,-71.04799811437));
#7213 = VECTOR('',#7214,1.);
#7214 = DIRECTION('',(0.987688340595,0.15643446504));
#7215 = ( GEOMETRIC_REPRESENTATION_CONTEXT(2) 
PARAMETRIC_REPRESENTATION_CONTEXT() REPRESENTATION_CONTEXT('2D SPACE',''
  ) );
#7216 = PCURVE('',#446,#7217);
#7217 = DEFINITIONAL_REPRESENTATION('',(#7218),#7222);
#7218 = LINE('',#7219,#7220);
#7219 = CARTESIAN_POINT('',(0.,-28.));
#7220 = VECTOR('',#7221,1.);
#7221 = DIRECTION('',(1.,0.));
#7222 = ( GEOMETRIC_REPRESENTATION_CONTEXT(2) 
PARAMETRIC_REPRESENTATION_CONTEXT() REPRESENTATION_CONTEXT('2D SPACE',''
  ) );
#7223 = ORIENTED_EDGE('',*,*,#7224,.T.);
#7224 = EDGE_CURVE('',#7202,#7225,#7227,.T.);
#7225 = VERTEX_POINT('',#7226);
#7226 = CARTESIAN_POINT('',(14.,76.157509857865,14.362579581998));
#7227 = SURFACE_CURVE('',#7228,(#7232,#7239),.PCURVE_S1.);
#7228 = LINE('',#7229,#7230);
#7229 = CARTESIAN_POINT('',(14.,70.930254616739,11.615274641804));
#7230 = VECTOR('',#7231,1.);
#7231 = DIRECTION('',(0.,0.88518901303,0.465231567299));
#7232 = PCURVE('',#72,#7233);
#7233 = DEFINITIONAL_REPRESENTATION('',(#7234),#7238);
#7234 = LINE('',#7235,#7236);
#7235 = CARTESIAN_POINT('',(11.615274641804,-70.93025461673));
#7236 = VECTOR('',#7237,1.);
#7237 = DIRECTION('',(0.465231567299,-0.88518901303));
#7238 = ( GEOMETRIC_REPRESENTATION_CONTEXT(2) 
PARAMETRIC_REPRESENTATION_CONTEXT() REPRESENTATION_CONTEXT('2D SPACE',''
  ) );
#7239 = PCURVE('',#474,#7240);
#7240 = DEFINITIONAL_REPRESENTATION('',(#7241),#7245);
#7241 = LINE('',#7242,#7243);
#7242 = CARTESIAN_POINT('',(0.,-28.));
#7243 = VECTOR('',#7244,1.);
#7244 = DIRECTION('',(1.,0.));
#7245 = ( GEOMETRIC_REPRESENTATION_CONTEXT(2) 
PARAMETRIC_REPRESENTATION_CONTEXT() REPRESENTATION_CONTEXT('2D SPACE',''
  ) );
#7246 = ORIENTED_EDGE('',*,*,#7247,.T.);
#7247 = EDGE_CURVE('',#7225,#7248,#7250,.T.);
#7248 = VERTEX_POINT('',#7249);
#7249 = CARTESIAN_POINT('',(14.,75.415134601115,17.855180567436));
#7250 = SURFACE_CURVE('',#7251,(#7255,#7262),.PCURVE_S1.);
#7251 = LINE('',#7252,#7253);
#7252 = CARTESIAN_POINT('',(14.,76.157509857865,14.362579581998));
#7253 = VECTOR('',#7254,1.);
#7254 = DIRECTION('',(0.,-0.207911690818,0.978147600734));
#7255 = PCURVE('',#72,#7256);
#7256 = DEFINITIONAL_REPRESENTATION('',(#7257),#7261);
#7257 = LINE('',#7258,#7259);
#7258 = CARTESIAN_POINT('',(14.362579581998,-76.15750985786));
#7259 = VECTOR('',#7260,1.);
#7260 = DIRECTION('',(0.978147600734,0.207911690818));
#7261 = ( GEOMETRIC_REPRESENTATION_CONTEXT(2) 
PARAMETRIC_REPRESENTATION_CONTEXT() REPRESENTATION_CONTEXT('2D SPACE',''
  ) );
#7262 = PCURVE('',#502,#7263);
#7263 = DEFINITIONAL_REPRESENTATION('',(#7264),#7268);
#7264 = LINE('',#7265,#7266);
#7265 = CARTESIAN_POINT('',(0.,-28.));
#7266 = VECTOR('',#7267,1.);
#7267 = DIRECTION('',(1.,0.));
#7268 = ( GEOMETRIC_REPRESENTATION_CONTEXT(2) 
PARAMETRIC_REPRESENTATION_CONTEXT() REPRESENTATION_CONTEXT('2D SPACE',''
  ) );
#7269 = ORIENTED_EDGE('',*,*,#7270,.T.);
#7270 = EDGE_CURVE('',#7248,#7271,#7273,.T.);
#7271 = VERTEX_POINT('',#7272);
#7272 = CARTESIAN_POINT('',(14.,69.522369730766,18.238852267033));
#7273 = SURFACE_CURVE('',#7274,(#7278,#7285),.PCURVE_S1.);
#7274 = LINE('',#7275,#7276);
#7275 = CARTESIAN_POINT('',(14.,75.415134601115,17.855180567436));
#7276 = VECTOR('',#7277,1.);
#7277 = DIRECTION('',(0.,-0.997887127945,6.497137741081E-02));
#7278 = PCURVE('',#72,#7279);
#7279 = DEFINITIONAL_REPRESENTATION('',(#7280),#7284);
#7280 = LINE('',#7281,#7282);
#7281 = CARTESIAN_POINT('',(17.855180567436,-75.41513460111));
#7282 = VECTOR('',#7283,1.);
#7283 = DIRECTION('',(6.497137741081E-02,0.997887127945));
#7284 = ( GEOMETRIC_REPRESENTATION_CONTEXT(2) 
PARAMETRIC_REPRESENTATION_CONTEXT() REPRESENTATION_CONTEXT('2D SPACE',''
  ) );
#7285 = PCURVE('',#530,#7286);
#7286 = DEFINITIONAL_REPRESENTATION('',(#7287),#7291);
#7287 = LINE('',#7288,#7289);
#7288 = CARTESIAN_POINT('',(0.,-28.));
#7289 = VECTOR('',#7290,1.);
#7290 = DIRECTION('',(1.,0.));
#7291 = ( GEOMETRIC_REPRESENTATION_CONTEXT(2) 
PARAMETRIC_REPRESENTATION_CONTEXT() REPRESENTATION_CONTEXT('2D SPACE',''
  ) );
#7292 = ORIENTED_EDGE('',*,*,#7293,.T.);
#7293 = EDGE_CURVE('',#7271,#7294,#7296,.T.);
#7294 = VERTEX_POINT('',#7295);
#7295 = CARTESIAN_POINT('',(14.,69.327564451654,18.965875466261));
#7296 = SURFACE_CURVE('',#7297,(#7301,#7308),.PCURVE_S1.);
#7297 = LINE('',#7298,#7299);
#7298 = CARTESIAN_POINT('',(14.,69.522369730766,18.238852267033));
#7299 = VECTOR('',#7300,1.);
#7300 = DIRECTION('',(0.,-0.258819045103,0.965925826289));
#7301 = PCURVE('',#72,#7302);
#7302 = DEFINITIONAL_REPRESENTATION('',(#7303),#7307);
#7303 = LINE('',#7304,#7305);
#7304 = CARTESIAN_POINT('',(18.238852267033,-69.52236973076));
#7305 = VECTOR('',#7306,1.);
#7306 = DIRECTION('',(0.965925826289,0.258819045103));
#7307 = ( GEOMETRIC_REPRESENTATION_CONTEXT(2) 
PARAMETRIC_REPRESENTATION_CONTEXT() REPRESENTATION_CONTEXT('2D SPACE',''
  ) );
#7308 = PCURVE('',#558,#7309);
#7309 = DEFINITIONAL_REPRESENTATION('',(#7310),#7314);
#7310 = LINE('',#7311,#7312);
#7311 = CARTESIAN_POINT('',(0.,-28.));
#7312 = VECTOR('',#7313,1.);
#7313 = DIRECTION('',(1.,0.));
#7314 = ( GEOMETRIC_REPRESENTATION_CONTEXT(2) 
PARAMETRIC_REPRESENTATION_CONTEXT() REPRESENTATION_CONTEXT('2D SPACE',''
  ) );
#7315 = ORIENTED_EDGE('',*,*,#7316,.T.);
#7316 = EDGE_CURVE('',#7294,#7317,#7319,.T.);
#7317 = VERTEX_POINT('',#7318);
#7318 = CARTESIAN_POINT('',(14.,74.239012678106,22.24452734));
#7319 = SURFACE_CURVE('',#7320,(#7324,#7331),.PCURVE_S1.);
#7320 = LINE('',#7321,#7322);
#7321 = CARTESIAN_POINT('',(14.,69.327564451654,18.965875466261));
#7322 = VECTOR('',#7323,1.);
#7323 = DIRECTION('',(0.,0.831709914204,0.555210427329));
#7324 = PCURVE('',#72,#7325);
#7325 = DEFINITIONAL_REPRESENTATION('',(#7326),#7330);
#7326 = LINE('',#7327,#7328);
#7327 = CARTESIAN_POINT('',(18.965875466261,-69.32756445165));
#7328 = VECTOR('',#7329,1.);
#7329 = DIRECTION('',(0.555210427329,-0.831709914204));
#7330 = ( GEOMETRIC_REPRESENTATION_CONTEXT(2) 
PARAMETRIC_REPRESENTATION_CONTEXT() REPRESENTATION_CONTEXT('2D SPACE',''
  ) );
#7331 = PCURVE('',#586,#7332);
#7332 = DEFINITIONAL_REPRESENTATION('',(#7333),#7337);
#7333 = LINE('',#7334,#7335);
#7334 = CARTESIAN_POINT('',(0.,-28.));
#7335 = VECTOR('',#7336,1.);
#7336 = DIRECTION('',(1.,0.));
#7337 = ( GEOMETRIC_REPRESENTATION_CONTEXT(2) 
PARAMETRIC_REPRESENTATION_CONTEXT() REPRESENTATION_CONTEXT('2D SPACE',''
  ) );
#7338 = ORIENTED_EDGE('',*,*,#7339,.T.);
#7339 = EDGE_CURVE('',#7317,#7340,#7342,.T.);
#7340 = VERTEX_POINT('',#7341);
#7341 = CARTESIAN_POINT('',(14.,73.135628016874,25.640396147047));
#7342 = SURFACE_CURVE('',#7343,(#7347,#7354),.PCURVE_S1.);
#7343 = LINE('',#7344,#7345);
#7344 = CARTESIAN_POINT('',(14.,74.239012678106,22.24452734));
#7345 = VECTOR('',#7346,1.);
#7346 = DIRECTION('',(0.,-0.309016994375,0.951056516295));
#7347 = PCURVE('',#72,#7348);
#7348 = DEFINITIONAL_REPRESENTATION('',(#7349),#7353);
#7349 = LINE('',#7350,#7351);
#7350 = CARTESIAN_POINT('',(22.24452734,-74.2390126781));
#7351 = VECTOR('',#7352,1.);
#7352 = DIRECTION('',(0.951056516295,0.309016994375));
#7353 = ( GEOMETRIC_REPRESENTATION_CONTEXT(2) 
PARAMETRIC_REPRESENTATION_CONTEXT() REPRESENTATION_CONTEXT('2D SPACE',''
  ) );
#7354 = PCURVE('',#614,#7355);
#7355 = DEFINITIONAL_REPRESENTATION('',(#7356),#7360);
#7356 = LINE('',#7357,#7358);
#7357 = CARTESIAN_POINT('',(0.,-28.));
#7358 = VECTOR('',#7359,1.);
#7359 = DIRECTION('',(1.,0.));
#7360 = ( GEOMETRIC_REPRESENTATION_CONTEXT(2) 
PARAMETRIC_REPRESENTATION_CONTEXT() REPRESENTATION_CONTEXT('2D SPACE',''
  ) );
#7361 = ORIENTED_EDGE('',*,*,#7362,.T.);
#7362 = EDGE_CURVE('',#7340,#7363,#7365,.T.);
#7363 = VERTEX_POINT('',#7364);
#7364 = CARTESIAN_POINT('',(14.,67.235039715897,25.406004396634));
#7365 = SURFACE_CURVE('',#7366,(#7370,#7377),.PCURVE_S1.);
#7366 = LINE('',#7367,#7368);
#7367 = CARTESIAN_POINT('',(14.,73.135628016874,25.640396147047));
#7368 = VECTOR('',#7369,1.);
#7369 = DIRECTION('',(0.,-0.999211956084,-3.969215059133E-02));
#7370 = PCURVE('',#72,#7371);
#7371 = DEFINITIONAL_REPRESENTATION('',(#7372),#7376);
#7372 = LINE('',#7373,#7374);
#7373 = CARTESIAN_POINT('',(25.640396147047,-73.13562801687));
#7374 = VECTOR('',#7375,1.);
#7375 = DIRECTION('',(-3.969215059133E-02,0.999211956084));
#7376 = ( GEOMETRIC_REPRESENTATION_CONTEXT(2) 
PARAMETRIC_REPRESENTATION_CONTEXT() REPRESENTATION_CONTEXT('2D SPACE',''
  ) );
#7377 = PCURVE('',#642,#7378);
#7378 = DEFINITIONAL_REPRESENTATION('',(#7379),#7383);
#7379 = LINE('',#7380,#7381);
#7380 = CARTESIAN_POINT('',(0.,-28.));
#7381 = VECTOR('',#7382,1.);
#7382 = DIRECTION('',(1.,0.));
#7383 = ( GEOMETRIC_REPRESENTATION_CONTEXT(2) 
PARAMETRIC_REPRESENTATION_CONTEXT() REPRESENTATION_CONTEXT('2D SPACE',''
  ) );
#7384 = ORIENTED_EDGE('',*,*,#7385,.T.);
#7385 = EDGE_CURVE('',#7363,#7386,#7388,.T.);
#7386 = VERTEX_POINT('',#7387);
#7387 = CARTESIAN_POINT('',(14.,66.965306982711,26.108682190245));
#7388 = SURFACE_CURVE('',#7389,(#7393,#7400),.PCURVE_S1.);
#7389 = LINE('',#7390,#7391);
#7390 = CARTESIAN_POINT('',(14.,67.235039715897,25.406004396634));
#7391 = VECTOR('',#7392,1.);
#7392 = DIRECTION('',(0.,-0.358367949545,0.933580426497));
#7393 = PCURVE('',#72,#7394);
#7394 = DEFINITIONAL_REPRESENTATION('',(#7395),#7399);
#7395 = LINE('',#7396,#7397);
#7396 = CARTESIAN_POINT('',(25.406004396634,-67.23503971589));
#7397 = VECTOR('',#7398,1.);
#7398 = DIRECTION('',(0.933580426497,0.358367949545));
#7399 = ( GEOMETRIC_REPRESENTATION_CONTEXT(2) 
PARAMETRIC_REPRESENTATION_CONTEXT() REPRESENTATION_CONTEXT('2D SPACE',''
  ) );
#7400 = PCURVE('',#670,#7401);
#7401 = DEFINITIONAL_REPRESENTATION('',(#7402),#7406);
#7402 = LINE('',#7403,#7404);
#7403 = CARTESIAN_POINT('',(0.,-28.));
#7404 = VECTOR('',#7405,1.);
#7405 = DIRECTION('',(1.,0.));
#7406 = ( GEOMETRIC_REPRESENTATION_CONTEXT(2) 
PARAMETRIC_REPRESENTATION_CONTEXT() REPRESENTATION_CONTEXT('2D SPACE',''
  ) );
#7407 = ORIENTED_EDGE('',*,*,#7408,.T.);
#7408 = EDGE_CURVE('',#7386,#7409,#7411,.T.);
#7409 = VERTEX_POINT('',#7410);
#7410 = CARTESIAN_POINT('',(14.,71.507137339934,29.882759401498));
#7411 = SURFACE_CURVE('',#7412,(#7416,#7423),.PCURVE_S1.);
#7412 = LINE('',#7413,#7414);
#7413 = CARTESIAN_POINT('',(14.,66.965306982711,26.108682190245));
#7414 = VECTOR('',#7415,1.);
#7415 = DIRECTION('',(0.,0.769118427512,0.639106285732));
#7416 = PCURVE('',#72,#7417);
#7417 = DEFINITIONAL_REPRESENTATION('',(#7418),#7422);
#7418 = LINE('',#7419,#7420);
#7419 = CARTESIAN_POINT('',(26.108682190245,-66.96530698271));
#7420 = VECTOR('',#7421,1.);
#7421 = DIRECTION('',(0.639106285732,-0.769118427512));
#7422 = ( GEOMETRIC_REPRESENTATION_CONTEXT(2) 
PARAMETRIC_REPRESENTATION_CONTEXT() REPRESENTATION_CONTEXT('2D SPACE',''
  ) );
#7423 = PCURVE('',#698,#7424);
#7424 = DEFINITIONAL_REPRESENTATION('',(#7425),#7429);
#7425 = LINE('',#7426,#7427);
#7426 = CARTESIAN_POINT('',(0.,-28.));
#7427 = VECTOR('',#7428,1.);
#7428 = DIRECTION('',(1.,0.));
#7429 = ( GEOMETRIC_REPRESENTATION_CONTEXT(2) 
PARAMETRIC_REPRESENTATION_CONTEXT() REPRESENTATION_CONTEXT('2D SPACE',''
  ) );
#7430 = ORIENTED_EDGE('',*,*,#7431,.T.);
#7431 = EDGE_CURVE('',#7409,#7432,#7434,.T.);
#7432 = VERTEX_POINT('',#7433);
#7433 = CARTESIAN_POINT('',(14.,70.054832187465,33.144690180873));
#7434 = SURFACE_CURVE('',#7435,(#7439,#7446),.PCURVE_S1.);
#7435 = LINE('',#7436,#7437);
#7436 = CARTESIAN_POINT('',(14.,71.507137339934,29.882759401498));
#7437 = VECTOR('',#7438,1.);
#7438 = DIRECTION('',(0.,-0.406736643076,0.913545457643));
#7439 = PCURVE('',#72,#7440);
#7440 = DEFINITIONAL_REPRESENTATION('',(#7441),#7445);
#7441 = LINE('',#7442,#7443);
#7442 = CARTESIAN_POINT('',(29.882759401498,-71.50713733993));
#7443 = VECTOR('',#7444,1.);
#7444 = DIRECTION('',(0.913545457643,0.406736643076));
#7445 = ( GEOMETRIC_REPRESENTATION_CONTEXT(2) 
PARAMETRIC_REPRESENTATION_CONTEXT() REPRESENTATION_CONTEXT('2D SPACE',''
  ) );
#7446 = PCURVE('',#726,#7447);
#7447 = DEFINITIONAL_REPRESENTATION('',(#7448),#7452);
#7448 = LINE('',#7449,#7450);
#7449 = CARTESIAN_POINT('',(0.,-28.));
#7450 = VECTOR('',#7451,1.);
#7451 = DIRECTION('',(1.,0.));
#7452 = ( GEOMETRIC_REPRESENTATION_CONTEXT(2) 
PARAMETRIC_REPRESENTATION_CONTEXT() REPRESENTATION_CONTEXT('2D SPACE',''
  ) );
#7453 = ORIENTED_EDGE('',*,*,#7454,.T.);
#7454 = EDGE_CURVE('',#7432,#7455,#7457,.T.);
#7455 = VERTEX_POINT('',#7456);
#7456 = CARTESIAN_POINT('',(14.,64.211068536063,32.294803025518));
#7457 = SURFACE_CURVE('',#7458,(#7462,#7469),.PCURVE_S1.);
#7458 = LINE('',#7459,#7460);
#7459 = CARTESIAN_POINT('',(14.,70.054832187465,33.144690180873));
#7460 = VECTOR('',#7461,1.);
#7461 = DIRECTION('',(0.,-0.989589208934,-0.143920803085));
#7462 = PCURVE('',#72,#7463);
#7463 = DEFINITIONAL_REPRESENTATION('',(#7464),#7468);
#7464 = LINE('',#7465,#7466);
#7465 = CARTESIAN_POINT('',(33.144690180873,-70.05483218746));
#7466 = VECTOR('',#7467,1.);
#7467 = DIRECTION('',(-0.143920803085,0.989589208934));
#7468 = ( GEOMETRIC_REPRESENTATION_CONTEXT(2) 
PARAMETRIC_REPRESENTATION_CONTEXT() REPRESENTATION_CONTEXT('2D SPACE',''
  ) );
#7469 = PCURVE('',#754,#7470);
#7470 = DEFINITIONAL_REPRESENTATION('',(#7471),#7475);
#7471 = LINE('',#7472,#7473);
#7472 = CARTESIAN_POINT('',(0.,-28.));
#7473 = VECTOR('',#7474,1.);
#7474 = DIRECTION('',(1.,0.));
#7475 = ( GEOMETRIC_REPRESENTATION_CONTEXT(2) 
PARAMETRIC_REPRESENTATION_CONTEXT() REPRESENTATION_CONTEXT('2D SPACE',''
  ) );
#7476 = ORIENTED_EDGE('',*,*,#7477,.T.);
#7477 = EDGE_CURVE('',#7455,#7478,#7480,.T.);
#7478 = VERTEX_POINT('',#7479);
#7479 = CARTESIAN_POINT('',(14.,63.869363597074,32.96543672856));
#7480 = SURFACE_CURVE('',#7481,(#7485,#7492),.PCURVE_S1.);
#7481 = LINE('',#7482,#7483);
#7482 = CARTESIAN_POINT('',(14.,64.211068536063,32.294803025518));
#7483 = VECTOR('',#7484,1.);
#7484 = DIRECTION('',(0.,-0.45399049974,0.891006524188));
#7485 = PCURVE('',#72,#7486);
#7486 = DEFINITIONAL_REPRESENTATION('',(#7487),#7491);
#7487 = LINE('',#7488,#7489);
#7488 = CARTESIAN_POINT('',(32.294803025518,-64.21106853606));
#7489 = VECTOR('',#7490,1.);
#7490 = DIRECTION('',(0.891006524188,0.45399049974));
#7491 = ( GEOMETRIC_REPRESENTATION_CONTEXT(2) 
PARAMETRIC_REPRESENTATION_CONTEXT() REPRESENTATION_CONTEXT('2D SPACE',''
  ) );
#7492 = PCURVE('',#782,#7493);
#7493 = DEFINITIONAL_REPRESENTATION('',(#7494),#7498);
#7494 = LINE('',#7495,#7496);
#7495 = CARTESIAN_POINT('',(0.,-28.));
#7496 = VECTOR('',#7497,1.);
#7497 = DIRECTION('',(1.,0.));
#7498 = ( GEOMETRIC_REPRESENTATION_CONTEXT(2) 
PARAMETRIC_REPRESENTATION_CONTEXT() REPRESENTATION_CONTEXT('2D SPACE',''
  ) );
#7499 = ORIENTED_EDGE('',*,*,#7500,.T.);
#7500 = EDGE_CURVE('',#7478,#7501,#7503,.T.);
#7501 = VERTEX_POINT('',#7502);
#7502 = CARTESIAN_POINT('',(14.,67.991814841235,37.193589697624));
#7503 = SURFACE_CURVE('',#7504,(#7508,#7515),.PCURVE_S1.);
#7504 = LINE('',#7505,#7506);
#7505 = CARTESIAN_POINT('',(14.,63.869363597074,32.96543672856));
#7506 = VECTOR('',#7507,1.);
#7507 = DIRECTION('',(0.,0.69810031838,0.715999961926));
#7508 = PCURVE('',#72,#7509);
#7509 = DEFINITIONAL_REPRESENTATION('',(#7510),#7514);
#7510 = LINE('',#7511,#7512);
#7511 = CARTESIAN_POINT('',(32.96543672856,-63.86936359707));
#7512 = VECTOR('',#7513,1.);
#7513 = DIRECTION('',(0.715999961926,-0.69810031838));
#7514 = ( GEOMETRIC_REPRESENTATION_CONTEXT(2) 
PARAMETRIC_REPRESENTATION_CONTEXT() REPRESENTATION_CONTEXT('2D SPACE',''
  ) );
#7515 = PCURVE('',#810,#7516);
#7516 = DEFINITIONAL_REPRESENTATION('',(#7517),#7521);
#7517 = LINE('',#7518,#7519);
#7518 = CARTESIAN_POINT('',(0.,-28.));
#7519 = VECTOR('',#7520,1.);
#7520 = DIRECTION('',(1.,0.));
#7521 = ( GEOMETRIC_REPRESENTATION_CONTEXT(2) 
PARAMETRIC_REPRESENTATION_CONTEXT() REPRESENTATION_CONTEXT('2D SPACE',''
  ) );
#7522 = ORIENTED_EDGE('',*,*,#7523,.T.);
#7523 = EDGE_CURVE('',#7501,#7524,#7526,.T.);
#7524 = VERTEX_POINT('',#7525);
#7525 = CARTESIAN_POINT('',(14.,66.206500956695,40.285844053105));
#7526 = SURFACE_CURVE('',#7527,(#7531,#7538),.PCURVE_S1.);
#7527 = LINE('',#7528,#7529);
#7528 = CARTESIAN_POINT('',(14.,67.991814841235,37.193589697624));
#7529 = VECTOR('',#7530,1.);
#7530 = DIRECTION('',(0.,-0.5,0.866025403784));
#7531 = PCURVE('',#72,#7532);
#7532 = DEFINITIONAL_REPRESENTATION('',(#7533),#7537);
#7533 = LINE('',#7534,#7535);
#7534 = CARTESIAN_POINT('',(37.193589697625,-67.99181484123));
#7535 = VECTOR('',#7536,1.);
#7536 = DIRECTION('',(0.866025403784,0.5));
#7537 = ( GEOMETRIC_REPRESENTATION_CONTEXT(2) 
PARAMETRIC_REPRESENTATION_CONTEXT() REPRESENTATION_CONTEXT('2D SPACE',''
  ) );
#7538 = PCURVE('',#838,#7539);
#7539 = DEFINITIONAL_REPRESENTATION('',(#7540),#7544);
#7540 = LINE('',#7541,#7542);
#7541 = CARTESIAN_POINT('',(0.,-28.));
#7542 = VECTOR('',#7543,1.);
#7543 = DIRECTION('',(1.,0.));
#7544 = ( GEOMETRIC_REPRESENTATION_CONTEXT(2) 
PARAMETRIC_REPRESENTATION_CONTEXT() REPRESENTATION_CONTEXT('2D SPACE',''
  ) );
#7545 = ORIENTED_EDGE('',*,*,#7546,.T.);
#7546 = EDGE_CURVE('',#7524,#7547,#7549,.T.);
#7547 = VERTEX_POINT('',#7548);
#7548 = CARTESIAN_POINT('',(14.,60.483587452319,38.829773034331));
#7549 = SURFACE_CURVE('',#7550,(#7554,#7561),.PCURVE_S1.);
#7550 = LINE('',#7551,#7552);
#7551 = CARTESIAN_POINT('',(14.,66.206500956695,40.285844053105));
#7552 = VECTOR('',#7553,1.);
#7553 = DIRECTION('',(0.,-0.969124315327,-0.246572629144));
#7554 = PCURVE('',#72,#7555);
#7555 = DEFINITIONAL_REPRESENTATION('',(#7556),#7560);
#7556 = LINE('',#7557,#7558);
#7557 = CARTESIAN_POINT('',(40.285844053105,-66.20650095669));
#7558 = VECTOR('',#7559,1.);
#7559 = DIRECTION('',(-0.246572629144,0.969124315327));
#7560 = ( GEOMETRIC_REPRESENTATION_CONTEXT(2) 
PARAMETRIC_REPRESENTATION_CONTEXT() REPRESENTATION_CONTEXT('2D SPACE',''
  ) );
#7561 = PCURVE('',#866,#7562);
#7562 = DEFINITIONAL_REPRESENTATION('',(#7563),#7567);
#7563 = LINE('',#7564,#7565);
#7564 = CARTESIAN_POINT('',(0.,-28.));
#7565 = VECTOR('',#7566,1.);
#7566 = DIRECTION('',(1.,0.));
#7567 = ( GEOMETRIC_REPRESENTATION_CONTEXT(2) 
PARAMETRIC_REPRESENTATION_CONTEXT() REPRESENTATION_CONTEXT('2D SPACE',''
  ) );
#7568 = ORIENTED_EDGE('',*,*,#7569,.T.);
#7569 = EDGE_CURVE('',#7547,#7570,#7572,.T.);
#7570 = VERTEX_POINT('',#7571);
#7571 = CARTESIAN_POINT('',(14.,60.073654098344,39.461015043616));
#7572 = SURFACE_CURVE('',#7573,(#7577,#7584),.PCURVE_S1.);
#7573 = LINE('',#7574,#7575);
#7574 = CARTESIAN_POINT('',(14.,60.483587452319,38.829773034331));
#7575 = VECTOR('',#7576,1.);
#7576 = DIRECTION('',(0.,-0.544639035015,0.838670567945));
#7577 = PCURVE('',#72,#7578);
#7578 = DEFINITIONAL_REPRESENTATION('',(#7579),#7583);
#7579 = LINE('',#7580,#7581);
#7580 = CARTESIAN_POINT('',(38.829773034332,-60.48358745231));
#7581 = VECTOR('',#7582,1.);
#7582 = DIRECTION('',(0.838670567945,0.544639035015));
#7583 = ( GEOMETRIC_REPRESENTATION_CONTEXT(2) 
PARAMETRIC_REPRESENTATION_CONTEXT() REPRESENTATION_CONTEXT('2D SPACE',''
  ) );
#7584 = PCURVE('',#894,#7585);
#7585 = DEFINITIONAL_REPRESENTATION('',(#7586),#7590);
#7586 = LINE('',#7587,#7588);
#7587 = CARTESIAN_POINT('',(0.,-28.));
#7588 = VECTOR('',#7589,1.);
#7589 = DIRECTION('',(1.,0.));
#7590 = ( GEOMETRIC_REPRESENTATION_CONTEXT(2) 
PARAMETRIC_REPRESENTATION_CONTEXT() REPRESENTATION_CONTEXT('2D SPACE',''
  ) );
#7591 = ORIENTED_EDGE('',*,*,#7592,.T.);
#7592 = EDGE_CURVE('',#7570,#7593,#7595,.T.);
#7593 = VERTEX_POINT('',#7594);
#7594 = CARTESIAN_POINT('',(14.,63.731559790933,44.096919241764));
#7595 = SURFACE_CURVE('',#7596,(#7600,#7607),.PCURVE_S1.);
#7596 = LINE('',#7597,#7598);
#7597 = CARTESIAN_POINT('',(14.,60.073654098344,39.461015043616));
#7598 = VECTOR('',#7599,1.);
#7599 = DIRECTION('',(0.,0.619433676072,0.785048992705));
#7600 = PCURVE('',#72,#7601);
#7601 = DEFINITIONAL_REPRESENTATION('',(#7602),#7606);
#7602 = LINE('',#7603,#7604);
#7603 = CARTESIAN_POINT('',(39.461015043616,-60.07365409834));
#7604 = VECTOR('',#7605,1.);
#7605 = DIRECTION('',(0.785048992705,-0.619433676072));
#7606 = ( GEOMETRIC_REPRESENTATION_CONTEXT(2) 
PARAMETRIC_REPRESENTATION_CONTEXT() REPRESENTATION_CONTEXT('2D SPACE',''
  ) );
#7607 = PCURVE('',#922,#7608);
#7608 = DEFINITIONAL_REPRESENTATION('',(#7609),#7613);
#7609 = LINE('',#7610,#7611);
#7610 = CARTESIAN_POINT('',(0.,-28.));
#7611 = VECTOR('',#7612,1.);
#7612 = DIRECTION('',(1.,0.));
#7613 = ( GEOMETRIC_REPRESENTATION_CONTEXT(2) 
PARAMETRIC_REPRESENTATION_CONTEXT() REPRESENTATION_CONTEXT('2D SPACE',''
  ) );
#7614 = ORIENTED_EDGE('',*,*,#7615,.T.);
#7615 = EDGE_CURVE('',#7593,#7616,#7618,.T.);
#7616 = VERTEX_POINT('',#7617);
#7617 = CARTESIAN_POINT('',(14.,61.632797446843,46.985617787536));
#7618 = SURFACE_CURVE('',#7619,(#7623,#7630),.PCURVE_S1.);
#7619 = LINE('',#7620,#7621);
#7620 = CARTESIAN_POINT('',(14.,63.731559790933,44.096919241764));
#7621 = VECTOR('',#7622,1.);
#7622 = DIRECTION('',(0.,-0.587785252292,0.809016994375));
#7623 = PCURVE('',#72,#7624);
#7624 = DEFINITIONAL_REPRESENTATION('',(#7625),#7629);
#7625 = LINE('',#7626,#7627);
#7626 = CARTESIAN_POINT('',(44.096919241765,-63.73155979093));
#7627 = VECTOR('',#7628,1.);
#7628 = DIRECTION('',(0.809016994375,0.587785252292));
#7629 = ( GEOMETRIC_REPRESENTATION_CONTEXT(2) 
PARAMETRIC_REPRESENTATION_CONTEXT() REPRESENTATION_CONTEXT('2D SPACE',''
  ) );
#7630 = PCURVE('',#950,#7631);
#7631 = DEFINITIONAL_REPRESENTATION('',(#7632),#7636);
#7632 = LINE('',#7633,#7634);
#7633 = CARTESIAN_POINT('',(0.,-28.));
#7634 = VECTOR('',#7635,1.);
#7635 = DIRECTION('',(1.,0.));
#7636 = ( GEOMETRIC_REPRESENTATION_CONTEXT(2) 
PARAMETRIC_REPRESENTATION_CONTEXT() REPRESENTATION_CONTEXT('2D SPACE',''
  ) );
#7637 = ORIENTED_EDGE('',*,*,#7638,.T.);
#7638 = EDGE_CURVE('',#7616,#7639,#7641,.T.);
#7639 = VERTEX_POINT('',#7640);
#7640 = CARTESIAN_POINT('',(14.,56.093435527442,44.939315924129));
#7641 = SURFACE_CURVE('',#7642,(#7646,#7653),.PCURVE_S1.);
#7642 = LINE('',#7643,#7644);
#7643 = CARTESIAN_POINT('',(14.,61.632797446843,46.985617787536));
#7644 = VECTOR('',#7645,1.);
#7645 = DIRECTION('',(0.,-0.938041492918,-0.346522953878));
#7646 = PCURVE('',#72,#7647);
#7647 = DEFINITIONAL_REPRESENTATION('',(#7648),#7652);
#7648 = LINE('',#7649,#7650);
#7649 = CARTESIAN_POINT('',(46.985617787537,-61.63279744684));
#7650 = VECTOR('',#7651,1.);
#7651 = DIRECTION('',(-0.346522953878,0.938041492918));
#7652 = ( GEOMETRIC_REPRESENTATION_CONTEXT(2) 
PARAMETRIC_REPRESENTATION_CONTEXT() REPRESENTATION_CONTEXT('2D SPACE',''
  ) );
#7653 = PCURVE('',#978,#7654);
#7654 = DEFINITIONAL_REPRESENTATION('',(#7655),#7659);
#7655 = LINE('',#7656,#7657);
#7656 = CARTESIAN_POINT('',(0.,-28.));
#7657 = VECTOR('',#7658,1.);
#7658 = DIRECTION('',(1.,0.));
#7659 = ( GEOMETRIC_REPRESENTATION_CONTEXT(2) 
PARAMETRIC_REPRESENTATION_CONTEXT() REPRESENTATION_CONTEXT('2D SPACE',''
  ) );
#7660 = ORIENTED_EDGE('',*,*,#7661,.T.);
#7661 = EDGE_CURVE('',#7639,#7662,#7664,.T.);
#7662 = VERTEX_POINT('',#7663);
#7663 = CARTESIAN_POINT('',(14.,55.619765074093,45.524250220105));
#7664 = SURFACE_CURVE('',#7665,(#7669,#7676),.PCURVE_S1.);
#7665 = LINE('',#7666,#7667);
#7666 = CARTESIAN_POINT('',(14.,56.093435527442,44.939315924129));
#7667 = VECTOR('',#7668,1.);
#7668 = DIRECTION('',(0.,-0.62932039105,0.777145961457));
#7669 = PCURVE('',#72,#7670);
#7670 = DEFINITIONAL_REPRESENTATION('',(#7671),#7675);
#7671 = LINE('',#7672,#7673);
#7672 = CARTESIAN_POINT('',(44.939315924129,-56.09343552744));
#7673 = VECTOR('',#7674,1.);
#7674 = DIRECTION('',(0.777145961457,0.62932039105));
#7675 = ( GEOMETRIC_REPRESENTATION_CONTEXT(2) 
PARAMETRIC_REPRESENTATION_CONTEXT() REPRESENTATION_CONTEXT('2D SPACE',''
  ) );
#7676 = PCURVE('',#1006,#7677);
#7677 = DEFINITIONAL_REPRESENTATION('',(#7678),#7682);
#7678 = LINE('',#7679,#7680);
#7679 = CARTESIAN_POINT('',(0.,-28.));
#7680 = VECTOR('',#7681,1.);
#7681 = DIRECTION('',(1.,0.));
#7682 = ( GEOMETRIC_REPRESENTATION_CONTEXT(2) 
PARAMETRIC_REPRESENTATION_CONTEXT() REPRESENTATION_CONTEXT('2D SPACE',''
  ) );
#7683 = ORIENTED_EDGE('',*,*,#7684,.T.);
#7684 = EDGE_CURVE('',#7662,#7685,#7687,.T.);
#7685 = VERTEX_POINT('',#7686);
#7686 = CARTESIAN_POINT('',(14.,58.773048434876,50.517113710818));
#7687 = SURFACE_CURVE('',#7688,(#7692,#7699),.PCURVE_S1.);
#7688 = LINE('',#7689,#7690);
#7689 = CARTESIAN_POINT('',(14.,55.619765074093,45.524250220105));
#7690 = VECTOR('',#7691,1.);
#7691 = DIRECTION('',(0.,0.533980388785,0.845496862438));
#7692 = PCURVE('',#72,#7693);
#7693 = DEFINITIONAL_REPRESENTATION('',(#7694),#7698);
#7694 = LINE('',#7695,#7696);
#7695 = CARTESIAN_POINT('',(45.524250220105,-55.61976507409));
#7696 = VECTOR('',#7697,1.);
#7697 = DIRECTION('',(0.845496862438,-0.533980388785));
#7698 = ( GEOMETRIC_REPRESENTATION_CONTEXT(2) 
PARAMETRIC_REPRESENTATION_CONTEXT() REPRESENTATION_CONTEXT('2D SPACE',''
  ) );
#7699 = PCURVE('',#1034,#7700);
#7700 = DEFINITIONAL_REPRESENTATION('',(#7701),#7705);
#7701 = LINE('',#7702,#7703);
#7702 = CARTESIAN_POINT('',(0.,-28.));
#7703 = VECTOR('',#7704,1.);
#7704 = DIRECTION('',(1.,0.));
#7705 = ( GEOMETRIC_REPRESENTATION_CONTEXT(2) 
PARAMETRIC_REPRESENTATION_CONTEXT() REPRESENTATION_CONTEXT('2D SPACE',''
  ) );
#7706 = ORIENTED_EDGE('',*,*,#7707,.T.);
#7707 = EDGE_CURVE('',#7685,#7708,#7710,.T.);
#7708 = VERTEX_POINT('',#7709);
#7709 = CARTESIAN_POINT('',(14.,56.38383211067,53.170607261115));
#7710 = SURFACE_CURVE('',#7711,(#7715,#7722),.PCURVE_S1.);
#7711 = LINE('',#7712,#7713);
#7712 = CARTESIAN_POINT('',(14.,58.773048434876,50.517113710818));
#7713 = VECTOR('',#7714,1.);
#7714 = DIRECTION('',(0.,-0.669130606359,0.743144825477));
#7715 = PCURVE('',#72,#7716);
#7716 = DEFINITIONAL_REPRESENTATION('',(#7717),#7721);
#7717 = LINE('',#7718,#7719);
#7718 = CARTESIAN_POINT('',(50.517113710818,-58.77304843487));
#7719 = VECTOR('',#7720,1.);
#7720 = DIRECTION('',(0.743144825477,0.669130606359));
#7721 = ( GEOMETRIC_REPRESENTATION_CONTEXT(2) 
PARAMETRIC_REPRESENTATION_CONTEXT() REPRESENTATION_CONTEXT('2D SPACE',''
  ) );
#7722 = PCURVE('',#1062,#7723);
#7723 = DEFINITIONAL_REPRESENTATION('',(#7724),#7728);
#7724 = LINE('',#7725,#7726);
#7725 = CARTESIAN_POINT('',(0.,-28.));
#7726 = VECTOR('',#7727,1.);
#7727 = DIRECTION('',(1.,0.));
#7728 = ( GEOMETRIC_REPRESENTATION_CONTEXT(2) 
PARAMETRIC_REPRESENTATION_CONTEXT() REPRESENTATION_CONTEXT('2D SPACE',''
  ) );
#7729 = ORIENTED_EDGE('',*,*,#7730,.T.);
#7730 = EDGE_CURVE('',#7708,#7731,#7733,.T.);
#7731 = VERTEX_POINT('',#7732);
#7732 = CARTESIAN_POINT('',(14.,51.088712184621,50.556494264505));
#7733 = SURFACE_CURVE('',#7734,(#7738,#7745),.PCURVE_S1.);
#7734 = LINE('',#7735,#7736);
#7735 = CARTESIAN_POINT('',(14.,56.38383211067,53.170607261115));
#7736 = VECTOR('',#7737,1.);
#7737 = DIRECTION('',(0.,-0.896681291615,-0.442676700616));
#7738 = PCURVE('',#72,#7739);
#7739 = DEFINITIONAL_REPRESENTATION('',(#7740),#7744);
#7740 = LINE('',#7741,#7742);
#7741 = CARTESIAN_POINT('',(53.170607261115,-56.38383211067));
#7742 = VECTOR('',#7743,1.);
#7743 = DIRECTION('',(-0.442676700616,0.896681291615));
#7744 = ( GEOMETRIC_REPRESENTATION_CONTEXT(2) 
PARAMETRIC_REPRESENTATION_CONTEXT() REPRESENTATION_CONTEXT('2D SPACE',''
  ) );
#7745 = PCURVE('',#1090,#7746);
#7746 = DEFINITIONAL_REPRESENTATION('',(#7747),#7751);
#7747 = LINE('',#7748,#7749);
#7748 = CARTESIAN_POINT('',(0.,-28.));
#7749 = VECTOR('',#7750,1.);
#7750 = DIRECTION('',(1.,0.));
#7751 = ( GEOMETRIC_REPRESENTATION_CONTEXT(2) 
PARAMETRIC_REPRESENTATION_CONTEXT() REPRESENTATION_CONTEXT('2D SPACE',''
  ) );
#7752 = ORIENTED_EDGE('',*,*,#7753,.T.);
#7753 = EDGE_CURVE('',#7731,#7754,#7756,.T.);
#7754 = VERTEX_POINT('',#7755);
#7755 = CARTESIAN_POINT('',(14.,50.556494264505,51.088712184621));
#7756 = SURFACE_CURVE('',#7757,(#7761,#7768),.PCURVE_S1.);
#7757 = LINE('',#7758,#7759);
#7758 = CARTESIAN_POINT('',(14.,51.088712184621,50.556494264505));
#7759 = VECTOR('',#7760,1.);
#7760 = DIRECTION('',(0.,-0.707106781187,0.707106781187));
#7761 = PCURVE('',#72,#7762);
#7762 = DEFINITIONAL_REPRESENTATION('',(#7763),#7767);
#7763 = LINE('',#7764,#7765);
#7764 = CARTESIAN_POINT('',(50.556494264505,-51.08871218462));
#7765 = VECTOR('',#7766,1.);
#7766 = DIRECTION('',(0.707106781187,0.707106781187));
#7767 = ( GEOMETRIC_REPRESENTATION_CONTEXT(2) 
PARAMETRIC_REPRESENTATION_CONTEXT() REPRESENTATION_CONTEXT('2D SPACE',''
  ) );
#7768 = PCURVE('',#1118,#7769);
#7769 = DEFINITIONAL_REPRESENTATION('',(#7770),#7774);
#7770 = LINE('',#7771,#7772);
#7771 = CARTESIAN_POINT('',(0.,-28.));
#7772 = VECTOR('',#7773,1.);
#7773 = DIRECTION('',(1.,0.));
#7774 = ( GEOMETRIC_REPRESENTATION_CONTEXT(2) 
PARAMETRIC_REPRESENTATION_CONTEXT() REPRESENTATION_CONTEXT('2D SPACE',''
  ) );
#7775 = ORIENTED_EDGE('',*,*,#7776,.T.);
#7776 = EDGE_CURVE('',#7754,#7777,#7779,.T.);
#7777 = VERTEX_POINT('',#7778);
#7778 = CARTESIAN_POINT('',(14.,53.170607261115,56.38383211067));
#7779 = SURFACE_CURVE('',#7780,(#7784,#7791),.PCURVE_S1.);
#7780 = LINE('',#7781,#7782);
#7781 = CARTESIAN_POINT('',(14.,50.556494264505,51.088712184621));
#7782 = VECTOR('',#7783,1.);
#7783 = DIRECTION('',(0.,0.442676700616,0.896681291615));
#7784 = PCURVE('',#72,#7785);
#7785 = DEFINITIONAL_REPRESENTATION('',(#7786),#7790);
#7786 = LINE('',#7787,#7788);
#7787 = CARTESIAN_POINT('',(51.088712184621,-50.5564942645));
#7788 = VECTOR('',#7789,1.);
#7789 = DIRECTION('',(0.896681291615,-0.442676700616));
#7790 = ( GEOMETRIC_REPRESENTATION_CONTEXT(2) 
PARAMETRIC_REPRESENTATION_CONTEXT() REPRESENTATION_CONTEXT('2D SPACE',''
  ) );
#7791 = PCURVE('',#1146,#7792);
#7792 = DEFINITIONAL_REPRESENTATION('',(#7793),#7797);
#7793 = LINE('',#7794,#7795);
#7794 = CARTESIAN_POINT('',(0.,-28.));
#7795 = VECTOR('',#7796,1.);
#7796 = DIRECTION('',(1.,0.));
#7797 = ( GEOMETRIC_REPRESENTATION_CONTEXT(2) 
PARAMETRIC_REPRESENTATION_CONTEXT() REPRESENTATION_CONTEXT('2D SPACE',''
  ) );
#7798 = ORIENTED_EDGE('',*,*,#7799,.T.);
#7799 = EDGE_CURVE('',#7777,#7800,#7802,.T.);
#7800 = VERTEX_POINT('',#7801);
#7801 = CARTESIAN_POINT('',(14.,50.517113710818,58.773048434876));
#7802 = SURFACE_CURVE('',#7803,(#7807,#7814),.PCURVE_S1.);
#7803 = LINE('',#7804,#7805);
#7804 = CARTESIAN_POINT('',(14.,53.170607261115,56.38383211067));
#7805 = VECTOR('',#7806,1.);
#7806 = DIRECTION('',(0.,-0.743144825477,0.669130606359));
#7807 = PCURVE('',#72,#7808);
#7808 = DEFINITIONAL_REPRESENTATION('',(#7809),#7813);
#7809 = LINE('',#7810,#7811);
#7810 = CARTESIAN_POINT('',(56.38383211067,-53.17060726111));
#7811 = VECTOR('',#7812,1.);
#7812 = DIRECTION('',(0.669130606359,0.743144825477));
#7813 = ( GEOMETRIC_REPRESENTATION_CONTEXT(2) 
PARAMETRIC_REPRESENTATION_CONTEXT() REPRESENTATION_CONTEXT('2D SPACE',''
  ) );
#7814 = PCURVE('',#1174,#7815);
#7815 = DEFINITIONAL_REPRESENTATION('',(#7816),#7820);
#7816 = LINE('',#7817,#7818);
#7817 = CARTESIAN_POINT('',(0.,-28.));
#7818 = VECTOR('',#7819,1.);
#7819 = DIRECTION('',(1.,0.));
#7820 = ( GEOMETRIC_REPRESENTATION_CONTEXT(2) 
PARAMETRIC_REPRESENTATION_CONTEXT() REPRESENTATION_CONTEXT('2D SPACE',''
  ) );
#7821 = ORIENTED_EDGE('',*,*,#7822,.T.);
#7822 = EDGE_CURVE('',#7800,#7823,#7825,.T.);
#7823 = VERTEX_POINT('',#7824);
#7824 = CARTESIAN_POINT('',(14.,45.524250220105,55.619765074093));
#7825 = SURFACE_CURVE('',#7826,(#7830,#7837),.PCURVE_S1.);
#7826 = LINE('',#7827,#7828);
#7827 = CARTESIAN_POINT('',(14.,50.517113710818,58.773048434876));
#7828 = VECTOR('',#7829,1.);
#7829 = DIRECTION('',(0.,-0.845496862438,-0.533980388785));
#7830 = PCURVE('',#72,#7831);
#7831 = DEFINITIONAL_REPRESENTATION('',(#7832),#7836);
#7832 = LINE('',#7833,#7834);
#7833 = CARTESIAN_POINT('',(58.773048434876,-50.51711371081));
#7834 = VECTOR('',#7835,1.);
#7835 = DIRECTION('',(-0.533980388785,0.845496862438));
#7836 = ( GEOMETRIC_REPRESENTATION_CONTEXT(2) 
PARAMETRIC_REPRESENTATION_CONTEXT() REPRESENTATION_CONTEXT('2D SPACE',''
  ) );
#7837 = PCURVE('',#1202,#7838);
#7838 = DEFINITIONAL_REPRESENTATION('',(#7839),#7843);
#7839 = LINE('',#7840,#7841);
#7840 = CARTESIAN_POINT('',(0.,-28.));
#7841 = VECTOR('',#7842,1.);
#7842 = DIRECTION('',(1.,0.));
#7843 = ( GEOMETRIC_REPRESENTATION_CONTEXT(2) 
PARAMETRIC_REPRESENTATION_CONTEXT() REPRESENTATION_CONTEXT('2D SPACE',''
  ) );
#7844 = ORIENTED_EDGE('',*,*,#7845,.T.);
#7845 = EDGE_CURVE('',#7823,#7846,#7848,.T.);
#7846 = VERTEX_POINT('',#7847);
#7847 = CARTESIAN_POINT('',(14.,44.939315924129,56.093435527442));
#7848 = SURFACE_CURVE('',#7849,(#7853,#7860),.PCURVE_S1.);
#7849 = LINE('',#7850,#7851);
#7850 = CARTESIAN_POINT('',(14.,45.524250220105,55.619765074093));
#7851 = VECTOR('',#7852,1.);
#7852 = DIRECTION('',(0.,-0.777145961457,0.62932039105));
#7853 = PCURVE('',#72,#7854);
#7854 = DEFINITIONAL_REPRESENTATION('',(#7855),#7859);
#7855 = LINE('',#7856,#7857);
#7856 = CARTESIAN_POINT('',(55.619765074093,-45.5242502201));
#7857 = VECTOR('',#7858,1.);
#7858 = DIRECTION('',(0.62932039105,0.777145961457));
#7859 = ( GEOMETRIC_REPRESENTATION_CONTEXT(2) 
PARAMETRIC_REPRESENTATION_CONTEXT() REPRESENTATION_CONTEXT('2D SPACE',''
  ) );
#7860 = PCURVE('',#1230,#7861);
#7861 = DEFINITIONAL_REPRESENTATION('',(#7862),#7866);
#7862 = LINE('',#7863,#7864);
#7863 = CARTESIAN_POINT('',(0.,-28.));
#7864 = VECTOR('',#7865,1.);
#7865 = DIRECTION('',(1.,0.));
#7866 = ( GEOMETRIC_REPRESENTATION_CONTEXT(2) 
PARAMETRIC_REPRESENTATION_CONTEXT() REPRESENTATION_CONTEXT('2D SPACE',''
  ) );
#7867 = ORIENTED_EDGE('',*,*,#7868,.T.);
#7868 = EDGE_CURVE('',#7846,#7869,#7871,.T.);
#7869 = VERTEX_POINT('',#7870);
#7870 = CARTESIAN_POINT('',(14.,46.985617787536,61.632797446843));
#7871 = SURFACE_CURVE('',#7872,(#7876,#7883),.PCURVE_S1.);
#7872 = LINE('',#7873,#7874);
#7873 = CARTESIAN_POINT('',(14.,44.939315924129,56.093435527442));
#7874 = VECTOR('',#7875,1.);
#7875 = DIRECTION('',(0.,0.346522953878,0.938041492918));
#7876 = PCURVE('',#72,#7877);
#7877 = DEFINITIONAL_REPRESENTATION('',(#7878),#7882);
#7878 = LINE('',#7879,#7880);
#7879 = CARTESIAN_POINT('',(56.093435527443,-44.93931592412));
#7880 = VECTOR('',#7881,1.);
#7881 = DIRECTION('',(0.938041492918,-0.346522953878));
#7882 = ( GEOMETRIC_REPRESENTATION_CONTEXT(2) 
PARAMETRIC_REPRESENTATION_CONTEXT() REPRESENTATION_CONTEXT('2D SPACE',''
  ) );
#7883 = PCURVE('',#1258,#7884);
#7884 = DEFINITIONAL_REPRESENTATION('',(#7885),#7889);
#7885 = LINE('',#7886,#7887);
#7886 = CARTESIAN_POINT('',(0.,-28.));
#7887 = VECTOR('',#7888,1.);
#7888 = DIRECTION('',(1.,0.));
#7889 = ( GEOMETRIC_REPRESENTATION_CONTEXT(2) 
PARAMETRIC_REPRESENTATION_CONTEXT() REPRESENTATION_CONTEXT('2D SPACE',''
  ) );
#7890 = ORIENTED_EDGE('',*,*,#7891,.T.);
#7891 = EDGE_CURVE('',#7869,#7892,#7894,.T.);
#7892 = VERTEX_POINT('',#7893);
#7893 = CARTESIAN_POINT('',(14.,44.096919241764,63.731559790933));
#7894 = SURFACE_CURVE('',#7895,(#7899,#7906),.PCURVE_S1.);
#7895 = LINE('',#7896,#7897);
#7896 = CARTESIAN_POINT('',(14.,46.985617787536,61.632797446843));
#7897 = VECTOR('',#7898,1.);
#7898 = DIRECTION('',(0.,-0.809016994375,0.587785252292));
#7899 = PCURVE('',#72,#7900);
#7900 = DEFINITIONAL_REPRESENTATION('',(#7901),#7905);
#7901 = LINE('',#7902,#7903);
#7902 = CARTESIAN_POINT('',(61.632797446843,-46.98561778753));
#7903 = VECTOR('',#7904,1.);
#7904 = DIRECTION('',(0.587785252292,0.809016994375));
#7905 = ( GEOMETRIC_REPRESENTATION_CONTEXT(2) 
PARAMETRIC_REPRESENTATION_CONTEXT() REPRESENTATION_CONTEXT('2D SPACE',''
  ) );
#7906 = PCURVE('',#1286,#7907);
#7907 = DEFINITIONAL_REPRESENTATION('',(#7908),#7912);
#7908 = LINE('',#7909,#7910);
#7909 = CARTESIAN_POINT('',(0.,-28.));
#7910 = VECTOR('',#7911,1.);
#7911 = DIRECTION('',(1.,0.));
#7912 = ( GEOMETRIC_REPRESENTATION_CONTEXT(2) 
PARAMETRIC_REPRESENTATION_CONTEXT() REPRESENTATION_CONTEXT('2D SPACE',''
  ) );
#7913 = ORIENTED_EDGE('',*,*,#7914,.T.);
#7914 = EDGE_CURVE('',#7892,#7915,#7917,.T.);
#7915 = VERTEX_POINT('',#7916);
#7916 = CARTESIAN_POINT('',(14.,39.461015043616,60.073654098344));
#7917 = SURFACE_CURVE('',#7918,(#7922,#7929),.PCURVE_S1.);
#7918 = LINE('',#7919,#7920);
#7919 = CARTESIAN_POINT('',(14.,44.096919241764,63.731559790933));
#7920 = VECTOR('',#7921,1.);
#7921 = DIRECTION('',(0.,-0.785048992705,-0.619433676072));
#7922 = PCURVE('',#72,#7923);
#7923 = DEFINITIONAL_REPRESENTATION('',(#7924),#7928);
#7924 = LINE('',#7925,#7926);
#7925 = CARTESIAN_POINT('',(63.731559790933,-44.09691924176));
#7926 = VECTOR('',#7927,1.);
#7927 = DIRECTION('',(-0.619433676072,0.785048992705));
#7928 = ( GEOMETRIC_REPRESENTATION_CONTEXT(2) 
PARAMETRIC_REPRESENTATION_CONTEXT() REPRESENTATION_CONTEXT('2D SPACE',''
  ) );
#7929 = PCURVE('',#1314,#7930);
#7930 = DEFINITIONAL_REPRESENTATION('',(#7931),#7935);
#7931 = LINE('',#7932,#7933);
#7932 = CARTESIAN_POINT('',(0.,-28.));
#7933 = VECTOR('',#7934,1.);
#7934 = DIRECTION('',(1.,0.));
#7935 = ( GEOMETRIC_REPRESENTATION_CONTEXT(2) 
PARAMETRIC_REPRESENTATION_CONTEXT() REPRESENTATION_CONTEXT('2D SPACE',''
  ) );
#7936 = ORIENTED_EDGE('',*,*,#7937,.T.);
#7937 = EDGE_CURVE('',#7915,#7938,#7940,.T.);
#7938 = VERTEX_POINT('',#7939);
#7939 = CARTESIAN_POINT('',(14.,38.829773034331,60.483587452319));
#7940 = SURFACE_CURVE('',#7941,(#7945,#7952),.PCURVE_S1.);
#7941 = LINE('',#7942,#7943);
#7942 = CARTESIAN_POINT('',(14.,39.461015043616,60.073654098344));
#7943 = VECTOR('',#7944,1.);
#7944 = DIRECTION('',(0.,-0.838670567945,0.544639035015));
#7945 = PCURVE('',#72,#7946);
#7946 = DEFINITIONAL_REPRESENTATION('',(#7947),#7951);
#7947 = LINE('',#7948,#7949);
#7948 = CARTESIAN_POINT('',(60.073654098344,-39.46101504361));
#7949 = VECTOR('',#7950,1.);
#7950 = DIRECTION('',(0.544639035015,0.838670567945));
#7951 = ( GEOMETRIC_REPRESENTATION_CONTEXT(2) 
PARAMETRIC_REPRESENTATION_CONTEXT() REPRESENTATION_CONTEXT('2D SPACE',''
  ) );
#7952 = PCURVE('',#1342,#7953);
#7953 = DEFINITIONAL_REPRESENTATION('',(#7954),#7958);
#7954 = LINE('',#7955,#7956);
#7955 = CARTESIAN_POINT('',(0.,-28.));
#7956 = VECTOR('',#7957,1.);
#7957 = DIRECTION('',(1.,0.));
#7958 = ( GEOMETRIC_REPRESENTATION_CONTEXT(2) 
PARAMETRIC_REPRESENTATION_CONTEXT() REPRESENTATION_CONTEXT('2D SPACE',''
  ) );
#7959 = ORIENTED_EDGE('',*,*,#7960,.T.);
#7960 = EDGE_CURVE('',#7938,#7961,#7963,.T.);
#7961 = VERTEX_POINT('',#7962);
#7962 = CARTESIAN_POINT('',(14.,40.285844053105,66.206500956695));
#7963 = SURFACE_CURVE('',#7964,(#7968,#7975),.PCURVE_S1.);
#7964 = LINE('',#7965,#7966);
#7965 = CARTESIAN_POINT('',(14.,38.829773034331,60.483587452319));
#7966 = VECTOR('',#7967,1.);
#7967 = DIRECTION('',(0.,0.246572629144,0.969124315327));
#7968 = PCURVE('',#72,#7969);
#7969 = DEFINITIONAL_REPRESENTATION('',(#7970),#7974);
#7970 = LINE('',#7971,#7972);
#7971 = CARTESIAN_POINT('',(60.483587452319,-38.82977303433));
#7972 = VECTOR('',#7973,1.);
#7973 = DIRECTION('',(0.969124315327,-0.246572629144));
#7974 = ( GEOMETRIC_REPRESENTATION_CONTEXT(2) 
PARAMETRIC_REPRESENTATION_CONTEXT() REPRESENTATION_CONTEXT('2D SPACE',''
  ) );
#7975 = PCURVE('',#1370,#7976);
#7976 = DEFINITIONAL_REPRESENTATION('',(#7977),#7981);
#7977 = LINE('',#7978,#7979);
#7978 = CARTESIAN_POINT('',(0.,-28.));
#7979 = VECTOR('',#7980,1.);
#7980 = DIRECTION('',(1.,0.));
#7981 = ( GEOMETRIC_REPRESENTATION_CONTEXT(2) 
PARAMETRIC_REPRESENTATION_CONTEXT() REPRESENTATION_CONTEXT('2D SPACE',''
  ) );
#7982 = ORIENTED_EDGE('',*,*,#7983,.T.);
#7983 = EDGE_CURVE('',#7961,#7984,#7986,.T.);
#7984 = VERTEX_POINT('',#7985);
#7985 = CARTESIAN_POINT('',(14.,37.193589697624,67.991814841235));
#7986 = SURFACE_CURVE('',#7987,(#7991,#7998),.PCURVE_S1.);
#7987 = LINE('',#7988,#7989);
#7988 = CARTESIAN_POINT('',(14.,40.285844053105,66.206500956695));
#7989 = VECTOR('',#7990,1.);
#7990 = DIRECTION('',(0.,-0.866025403784,0.5));
#7991 = PCURVE('',#72,#7992);
#7992 = DEFINITIONAL_REPRESENTATION('',(#7993),#7997);
#7993 = LINE('',#7994,#7995);
#7994 = CARTESIAN_POINT('',(66.206500956695,-40.2858440531));
#7995 = VECTOR('',#7996,1.);
#7996 = DIRECTION('',(0.5,0.866025403784));
#7997 = ( GEOMETRIC_REPRESENTATION_CONTEXT(2) 
PARAMETRIC_REPRESENTATION_CONTEXT() REPRESENTATION_CONTEXT('2D SPACE',''
  ) );
#7998 = PCURVE('',#1398,#7999);
#7999 = DEFINITIONAL_REPRESENTATION('',(#8000),#8004);
#8000 = LINE('',#8001,#8002);
#8001 = CARTESIAN_POINT('',(0.,-28.));
#8002 = VECTOR('',#8003,1.);
#8003 = DIRECTION('',(1.,0.));
#8004 = ( GEOMETRIC_REPRESENTATION_CONTEXT(2) 
PARAMETRIC_REPRESENTATION_CONTEXT() REPRESENTATION_CONTEXT('2D SPACE',''
  ) );
#8005 = ORIENTED_EDGE('',*,*,#8006,.T.);
#8006 = EDGE_CURVE('',#7984,#8007,#8009,.T.);
#8007 = VERTEX_POINT('',#8008);
#8008 = CARTESIAN_POINT('',(14.,32.96543672856,63.869363597074));
#8009 = SURFACE_CURVE('',#8010,(#8014,#8021),.PCURVE_S1.);
#8010 = LINE('',#8011,#8012);
#8011 = CARTESIAN_POINT('',(14.,37.193589697624,67.991814841235));
#8012 = VECTOR('',#8013,1.);
#8013 = DIRECTION('',(0.,-0.715999961926,-0.69810031838));
#8014 = PCURVE('',#72,#8015);
#8015 = DEFINITIONAL_REPRESENTATION('',(#8016),#8020);
#8016 = LINE('',#8017,#8018);
#8017 = CARTESIAN_POINT('',(67.991814841235,-37.19358969762));
#8018 = VECTOR('',#8019,1.);
#8019 = DIRECTION('',(-0.69810031838,0.715999961926));
#8020 = ( GEOMETRIC_REPRESENTATION_CONTEXT(2) 
PARAMETRIC_REPRESENTATION_CONTEXT() REPRESENTATION_CONTEXT('2D SPACE',''
  ) );
#8021 = PCURVE('',#1426,#8022);
#8022 = DEFINITIONAL_REPRESENTATION('',(#8023),#8027);
#8023 = LINE('',#8024,#8025);
#8024 = CARTESIAN_POINT('',(0.,-28.));
#8025 = VECTOR('',#8026,1.);
#8026 = DIRECTION('',(1.,0.));
#8027 = ( GEOMETRIC_REPRESENTATION_CONTEXT(2) 
PARAMETRIC_REPRESENTATION_CONTEXT() REPRESENTATION_CONTEXT('2D SPACE',''
  ) );
#8028 = ORIENTED_EDGE('',*,*,#8029,.T.);
#8029 = EDGE_CURVE('',#8007,#8030,#8032,.T.);
#8030 = VERTEX_POINT('',#8031);
#8031 = CARTESIAN_POINT('',(14.,32.294803025518,64.211068536063));
#8032 = SURFACE_CURVE('',#8033,(#8037,#8044),.PCURVE_S1.);
#8033 = LINE('',#8034,#8035);
#8034 = CARTESIAN_POINT('',(14.,32.96543672856,63.869363597074));
#8035 = VECTOR('',#8036,1.);
#8036 = DIRECTION('',(0.,-0.891006524188,0.45399049974));
#8037 = PCURVE('',#72,#8038);
#8038 = DEFINITIONAL_REPRESENTATION('',(#8039),#8043);
#8039 = LINE('',#8040,#8041);
#8040 = CARTESIAN_POINT('',(63.869363597075,-32.96543672856));
#8041 = VECTOR('',#8042,1.);
#8042 = DIRECTION('',(0.45399049974,0.891006524188));
#8043 = ( GEOMETRIC_REPRESENTATION_CONTEXT(2) 
PARAMETRIC_REPRESENTATION_CONTEXT() REPRESENTATION_CONTEXT('2D SPACE',''
  ) );
#8044 = PCURVE('',#1454,#8045);
#8045 = DEFINITIONAL_REPRESENTATION('',(#8046),#8050);
#8046 = LINE('',#8047,#8048);
#8047 = CARTESIAN_POINT('',(0.,-28.));
#8048 = VECTOR('',#8049,1.);
#8049 = DIRECTION('',(1.,0.));
#8050 = ( GEOMETRIC_REPRESENTATION_CONTEXT(2) 
PARAMETRIC_REPRESENTATION_CONTEXT() REPRESENTATION_CONTEXT('2D SPACE',''
  ) );
#8051 = ORIENTED_EDGE('',*,*,#8052,.T.);
#8052 = EDGE_CURVE('',#8030,#8053,#8055,.T.);
#8053 = VERTEX_POINT('',#8054);
#8054 = CARTESIAN_POINT('',(14.,33.144690180873,70.054832187465));
#8055 = SURFACE_CURVE('',#8056,(#8060,#8067),.PCURVE_S1.);
#8056 = LINE('',#8057,#8058);
#8057 = CARTESIAN_POINT('',(14.,32.294803025518,64.211068536063));
#8058 = VECTOR('',#8059,1.);
#8059 = DIRECTION('',(0.,0.143920803085,0.989589208934));
#8060 = PCURVE('',#72,#8061);
#8061 = DEFINITIONAL_REPRESENTATION('',(#8062),#8066);
#8062 = LINE('',#8063,#8064);
#8063 = CARTESIAN_POINT('',(64.211068536063,-32.29480302551));
#8064 = VECTOR('',#8065,1.);
#8065 = DIRECTION('',(0.989589208934,-0.143920803085));
#8066 = ( GEOMETRIC_REPRESENTATION_CONTEXT(2) 
PARAMETRIC_REPRESENTATION_CONTEXT() REPRESENTATION_CONTEXT('2D SPACE',''
  ) );
#8067 = PCURVE('',#1482,#8068);
#8068 = DEFINITIONAL_REPRESENTATION('',(#8069),#8073);
#8069 = LINE('',#8070,#8071);
#8070 = CARTESIAN_POINT('',(0.,-28.));
#8071 = VECTOR('',#8072,1.);
#8072 = DIRECTION('',(1.,0.));
#8073 = ( GEOMETRIC_REPRESENTATION_CONTEXT(2) 
PARAMETRIC_REPRESENTATION_CONTEXT() REPRESENTATION_CONTEXT('2D SPACE',''
  ) );
#8074 = ORIENTED_EDGE('',*,*,#8075,.T.);
#8075 = EDGE_CURVE('',#8053,#8076,#8078,.T.);
#8076 = VERTEX_POINT('',#8077);
#8077 = CARTESIAN_POINT('',(14.,29.882759401498,71.507137339934));
#8078 = SURFACE_CURVE('',#8079,(#8083,#8090),.PCURVE_S1.);
#8079 = LINE('',#8080,#8081);
#8080 = CARTESIAN_POINT('',(14.,33.144690180873,70.054832187465));
#8081 = VECTOR('',#8082,1.);
#8082 = DIRECTION('',(0.,-0.913545457643,0.406736643076));
#8083 = PCURVE('',#72,#8084);
#8084 = DEFINITIONAL_REPRESENTATION('',(#8085),#8089);
#8085 = LINE('',#8086,#8087);
#8086 = CARTESIAN_POINT('',(70.054832187466,-33.14469018087));
#8087 = VECTOR('',#8088,1.);
#8088 = DIRECTION('',(0.406736643076,0.913545457643));
#8089 = ( GEOMETRIC_REPRESENTATION_CONTEXT(2) 
PARAMETRIC_REPRESENTATION_CONTEXT() REPRESENTATION_CONTEXT('2D SPACE',''
  ) );
#8090 = PCURVE('',#1510,#8091);
#8091 = DEFINITIONAL_REPRESENTATION('',(#8092),#8096);
#8092 = LINE('',#8093,#8094);
#8093 = CARTESIAN_POINT('',(0.,-28.));
#8094 = VECTOR('',#8095,1.);
#8095 = DIRECTION('',(1.,0.));
#8096 = ( GEOMETRIC_REPRESENTATION_CONTEXT(2) 
PARAMETRIC_REPRESENTATION_CONTEXT() REPRESENTATION_CONTEXT('2D SPACE',''
  ) );
#8097 = ORIENTED_EDGE('',*,*,#8098,.T.);
#8098 = EDGE_CURVE('',#8076,#8099,#8101,.T.);
#8099 = VERTEX_POINT('',#8100);
#8100 = CARTESIAN_POINT('',(14.,26.108682190245,66.965306982711));
#8101 = SURFACE_CURVE('',#8102,(#8106,#8113),.PCURVE_S1.);
#8102 = LINE('',#8103,#8104);
#8103 = CARTESIAN_POINT('',(14.,29.882759401498,71.507137339934));
#8104 = VECTOR('',#8105,1.);
#8105 = DIRECTION('',(0.,-0.639106285732,-0.769118427512));
#8106 = PCURVE('',#72,#8107);
#8107 = DEFINITIONAL_REPRESENTATION('',(#8108),#8112);
#8108 = LINE('',#8109,#8110);
#8109 = CARTESIAN_POINT('',(71.507137339934,-29.88275940149));
#8110 = VECTOR('',#8111,1.);
#8111 = DIRECTION('',(-0.769118427512,0.639106285732));
#8112 = ( GEOMETRIC_REPRESENTATION_CONTEXT(2) 
PARAMETRIC_REPRESENTATION_CONTEXT() REPRESENTATION_CONTEXT('2D SPACE',''
  ) );
#8113 = PCURVE('',#1538,#8114);
#8114 = DEFINITIONAL_REPRESENTATION('',(#8115),#8119);
#8115 = LINE('',#8116,#8117);
#8116 = CARTESIAN_POINT('',(0.,-28.));
#8117 = VECTOR('',#8118,1.);
#8118 = DIRECTION('',(1.,0.));
#8119 = ( GEOMETRIC_REPRESENTATION_CONTEXT(2) 
PARAMETRIC_REPRESENTATION_CONTEXT() REPRESENTATION_CONTEXT('2D SPACE',''
  ) );
#8120 = ORIENTED_EDGE('',*,*,#8121,.T.);
#8121 = EDGE_CURVE('',#8099,#8122,#8124,.T.);
#8122 = VERTEX_POINT('',#8123);
#8123 = CARTESIAN_POINT('',(14.,25.406004396634,67.235039715897));
#8124 = SURFACE_CURVE('',#8125,(#8129,#8136),.PCURVE_S1.);
#8125 = LINE('',#8126,#8127);
#8126 = CARTESIAN_POINT('',(14.,26.108682190245,66.965306982711));
#8127 = VECTOR('',#8128,1.);
#8128 = DIRECTION('',(0.,-0.933580426497,0.358367949545));
#8129 = PCURVE('',#72,#8130);
#8130 = DEFINITIONAL_REPRESENTATION('',(#8131),#8135);
#8131 = LINE('',#8132,#8133);
#8132 = CARTESIAN_POINT('',(66.965306982711,-26.10868219024));
#8133 = VECTOR('',#8134,1.);
#8134 = DIRECTION('',(0.358367949545,0.933580426497));
#8135 = ( GEOMETRIC_REPRESENTATION_CONTEXT(2) 
PARAMETRIC_REPRESENTATION_CONTEXT() REPRESENTATION_CONTEXT('2D SPACE',''
  ) );
#8136 = PCURVE('',#1566,#8137);
#8137 = DEFINITIONAL_REPRESENTATION('',(#8138),#8142);
#8138 = LINE('',#8139,#8140);
#8139 = CARTESIAN_POINT('',(0.,-28.));
#8140 = VECTOR('',#8141,1.);
#8141 = DIRECTION('',(1.,0.));
#8142 = ( GEOMETRIC_REPRESENTATION_CONTEXT(2) 
PARAMETRIC_REPRESENTATION_CONTEXT() REPRESENTATION_CONTEXT('2D SPACE',''
  ) );
#8143 = ORIENTED_EDGE('',*,*,#8144,.T.);
#8144 = EDGE_CURVE('',#8122,#8145,#8147,.T.);
#8145 = VERTEX_POINT('',#8146);
#8146 = CARTESIAN_POINT('',(14.,25.640396147047,73.135628016874));
#8147 = SURFACE_CURVE('',#8148,(#8152,#8159),.PCURVE_S1.);
#8148 = LINE('',#8149,#8150);
#8149 = CARTESIAN_POINT('',(14.,25.406004396634,67.235039715897));
#8150 = VECTOR('',#8151,1.);
#8151 = DIRECTION('',(0.,3.969215059133E-02,0.999211956084));
#8152 = PCURVE('',#72,#8153);
#8153 = DEFINITIONAL_REPRESENTATION('',(#8154),#8158);
#8154 = LINE('',#8155,#8156);
#8155 = CARTESIAN_POINT('',(67.235039715897,-25.40600439663));
#8156 = VECTOR('',#8157,1.);
#8157 = DIRECTION('',(0.999211956084,-3.969215059133E-02));
#8158 = ( GEOMETRIC_REPRESENTATION_CONTEXT(2) 
PARAMETRIC_REPRESENTATION_CONTEXT() REPRESENTATION_CONTEXT('2D SPACE',''
  ) );
#8159 = PCURVE('',#1594,#8160);
#8160 = DEFINITIONAL_REPRESENTATION('',(#8161),#8165);
#8161 = LINE('',#8162,#8163);
#8162 = CARTESIAN_POINT('',(0.,-28.));
#8163 = VECTOR('',#8164,1.);
#8164 = DIRECTION('',(1.,0.));
#8165 = ( GEOMETRIC_REPRESENTATION_CONTEXT(2) 
PARAMETRIC_REPRESENTATION_CONTEXT() REPRESENTATION_CONTEXT('2D SPACE',''
  ) );
#8166 = ORIENTED_EDGE('',*,*,#8167,.T.);
#8167 = EDGE_CURVE('',#8145,#8168,#8170,.T.);
#8168 = VERTEX_POINT('',#8169);
#8169 = CARTESIAN_POINT('',(14.,22.24452734,74.239012678106));
#8170 = SURFACE_CURVE('',#8171,(#8175,#8182),.PCURVE_S1.);
#8171 = LINE('',#8172,#8173);
#8172 = CARTESIAN_POINT('',(14.,25.640396147047,73.135628016874));
#8173 = VECTOR('',#8174,1.);
#8174 = DIRECTION('',(0.,-0.951056516295,0.309016994375));
#8175 = PCURVE('',#72,#8176);
#8176 = DEFINITIONAL_REPRESENTATION('',(#8177),#8181);
#8177 = LINE('',#8178,#8179);
#8178 = CARTESIAN_POINT('',(73.135628016874,-25.64039614704));
#8179 = VECTOR('',#8180,1.);
#8180 = DIRECTION('',(0.309016994375,0.951056516295));
#8181 = ( GEOMETRIC_REPRESENTATION_CONTEXT(2) 
PARAMETRIC_REPRESENTATION_CONTEXT() REPRESENTATION_CONTEXT('2D SPACE',''
  ) );
#8182 = PCURVE('',#1622,#8183);
#8183 = DEFINITIONAL_REPRESENTATION('',(#8184),#8188);
#8184 = LINE('',#8185,#8186);
#8185 = CARTESIAN_POINT('',(0.,-28.));
#8186 = VECTOR('',#8187,1.);
#8187 = DIRECTION('',(1.,0.));
#8188 = ( GEOMETRIC_REPRESENTATION_CONTEXT(2) 
PARAMETRIC_REPRESENTATION_CONTEXT() REPRESENTATION_CONTEXT('2D SPACE',''
  ) );
#8189 = ORIENTED_EDGE('',*,*,#8190,.T.);
#8190 = EDGE_CURVE('',#8168,#8191,#8193,.T.);
#8191 = VERTEX_POINT('',#8192);
#8192 = CARTESIAN_POINT('',(14.,18.965875466261,69.327564451654));
#8193 = SURFACE_CURVE('',#8194,(#8198,#8205),.PCURVE_S1.);
#8194 = LINE('',#8195,#8196);
#8195 = CARTESIAN_POINT('',(14.,22.24452734,74.239012678106));
#8196 = VECTOR('',#8197,1.);
#8197 = DIRECTION('',(0.,-0.555210427329,-0.831709914204));
#8198 = PCURVE('',#72,#8199);
#8199 = DEFINITIONAL_REPRESENTATION('',(#8200),#8204);
#8200 = LINE('',#8201,#8202);
#8201 = CARTESIAN_POINT('',(74.239012678106,-22.24452734));
#8202 = VECTOR('',#8203,1.);
#8203 = DIRECTION('',(-0.831709914204,0.555210427329));
#8204 = ( GEOMETRIC_REPRESENTATION_CONTEXT(2) 
PARAMETRIC_REPRESENTATION_CONTEXT() REPRESENTATION_CONTEXT('2D SPACE',''
  ) );
#8205 = PCURVE('',#1650,#8206);
#8206 = DEFINITIONAL_REPRESENTATION('',(#8207),#8211);
#8207 = LINE('',#8208,#8209);
#8208 = CARTESIAN_POINT('',(0.,-28.));
#8209 = VECTOR('',#8210,1.);
#8210 = DIRECTION('',(1.,0.));
#8211 = ( GEOMETRIC_REPRESENTATION_CONTEXT(2) 
PARAMETRIC_REPRESENTATION_CONTEXT() REPRESENTATION_CONTEXT('2D SPACE',''
  ) );
#8212 = ORIENTED_EDGE('',*,*,#8213,.T.);
#8213 = EDGE_CURVE('',#8191,#8214,#8216,.T.);
#8214 = VERTEX_POINT('',#8215);
#8215 = CARTESIAN_POINT('',(14.,18.238852267033,69.522369730766));
#8216 = SURFACE_CURVE('',#8217,(#8221,#8228),.PCURVE_S1.);
#8217 = LINE('',#8218,#8219);
#8218 = CARTESIAN_POINT('',(14.,18.965875466261,69.327564451654));
#8219 = VECTOR('',#8220,1.);
#8220 = DIRECTION('',(0.,-0.965925826289,0.258819045103));
#8221 = PCURVE('',#72,#8222);
#8222 = DEFINITIONAL_REPRESENTATION('',(#8223),#8227);
#8223 = LINE('',#8224,#8225);
#8224 = CARTESIAN_POINT('',(69.327564451654,-18.96587546626));
#8225 = VECTOR('',#8226,1.);
#8226 = DIRECTION('',(0.258819045103,0.965925826289));
#8227 = ( GEOMETRIC_REPRESENTATION_CONTEXT(2) 
PARAMETRIC_REPRESENTATION_CONTEXT() REPRESENTATION_CONTEXT('2D SPACE',''
  ) );
#8228 = PCURVE('',#1678,#8229);
#8229 = DEFINITIONAL_REPRESENTATION('',(#8230),#8234);
#8230 = LINE('',#8231,#8232);
#8231 = CARTESIAN_POINT('',(0.,-28.));
#8232 = VECTOR('',#8233,1.);
#8233 = DIRECTION('',(1.,0.));
#8234 = ( GEOMETRIC_REPRESENTATION_CONTEXT(2) 
PARAMETRIC_REPRESENTATION_CONTEXT() REPRESENTATION_CONTEXT('2D SPACE',''
  ) );
#8235 = ORIENTED_EDGE('',*,*,#8236,.T.);
#8236 = EDGE_CURVE('',#8214,#8237,#8239,.T.);
#8237 = VERTEX_POINT('',#8238);
#8238 = CARTESIAN_POINT('',(14.,17.855180567436,75.415134601115));
#8239 = SURFACE_CURVE('',#8240,(#8244,#8251),.PCURVE_S1.);
#8240 = LINE('',#8241,#8242);
#8241 = CARTESIAN_POINT('',(14.,18.238852267033,69.522369730766));
#8242 = VECTOR('',#8243,1.);
#8243 = DIRECTION('',(0.,-6.497137741081E-02,0.997887127945));
#8244 = PCURVE('',#72,#8245);
#8245 = DEFINITIONAL_REPRESENTATION('',(#8246),#8250);
#8246 = LINE('',#8247,#8248);
#8247 = CARTESIAN_POINT('',(69.522369730766,-18.23885226703));
#8248 = VECTOR('',#8249,1.);
#8249 = DIRECTION('',(0.997887127945,6.497137741081E-02));
#8250 = ( GEOMETRIC_REPRESENTATION_CONTEXT(2) 
PARAMETRIC_REPRESENTATION_CONTEXT() REPRESENTATION_CONTEXT('2D SPACE',''
  ) );
#8251 = PCURVE('',#1706,#8252);
#8252 = DEFINITIONAL_REPRESENTATION('',(#8253),#8257);
#8253 = LINE('',#8254,#8255);
#8254 = CARTESIAN_POINT('',(0.,-28.));
#8255 = VECTOR('',#8256,1.);
#8256 = DIRECTION('',(1.,0.));
#8257 = ( GEOMETRIC_REPRESENTATION_CONTEXT(2) 
PARAMETRIC_REPRESENTATION_CONTEXT() REPRESENTATION_CONTEXT('2D SPACE',''
  ) );
#8258 = ORIENTED_EDGE('',*,*,#8259,.T.);
#8259 = EDGE_CURVE('',#8237,#8260,#8262,.T.);
#8260 = VERTEX_POINT('',#8261);
#8261 = CARTESIAN_POINT('',(14.,14.362579581998,76.157509857865));
#8262 = SURFACE_CURVE('',#8263,(#8267,#8274),.PCURVE_S1.);
#8263 = LINE('',#8264,#8265);
#8264 = CARTESIAN_POINT('',(14.,17.855180567436,75.415134601115));
#8265 = VECTOR('',#8266,1.);
#8266 = DIRECTION('',(0.,-0.978147600734,0.207911690818));
#8267 = PCURVE('',#72,#8268);
#8268 = DEFINITIONAL_REPRESENTATION('',(#8269),#8273);
#8269 = LINE('',#8270,#8271);
#8270 = CARTESIAN_POINT('',(75.415134601115,-17.85518056743));
#8271 = VECTOR('',#8272,1.);
#8272 = DIRECTION('',(0.207911690818,0.978147600734));
#8273 = ( GEOMETRIC_REPRESENTATION_CONTEXT(2) 
PARAMETRIC_REPRESENTATION_CONTEXT() REPRESENTATION_CONTEXT('2D SPACE',''
  ) );
#8274 = PCURVE('',#1734,#8275);
#8275 = DEFINITIONAL_REPRESENTATION('',(#8276),#8280);
#8276 = LINE('',#8277,#8278);
#8277 = CARTESIAN_POINT('',(0.,-28.));
#8278 = VECTOR('',#8279,1.);
#8279 = DIRECTION('',(1.,0.));
#8280 = ( GEOMETRIC_REPRESENTATION_CONTEXT(2) 
PARAMETRIC_REPRESENTATION_CONTEXT() REPRESENTATION_CONTEXT('2D SPACE',''
  ) );
#8281 = ORIENTED_EDGE('',*,*,#8282,.T.);
#8282 = EDGE_CURVE('',#8260,#8283,#8285,.T.);
#8283 = VERTEX_POINT('',#8284);
#8284 = CARTESIAN_POINT('',(14.,11.615274641804,70.930254616739));
#8285 = SURFACE_CURVE('',#8286,(#8290,#8297),.PCURVE_S1.);
#8286 = LINE('',#8287,#8288);
#8287 = CARTESIAN_POINT('',(14.,14.362579581998,76.157509857865));
#8288 = VECTOR('',#8289,1.);
#8289 = DIRECTION('',(0.,-0.465231567299,-0.88518901303));
#8290 = PCURVE('',#72,#8291);
#8291 = DEFINITIONAL_REPRESENTATION('',(#8292),#8296);
#8292 = LINE('',#8293,#8294);
#8293 = CARTESIAN_POINT('',(76.157509857865,-14.36257958199));
#8294 = VECTOR('',#8295,1.);
#8295 = DIRECTION('',(-0.88518901303,0.465231567299));
#8296 = ( GEOMETRIC_REPRESENTATION_CONTEXT(2) 
PARAMETRIC_REPRESENTATION_CONTEXT() REPRESENTATION_CONTEXT('2D SPACE',''
  ) );
#8297 = PCURVE('',#1762,#8298);
#8298 = DEFINITIONAL_REPRESENTATION('',(#8299),#8303);
#8299 = LINE('',#8300,#8301);
#8300 = CARTESIAN_POINT('',(0.,-28.));
#8301 = VECTOR('',#8302,1.);
#8302 = DIRECTION('',(1.,0.));
#8303 = ( GEOMETRIC_REPRESENTATION_CONTEXT(2) 
PARAMETRIC_REPRESENTATION_CONTEXT() REPRESENTATION_CONTEXT('2D SPACE',''
  ) );
#8304 = ORIENTED_EDGE('',*,*,#8305,.T.);
#8305 = EDGE_CURVE('',#8283,#8306,#8308,.T.);
#8306 = VERTEX_POINT('',#8307);
#8307 = CARTESIAN_POINT('',(14.,10.871871455269,71.047998114374));
#8308 = SURFACE_CURVE('',#8309,(#8313,#8320),.PCURVE_S1.);
#8309 = LINE('',#8310,#8311);
#8310 = CARTESIAN_POINT('',(14.,11.615274641804,70.930254616739));
#8311 = VECTOR('',#8312,1.);
#8312 = DIRECTION('',(0.,-0.987688340595,0.15643446504));
#8313 = PCURVE('',#72,#8314);
#8314 = DEFINITIONAL_REPRESENTATION('',(#8315),#8319);
#8315 = LINE('',#8316,#8317);
#8316 = CARTESIAN_POINT('',(70.930254616739,-11.6152746418));
#8317 = VECTOR('',#8318,1.);
#8318 = DIRECTION('',(0.15643446504,0.987688340595));
#8319 = ( GEOMETRIC_REPRESENTATION_CONTEXT(2) 
PARAMETRIC_REPRESENTATION_CONTEXT() REPRESENTATION_CONTEXT('2D SPACE',''
  ) );
#8320 = PCURVE('',#1790,#8321);
#8321 = DEFINITIONAL_REPRESENTATION('',(#8322),#8326);
#8322 = LINE('',#8323,#8324);
#8323 = CARTESIAN_POINT('',(0.,-28.));
#8324 = VECTOR('',#8325,1.);
#8325 = DIRECTION('',(1.,0.));
#8326 = ( GEOMETRIC_REPRESENTATION_CONTEXT(2) 
PARAMETRIC_REPRESENTATION_CONTEXT() REPRESENTATION_CONTEXT('2D SPACE',''
  ) );
#8327 = ORIENTED_EDGE('',*,*,#8328,.T.);
#8328 = EDGE_CURVE('',#8306,#8329,#8331,.T.);
#8329 = VERTEX_POINT('',#8330);
#8330 = CARTESIAN_POINT('',(14.,9.874339893091,76.868377189035));
#8331 = SURFACE_CURVE('',#8332,(#8336,#8343),.PCURVE_S1.);
#8332 = LINE('',#8333,#8334);
#8333 = CARTESIAN_POINT('',(14.,10.871871455269,71.047998114374));
#8334 = VECTOR('',#8335,1.);
#8335 = DIRECTION('',(0.,-0.168923065406,0.98562923961));
#8336 = PCURVE('',#72,#8337);
#8337 = DEFINITIONAL_REPRESENTATION('',(#8338),#8342);
#8338 = LINE('',#8339,#8340);
#8339 = CARTESIAN_POINT('',(71.047998114374,-10.87187145526));
#8340 = VECTOR('',#8341,1.);
#8341 = DIRECTION('',(0.98562923961,0.168923065406));
#8342 = ( GEOMETRIC_REPRESENTATION_CONTEXT(2) 
PARAMETRIC_REPRESENTATION_CONTEXT() REPRESENTATION_CONTEXT('2D SPACE',''
  ) );
#8343 = PCURVE('',#1818,#8344);
#8344 = DEFINITIONAL_REPRESENTATION('',(#8345),#8349);
#8345 = LINE('',#8346,#8347);
#8346 = CARTESIAN_POINT('',(0.,-28.));
#8347 = VECTOR('',#8348,1.);
#8348 = DIRECTION('',(1.,0.));
#8349 = ( GEOMETRIC_REPRESENTATION_CONTEXT(2) 
PARAMETRIC_REPRESENTATION_CONTEXT() REPRESENTATION_CONTEXT('2D SPACE',''
  ) );
#8350 = ORIENTED_EDGE('',*,*,#8351,.T.);
#8351 = EDGE_CURVE('',#8329,#8352,#8354,.T.);
#8352 = VERTEX_POINT('',#8353);
#8353 = CARTESIAN_POINT('',(14.,6.323272396532,77.241609422637));
#8354 = SURFACE_CURVE('',#8355,(#8359,#8366),.PCURVE_S1.);
#8355 = LINE('',#8356,#8357);
#8356 = CARTESIAN_POINT('',(14.,9.874339893091,76.868377189035));
#8357 = VECTOR('',#8358,1.);
#8358 = DIRECTION('',(0.,-0.994521895368,0.104528463268));
#8359 = PCURVE('',#72,#8360);
#8360 = DEFINITIONAL_REPRESENTATION('',(#8361),#8365);
#8361 = LINE('',#8362,#8363);
#8362 = CARTESIAN_POINT('',(76.868377189035,-9.874339893091));
#8363 = VECTOR('',#8364,1.);
#8364 = DIRECTION('',(0.104528463268,0.994521895368));
#8365 = ( GEOMETRIC_REPRESENTATION_CONTEXT(2) 
PARAMETRIC_REPRESENTATION_CONTEXT() REPRESENTATION_CONTEXT('2D SPACE',''
  ) );
#8366 = PCURVE('',#1846,#8367);
#8367 = DEFINITIONAL_REPRESENTATION('',(#8368),#8372);
#8368 = LINE('',#8369,#8370);
#8369 = CARTESIAN_POINT('',(0.,-28.));
#8370 = VECTOR('',#8371,1.);
#8371 = DIRECTION('',(1.,0.));
#8372 = ( GEOMETRIC_REPRESENTATION_CONTEXT(2) 
PARAMETRIC_REPRESENTATION_CONTEXT() REPRESENTATION_CONTEXT('2D SPACE',''
  ) );
#8373 = ORIENTED_EDGE('',*,*,#8374,.T.);
#8374 = EDGE_CURVE('',#8352,#8375,#8377,.T.);
#8375 = VERTEX_POINT('',#8376);
#8376 = CARTESIAN_POINT('',(14.,4.137414437719,71.755818069133));
#8377 = SURFACE_CURVE('',#8378,(#8382,#8389),.PCURVE_S1.);
#8378 = LINE('',#8379,#8380);
#8379 = CARTESIAN_POINT('',(14.,6.323272396532,77.241609422637));
#8380 = VECTOR('',#8381,1.);
#8381 = DIRECTION('',(0.,-0.370155532862,-0.928969795791));
#8382 = PCURVE('',#72,#8383);
#8383 = DEFINITIONAL_REPRESENTATION('',(#8384),#8388);
#8384 = LINE('',#8385,#8386);
#8385 = CARTESIAN_POINT('',(77.241609422637,-6.323272396532));
#8386 = VECTOR('',#8387,1.);
#8387 = DIRECTION('',(-0.928969795791,0.370155532862));
#8388 = ( GEOMETRIC_REPRESENTATION_CONTEXT(2) 
PARAMETRIC_REPRESENTATION_CONTEXT() REPRESENTATION_CONTEXT('2D SPACE',''
  ) );
#8389 = PCURVE('',#1874,#8390);
#8390 = DEFINITIONAL_REPRESENTATION('',(#8391),#8395);
#8391 = LINE('',#8392,#8393);
#8392 = CARTESIAN_POINT('',(0.,-28.));
#8393 = VECTOR('',#8394,1.);
#8394 = DIRECTION('',(1.,0.));
#8395 = ( GEOMETRIC_REPRESENTATION_CONTEXT(2) 
PARAMETRIC_REPRESENTATION_CONTEXT() REPRESENTATION_CONTEXT('2D SPACE',''
  ) );
#8396 = ORIENTED_EDGE('',*,*,#8397,.T.);
#8397 = EDGE_CURVE('',#8375,#8398,#8400,.T.);
#8398 = VERTEX_POINT('',#8399);
#8399 = CARTESIAN_POINT('',(14.,3.385776144756,71.795209762892));
#8400 = SURFACE_CURVE('',#8401,(#8405,#8412),.PCURVE_S1.);
#8401 = LINE('',#8402,#8403);
#8402 = CARTESIAN_POINT('',(14.,4.137414437719,71.755818069133));
#8403 = VECTOR('',#8404,1.);
#8404 = DIRECTION('',(0.,-0.998629534755,5.233595624294E-02));
#8405 = PCURVE('',#72,#8406);
#8406 = DEFINITIONAL_REPRESENTATION('',(#8407),#8411);
#8407 = LINE('',#8408,#8409);
#8408 = CARTESIAN_POINT('',(71.755818069133,-4.137414437719));
#8409 = VECTOR('',#8410,1.);
#8410 = DIRECTION('',(5.233595624294E-02,0.998629534755));
#8411 = ( GEOMETRIC_REPRESENTATION_CONTEXT(2) 
PARAMETRIC_REPRESENTATION_CONTEXT() REPRESENTATION_CONTEXT('2D SPACE',''
  ) );
#8412 = PCURVE('',#1902,#8413);
#8413 = DEFINITIONAL_REPRESENTATION('',(#8414),#8418);
#8414 = LINE('',#8415,#8416);
#8415 = CARTESIAN_POINT('',(0.,-28.));
#8416 = VECTOR('',#8417,1.);
#8417 = DIRECTION('',(1.,0.));
#8418 = ( GEOMETRIC_REPRESENTATION_CONTEXT(2) 
PARAMETRIC_REPRESENTATION_CONTEXT() REPRESENTATION_CONTEXT('2D SPACE',''
  ) );
#8419 = ORIENTED_EDGE('',*,*,#8420,.T.);
#8420 = EDGE_CURVE('',#8398,#8421,#8423,.T.);
#8421 = VERTEX_POINT('',#8422);
#8422 = CARTESIAN_POINT('',(14.,1.785313884539,77.479433750729));
#8423 = SURFACE_CURVE('',#8424,(#8428,#8435),.PCURVE_S1.);
#8424 = LINE('',#8425,#8426);
#8425 = CARTESIAN_POINT('',(14.,3.385776144756,71.795209762892));
#8426 = VECTOR('',#8427,1.);
#8427 = DIRECTION('',(0.,-0.271023996947,0.96257259107));
#8428 = PCURVE('',#72,#8429);
#8429 = DEFINITIONAL_REPRESENTATION('',(#8430),#8434);
#8430 = LINE('',#8431,#8432);
#8431 = CARTESIAN_POINT('',(71.795209762892,-3.385776144756));
#8432 = VECTOR('',#8433,1.);
#8433 = DIRECTION('',(0.96257259107,0.271023996947));
#8434 = ( GEOMETRIC_REPRESENTATION_CONTEXT(2) 
PARAMETRIC_REPRESENTATION_CONTEXT() REPRESENTATION_CONTEXT('2D SPACE',''
  ) );
#8435 = PCURVE('',#1930,#8436);
#8436 = DEFINITIONAL_REPRESENTATION('',(#8437),#8441);
#8437 = LINE('',#8438,#8439);
#8438 = CARTESIAN_POINT('',(0.,-28.));
#8439 = VECTOR('',#8440,1.);
#8440 = DIRECTION('',(1.,0.));
#8441 = ( GEOMETRIC_REPRESENTATION_CONTEXT(2) 
PARAMETRIC_REPRESENTATION_CONTEXT() REPRESENTATION_CONTEXT('2D SPACE',''
  ) );
#8442 = ORIENTED_EDGE('',*,*,#8443,.T.);
#8443 = EDGE_CURVE('',#8421,#8444,#8446,.T.);
#8444 = VERTEX_POINT('',#8445);
#8445 = CARTESIAN_POINT('',(14.,-1.785313884539,77.479433750729));
#8446 = SURFACE_CURVE('',#8447,(#8451,#8458),.PCURVE_S1.);
#8447 = LINE('',#8448,#8449);
#8448 = CARTESIAN_POINT('',(14.,1.785313884539,77.479433750729));
#8449 = VECTOR('',#8450,1.);
#8450 = DIRECTION('',(0.,-1.,0.));
#8451 = PCURVE('',#72,#8452);
#8452 = DEFINITIONAL_REPRESENTATION('',(#8453),#8457);
#8453 = LINE('',#8454,#8455);
#8454 = CARTESIAN_POINT('',(77.479433750729,-1.785313884539));
#8455 = VECTOR('',#8456,1.);
#8456 = DIRECTION('',(0.,1.));
#8457 = ( GEOMETRIC_REPRESENTATION_CONTEXT(2) 
PARAMETRIC_REPRESENTATION_CONTEXT() REPRESENTATION_CONTEXT('2D SPACE',''
  ) );
#8458 = PCURVE('',#1958,#8459);
#8459 = DEFINITIONAL_REPRESENTATION('',(#8460),#8464);
#8460 = LINE('',#8461,#8462);
#8461 = CARTESIAN_POINT('',(0.,-28.));
#8462 = VECTOR('',#8463,1.);
#8463 = DIRECTION('',(1.,0.));
#8464 = ( GEOMETRIC_REPRESENTATION_CONTEXT(2) 
PARAMETRIC_REPRESENTATION_CONTEXT() REPRESENTATION_CONTEXT('2D SPACE',''
  ) );
#8465 = ORIENTED_EDGE('',*,*,#8466,.T.);
#8466 = EDGE_CURVE('',#8444,#8467,#8469,.T.);
#8467 = VERTEX_POINT('',#8468);
#8468 = CARTESIAN_POINT('',(14.,-3.385776144756,71.795209762892));
#8469 = SURFACE_CURVE('',#8470,(#8474,#8481),.PCURVE_S1.);
#8470 = LINE('',#8471,#8472);
#8471 = CARTESIAN_POINT('',(14.,-1.785313884539,77.479433750729));
#8472 = VECTOR('',#8473,1.);
#8473 = DIRECTION('',(0.,-0.271023996947,-0.96257259107));
#8474 = PCURVE('',#72,#8475);
#8475 = DEFINITIONAL_REPRESENTATION('',(#8476),#8480);
#8476 = LINE('',#8477,#8478);
#8477 = CARTESIAN_POINT('',(77.479433750729,1.78531388454));
#8478 = VECTOR('',#8479,1.);
#8479 = DIRECTION('',(-0.96257259107,0.271023996947));
#8480 = ( GEOMETRIC_REPRESENTATION_CONTEXT(2) 
PARAMETRIC_REPRESENTATION_CONTEXT() REPRESENTATION_CONTEXT('2D SPACE',''
  ) );
#8481 = PCURVE('',#1986,#8482);
#8482 = DEFINITIONAL_REPRESENTATION('',(#8483),#8487);
#8483 = LINE('',#8484,#8485);
#8484 = CARTESIAN_POINT('',(0.,-28.));
#8485 = VECTOR('',#8486,1.);
#8486 = DIRECTION('',(1.,0.));
#8487 = ( GEOMETRIC_REPRESENTATION_CONTEXT(2) 
PARAMETRIC_REPRESENTATION_CONTEXT() REPRESENTATION_CONTEXT('2D SPACE',''
  ) );
#8488 = ORIENTED_EDGE('',*,*,#8489,.T.);
#8489 = EDGE_CURVE('',#8467,#8490,#8492,.T.);
#8490 = VERTEX_POINT('',#8491);
#8491 = CARTESIAN_POINT('',(14.,-4.137414437719,71.755818069133));
#8492 = SURFACE_CURVE('',#8493,(#8497,#8504),.PCURVE_S1.);
#8493 = LINE('',#8494,#8495);
#8494 = CARTESIAN_POINT('',(14.,-3.385776144756,71.795209762892));
#8495 = VECTOR('',#8496,1.);
#8496 = DIRECTION('',(0.,-0.998629534755,-5.233595624294E-02));
#8497 = PCURVE('',#72,#8498);
#8498 = DEFINITIONAL_REPRESENTATION('',(#8499),#8503);
#8499 = LINE('',#8500,#8501);
#8500 = CARTESIAN_POINT('',(71.795209762892,3.385776144756));
#8501 = VECTOR('',#8502,1.);
#8502 = DIRECTION('',(-5.233595624294E-02,0.998629534755));
#8503 = ( GEOMETRIC_REPRESENTATION_CONTEXT(2) 
PARAMETRIC_REPRESENTATION_CONTEXT() REPRESENTATION_CONTEXT('2D SPACE',''
  ) );
#8504 = PCURVE('',#2014,#8505);
#8505 = DEFINITIONAL_REPRESENTATION('',(#8506),#8510);
#8506 = LINE('',#8507,#8508);
#8507 = CARTESIAN_POINT('',(0.,-28.));
#8508 = VECTOR('',#8509,1.);
#8509 = DIRECTION('',(1.,0.));
#8510 = ( GEOMETRIC_REPRESENTATION_CONTEXT(2) 
PARAMETRIC_REPRESENTATION_CONTEXT() REPRESENTATION_CONTEXT('2D SPACE',''
  ) );
#8511 = ORIENTED_EDGE('',*,*,#8512,.T.);
#8512 = EDGE_CURVE('',#8490,#8513,#8515,.T.);
#8513 = VERTEX_POINT('',#8514);
#8514 = CARTESIAN_POINT('',(14.,-6.323272396532,77.241609422637));
#8515 = SURFACE_CURVE('',#8516,(#8520,#8527),.PCURVE_S1.);
#8516 = LINE('',#8517,#8518);
#8517 = CARTESIAN_POINT('',(14.,-4.137414437719,71.755818069133));
#8518 = VECTOR('',#8519,1.);
#8519 = DIRECTION('',(0.,-0.370155532862,0.928969795791));
#8520 = PCURVE('',#72,#8521);
#8521 = DEFINITIONAL_REPRESENTATION('',(#8522),#8526);
#8522 = LINE('',#8523,#8524);
#8523 = CARTESIAN_POINT('',(71.755818069133,4.137414437719));
#8524 = VECTOR('',#8525,1.);
#8525 = DIRECTION('',(0.928969795791,0.370155532862));
#8526 = ( GEOMETRIC_REPRESENTATION_CONTEXT(2) 
PARAMETRIC_REPRESENTATION_CONTEXT() REPRESENTATION_CONTEXT('2D SPACE',''
  ) );
#8527 = PCURVE('',#2042,#8528);
#8528 = DEFINITIONAL_REPRESENTATION('',(#8529),#8533);
#8529 = LINE('',#8530,#8531);
#8530 = CARTESIAN_POINT('',(0.,-28.));
#8531 = VECTOR('',#8532,1.);
#8532 = DIRECTION('',(1.,0.));
#8533 = ( GEOMETRIC_REPRESENTATION_CONTEXT(2) 
PARAMETRIC_REPRESENTATION_CONTEXT() REPRESENTATION_CONTEXT('2D SPACE',''
  ) );
#8534 = ORIENTED_EDGE('',*,*,#8535,.T.);
#8535 = EDGE_CURVE('',#8513,#8536,#8538,.T.);
#8536 = VERTEX_POINT('',#8537);
#8537 = CARTESIAN_POINT('',(14.,-9.874339893091,76.868377189035));
#8538 = SURFACE_CURVE('',#8539,(#8543,#8550),.PCURVE_S1.);
#8539 = LINE('',#8540,#8541);
#8540 = CARTESIAN_POINT('',(14.,-6.323272396532,77.241609422637));
#8541 = VECTOR('',#8542,1.);
#8542 = DIRECTION('',(0.,-0.994521895368,-0.104528463268));
#8543 = PCURVE('',#72,#8544);
#8544 = DEFINITIONAL_REPRESENTATION('',(#8545),#8549);
#8545 = LINE('',#8546,#8547);
#8546 = CARTESIAN_POINT('',(77.241609422637,6.323272396532));
#8547 = VECTOR('',#8548,1.);
#8548 = DIRECTION('',(-0.104528463268,0.994521895368));
#8549 = ( GEOMETRIC_REPRESENTATION_CONTEXT(2) 
PARAMETRIC_REPRESENTATION_CONTEXT() REPRESENTATION_CONTEXT('2D SPACE',''
  ) );
#8550 = PCURVE('',#2070,#8551);
#8551 = DEFINITIONAL_REPRESENTATION('',(#8552),#8556);
#8552 = LINE('',#8553,#8554);
#8553 = CARTESIAN_POINT('',(0.,-28.));
#8554 = VECTOR('',#8555,1.);
#8555 = DIRECTION('',(1.,0.));
#8556 = ( GEOMETRIC_REPRESENTATION_CONTEXT(2) 
PARAMETRIC_REPRESENTATION_CONTEXT() REPRESENTATION_CONTEXT('2D SPACE',''
  ) );
#8557 = ORIENTED_EDGE('',*,*,#8558,.T.);
#8558 = EDGE_CURVE('',#8536,#8559,#8561,.T.);
#8559 = VERTEX_POINT('',#8560);
#8560 = CARTESIAN_POINT('',(14.,-10.87187145526,71.047998114374));
#8561 = SURFACE_CURVE('',#8562,(#8566,#8573),.PCURVE_S1.);
#8562 = LINE('',#8563,#8564);
#8563 = CARTESIAN_POINT('',(14.,-9.874339893091,76.868377189035));
#8564 = VECTOR('',#8565,1.);
#8565 = DIRECTION('',(0.,-0.168923065406,-0.98562923961));
#8566 = PCURVE('',#72,#8567);
#8567 = DEFINITIONAL_REPRESENTATION('',(#8568),#8572);
#8568 = LINE('',#8569,#8570);
#8569 = CARTESIAN_POINT('',(76.868377189035,9.874339893091));
#8570 = VECTOR('',#8571,1.);
#8571 = DIRECTION('',(-0.98562923961,0.168923065406));
#8572 = ( GEOMETRIC_REPRESENTATION_CONTEXT(2) 
PARAMETRIC_REPRESENTATION_CONTEXT() REPRESENTATION_CONTEXT('2D SPACE',''
  ) );
#8573 = PCURVE('',#2098,#8574);
#8574 = DEFINITIONAL_REPRESENTATION('',(#8575),#8579);
#8575 = LINE('',#8576,#8577);
#8576 = CARTESIAN_POINT('',(0.,-28.));
#8577 = VECTOR('',#8578,1.);
#8578 = DIRECTION('',(1.,0.));
#8579 = ( GEOMETRIC_REPRESENTATION_CONTEXT(2) 
PARAMETRIC_REPRESENTATION_CONTEXT() REPRESENTATION_CONTEXT('2D SPACE',''
  ) );
#8580 = ORIENTED_EDGE('',*,*,#8581,.T.);
#8581 = EDGE_CURVE('',#8559,#8582,#8584,.T.);
#8582 = VERTEX_POINT('',#8583);
#8583 = CARTESIAN_POINT('',(14.,-11.6152746418,70.930254616739));
#8584 = SURFACE_CURVE('',#8585,(#8589,#8596),.PCURVE_S1.);
#8585 = LINE('',#8586,#8587);
#8586 = CARTESIAN_POINT('',(14.,-10.87187145526,71.047998114374));
#8587 = VECTOR('',#8588,1.);
#8588 = DIRECTION('',(0.,-0.987688340595,-0.15643446504));
#8589 = PCURVE('',#72,#8590);
#8590 = DEFINITIONAL_REPRESENTATION('',(#8591),#8595);
#8591 = LINE('',#8592,#8593);
#8592 = CARTESIAN_POINT('',(71.047998114374,10.871871455269));
#8593 = VECTOR('',#8594,1.);
#8594 = DIRECTION('',(-0.15643446504,0.987688340595));
#8595 = ( GEOMETRIC_REPRESENTATION_CONTEXT(2) 
PARAMETRIC_REPRESENTATION_CONTEXT() REPRESENTATION_CONTEXT('2D SPACE',''
  ) );
#8596 = PCURVE('',#2126,#8597);
#8597 = DEFINITIONAL_REPRESENTATION('',(#8598),#8602);
#8598 = LINE('',#8599,#8600);
#8599 = CARTESIAN_POINT('',(0.,-28.));
#8600 = VECTOR('',#8601,1.);
#8601 = DIRECTION('',(1.,0.));
#8602 = ( GEOMETRIC_REPRESENTATION_CONTEXT(2) 
PARAMETRIC_REPRESENTATION_CONTEXT() REPRESENTATION_CONTEXT('2D SPACE',''
  ) );
#8603 = ORIENTED_EDGE('',*,*,#8604,.T.);
#8604 = EDGE_CURVE('',#8582,#8605,#8607,.T.);
#8605 = VERTEX_POINT('',#8606);
#8606 = CARTESIAN_POINT('',(14.,-14.36257958199,76.157509857865));
#8607 = SURFACE_CURVE('',#8608,(#8612,#8619),.PCURVE_S1.);
#8608 = LINE('',#8609,#8610);
#8609 = CARTESIAN_POINT('',(14.,-11.6152746418,70.930254616739));
#8610 = VECTOR('',#8611,1.);
#8611 = DIRECTION('',(0.,-0.465231567299,0.88518901303));
#8612 = PCURVE('',#72,#8613);
#8613 = DEFINITIONAL_REPRESENTATION('',(#8614),#8618);
#8614 = LINE('',#8615,#8616);
#8615 = CARTESIAN_POINT('',(70.930254616739,11.615274641804));
#8616 = VECTOR('',#8617,1.);
#8617 = DIRECTION('',(0.88518901303,0.465231567299));
#8618 = ( GEOMETRIC_REPRESENTATION_CONTEXT(2) 
PARAMETRIC_REPRESENTATION_CONTEXT() REPRESENTATION_CONTEXT('2D SPACE',''
  ) );
#8619 = PCURVE('',#2154,#8620);
#8620 = DEFINITIONAL_REPRESENTATION('',(#8621),#8625);
#8621 = LINE('',#8622,#8623);
#8622 = CARTESIAN_POINT('',(0.,-28.));
#8623 = VECTOR('',#8624,1.);
#8624 = DIRECTION('',(1.,0.));
#8625 = ( GEOMETRIC_REPRESENTATION_CONTEXT(2) 
PARAMETRIC_REPRESENTATION_CONTEXT() REPRESENTATION_CONTEXT('2D SPACE',''
  ) );
#8626 = ORIENTED_EDGE('',*,*,#8627,.T.);
#8627 = EDGE_CURVE('',#8605,#8628,#8630,.T.);
#8628 = VERTEX_POINT('',#8629);
#8629 = CARTESIAN_POINT('',(14.,-17.85518056743,75.415134601115));
#8630 = SURFACE_CURVE('',#8631,(#8635,#8642),.PCURVE_S1.);
#8631 = LINE('',#8632,#8633);
#8632 = CARTESIAN_POINT('',(14.,-14.36257958199,76.157509857865));
#8633 = VECTOR('',#8634,1.);
#8634 = DIRECTION('',(0.,-0.978147600734,-0.207911690818));
#8635 = PCURVE('',#72,#8636);
#8636 = DEFINITIONAL_REPRESENTATION('',(#8637),#8641);
#8637 = LINE('',#8638,#8639);
#8638 = CARTESIAN_POINT('',(76.157509857865,14.362579581998));
#8639 = VECTOR('',#8640,1.);
#8640 = DIRECTION('',(-0.207911690818,0.978147600734));
#8641 = ( GEOMETRIC_REPRESENTATION_CONTEXT(2) 
PARAMETRIC_REPRESENTATION_CONTEXT() REPRESENTATION_CONTEXT('2D SPACE',''
  ) );
#8642 = PCURVE('',#2182,#8643);
#8643 = DEFINITIONAL_REPRESENTATION('',(#8644),#8648);
#8644 = LINE('',#8645,#8646);
#8645 = CARTESIAN_POINT('',(0.,-28.));
#8646 = VECTOR('',#8647,1.);
#8647 = DIRECTION('',(1.,0.));
#8648 = ( GEOMETRIC_REPRESENTATION_CONTEXT(2) 
PARAMETRIC_REPRESENTATION_CONTEXT() REPRESENTATION_CONTEXT('2D SPACE',''
  ) );
#8649 = ORIENTED_EDGE('',*,*,#8650,.T.);
#8650 = EDGE_CURVE('',#8628,#8651,#8653,.T.);
#8651 = VERTEX_POINT('',#8652);
#8652 = CARTESIAN_POINT('',(14.,-18.23885226703,69.522369730766));
#8653 = SURFACE_CURVE('',#8654,(#8658,#8665),.PCURVE_S1.);
#8654 = LINE('',#8655,#8656);
#8655 = CARTESIAN_POINT('',(14.,-17.85518056743,75.415134601115));
#8656 = VECTOR('',#8657,1.);
#8657 = DIRECTION('',(0.,-6.497137741081E-02,-0.997887127945));
#8658 = PCURVE('',#72,#8659);
#8659 = DEFINITIONAL_REPRESENTATION('',(#8660),#8664);
#8660 = LINE('',#8661,#8662);
#8661 = CARTESIAN_POINT('',(75.415134601115,17.855180567436));
#8662 = VECTOR('',#8663,1.);
#8663 = DIRECTION('',(-0.997887127945,6.497137741081E-02));
#8664 = ( GEOMETRIC_REPRESENTATION_CONTEXT(2) 
PARAMETRIC_REPRESENTATION_CONTEXT() REPRESENTATION_CONTEXT('2D SPACE',''
  ) );
#8665 = PCURVE('',#2210,#8666);
#8666 = DEFINITIONAL_REPRESENTATION('',(#8667),#8671);
#8667 = LINE('',#8668,#8669);
#8668 = CARTESIAN_POINT('',(0.,-28.));
#8669 = VECTOR('',#8670,1.);
#8670 = DIRECTION('',(1.,0.));
#8671 = ( GEOMETRIC_REPRESENTATION_CONTEXT(2) 
PARAMETRIC_REPRESENTATION_CONTEXT() REPRESENTATION_CONTEXT('2D SPACE',''
  ) );
#8672 = ORIENTED_EDGE('',*,*,#8673,.T.);
#8673 = EDGE_CURVE('',#8651,#8674,#8676,.T.);
#8674 = VERTEX_POINT('',#8675);
#8675 = CARTESIAN_POINT('',(14.,-18.96587546626,69.327564451654));
#8676 = SURFACE_CURVE('',#8677,(#8681,#8688),.PCURVE_S1.);
#8677 = LINE('',#8678,#8679);
#8678 = CARTESIAN_POINT('',(14.,-18.23885226703,69.522369730766));
#8679 = VECTOR('',#8680,1.);
#8680 = DIRECTION('',(0.,-0.965925826289,-0.258819045103));
#8681 = PCURVE('',#72,#8682);
#8682 = DEFINITIONAL_REPRESENTATION('',(#8683),#8687);
#8683 = LINE('',#8684,#8685);
#8684 = CARTESIAN_POINT('',(69.522369730766,18.238852267033));
#8685 = VECTOR('',#8686,1.);
#8686 = DIRECTION('',(-0.258819045103,0.965925826289));
#8687 = ( GEOMETRIC_REPRESENTATION_CONTEXT(2) 
PARAMETRIC_REPRESENTATION_CONTEXT() REPRESENTATION_CONTEXT('2D SPACE',''
  ) );
#8688 = PCURVE('',#2238,#8689);
#8689 = DEFINITIONAL_REPRESENTATION('',(#8690),#8694);
#8690 = LINE('',#8691,#8692);
#8691 = CARTESIAN_POINT('',(0.,-28.));
#8692 = VECTOR('',#8693,1.);
#8693 = DIRECTION('',(1.,0.));
#8694 = ( GEOMETRIC_REPRESENTATION_CONTEXT(2) 
PARAMETRIC_REPRESENTATION_CONTEXT() REPRESENTATION_CONTEXT('2D SPACE',''
  ) );
#8695 = ORIENTED_EDGE('',*,*,#8696,.T.);
#8696 = EDGE_CURVE('',#8674,#8697,#8699,.T.);
#8697 = VERTEX_POINT('',#8698);
#8698 = CARTESIAN_POINT('',(14.,-22.24452734,74.239012678106));
#8699 = SURFACE_CURVE('',#8700,(#8704,#8711),.PCURVE_S1.);
#8700 = LINE('',#8701,#8702);
#8701 = CARTESIAN_POINT('',(14.,-18.96587546626,69.327564451654));
#8702 = VECTOR('',#8703,1.);
#8703 = DIRECTION('',(0.,-0.555210427329,0.831709914204));
#8704 = PCURVE('',#72,#8705);
#8705 = DEFINITIONAL_REPRESENTATION('',(#8706),#8710);
#8706 = LINE('',#8707,#8708);
#8707 = CARTESIAN_POINT('',(69.327564451654,18.965875466261));
#8708 = VECTOR('',#8709,1.);
#8709 = DIRECTION('',(0.831709914204,0.555210427329));
#8710 = ( GEOMETRIC_REPRESENTATION_CONTEXT(2) 
PARAMETRIC_REPRESENTATION_CONTEXT() REPRESENTATION_CONTEXT('2D SPACE',''
  ) );
#8711 = PCURVE('',#2266,#8712);
#8712 = DEFINITIONAL_REPRESENTATION('',(#8713),#8717);
#8713 = LINE('',#8714,#8715);
#8714 = CARTESIAN_POINT('',(0.,-28.));
#8715 = VECTOR('',#8716,1.);
#8716 = DIRECTION('',(1.,0.));
#8717 = ( GEOMETRIC_REPRESENTATION_CONTEXT(2) 
PARAMETRIC_REPRESENTATION_CONTEXT() REPRESENTATION_CONTEXT('2D SPACE',''
  ) );
#8718 = ORIENTED_EDGE('',*,*,#8719,.T.);
#8719 = EDGE_CURVE('',#8697,#8720,#8722,.T.);
#8720 = VERTEX_POINT('',#8721);
#8721 = CARTESIAN_POINT('',(14.,-25.64039614704,73.135628016874));
#8722 = SURFACE_CURVE('',#8723,(#8727,#8734),.PCURVE_S1.);
#8723 = LINE('',#8724,#8725);
#8724 = CARTESIAN_POINT('',(14.,-22.24452734,74.239012678106));
#8725 = VECTOR('',#8726,1.);
#8726 = DIRECTION('',(0.,-0.951056516295,-0.309016994375));
#8727 = PCURVE('',#72,#8728);
#8728 = DEFINITIONAL_REPRESENTATION('',(#8729),#8733);
#8729 = LINE('',#8730,#8731);
#8730 = CARTESIAN_POINT('',(74.239012678106,22.24452734));
#8731 = VECTOR('',#8732,1.);
#8732 = DIRECTION('',(-0.309016994375,0.951056516295));
#8733 = ( GEOMETRIC_REPRESENTATION_CONTEXT(2) 
PARAMETRIC_REPRESENTATION_CONTEXT() REPRESENTATION_CONTEXT('2D SPACE',''
  ) );
#8734 = PCURVE('',#2294,#8735);
#8735 = DEFINITIONAL_REPRESENTATION('',(#8736),#8740);
#8736 = LINE('',#8737,#8738);
#8737 = CARTESIAN_POINT('',(0.,-28.));
#8738 = VECTOR('',#8739,1.);
#8739 = DIRECTION('',(1.,0.));
#8740 = ( GEOMETRIC_REPRESENTATION_CONTEXT(2) 
PARAMETRIC_REPRESENTATION_CONTEXT() REPRESENTATION_CONTEXT('2D SPACE',''
  ) );
#8741 = ORIENTED_EDGE('',*,*,#8742,.T.);
#8742 = EDGE_CURVE('',#8720,#8743,#8745,.T.);
#8743 = VERTEX_POINT('',#8744);
#8744 = CARTESIAN_POINT('',(14.,-25.40600439663,67.235039715897));
#8745 = SURFACE_CURVE('',#8746,(#8750,#8757),.PCURVE_S1.);
#8746 = LINE('',#8747,#8748);
#8747 = CARTESIAN_POINT('',(14.,-25.64039614704,73.135628016874));
#8748 = VECTOR('',#8749,1.);
#8749 = DIRECTION('',(0.,3.969215059133E-02,-0.999211956084));
#8750 = PCURVE('',#72,#8751);
#8751 = DEFINITIONAL_REPRESENTATION('',(#8752),#8756);
#8752 = LINE('',#8753,#8754);
#8753 = CARTESIAN_POINT('',(73.135628016874,25.640396147047));
#8754 = VECTOR('',#8755,1.);
#8755 = DIRECTION('',(-0.999211956084,-3.969215059133E-02));
#8756 = ( GEOMETRIC_REPRESENTATION_CONTEXT(2) 
PARAMETRIC_REPRESENTATION_CONTEXT() REPRESENTATION_CONTEXT('2D SPACE',''
  ) );
#8757 = PCURVE('',#2322,#8758);
#8758 = DEFINITIONAL_REPRESENTATION('',(#8759),#8763);
#8759 = LINE('',#8760,#8761);
#8760 = CARTESIAN_POINT('',(0.,-28.));
#8761 = VECTOR('',#8762,1.);
#8762 = DIRECTION('',(1.,0.));
#8763 = ( GEOMETRIC_REPRESENTATION_CONTEXT(2) 
PARAMETRIC_REPRESENTATION_CONTEXT() REPRESENTATION_CONTEXT('2D SPACE',''
  ) );
#8764 = ORIENTED_EDGE('',*,*,#8765,.T.);
#8765 = EDGE_CURVE('',#8743,#8766,#8768,.T.);
#8766 = VERTEX_POINT('',#8767);
#8767 = CARTESIAN_POINT('',(14.,-26.10868219024,66.965306982711));
#8768 = SURFACE_CURVE('',#8769,(#8773,#8780),.PCURVE_S1.);
#8769 = LINE('',#8770,#8771);
#8770 = CARTESIAN_POINT('',(14.,-25.40600439663,67.235039715897));
#8771 = VECTOR('',#8772,1.);
#8772 = DIRECTION('',(0.,-0.933580426497,-0.358367949545));
#8773 = PCURVE('',#72,#8774);
#8774 = DEFINITIONAL_REPRESENTATION('',(#8775),#8779);
#8775 = LINE('',#8776,#8777);
#8776 = CARTESIAN_POINT('',(67.235039715897,25.406004396634));
#8777 = VECTOR('',#8778,1.);
#8778 = DIRECTION('',(-0.358367949545,0.933580426497));
#8779 = ( GEOMETRIC_REPRESENTATION_CONTEXT(2) 
PARAMETRIC_REPRESENTATION_CONTEXT() REPRESENTATION_CONTEXT('2D SPACE',''
  ) );
#8780 = PCURVE('',#2350,#8781);
#8781 = DEFINITIONAL_REPRESENTATION('',(#8782),#8786);
#8782 = LINE('',#8783,#8784);
#8783 = CARTESIAN_POINT('',(0.,-28.));
#8784 = VECTOR('',#8785,1.);
#8785 = DIRECTION('',(1.,0.));
#8786 = ( GEOMETRIC_REPRESENTATION_CONTEXT(2) 
PARAMETRIC_REPRESENTATION_CONTEXT() REPRESENTATION_CONTEXT('2D SPACE',''
  ) );
#8787 = ORIENTED_EDGE('',*,*,#8788,.T.);
#8788 = EDGE_CURVE('',#8766,#8789,#8791,.T.);
#8789 = VERTEX_POINT('',#8790);
#8790 = CARTESIAN_POINT('',(14.,-29.88275940149,71.507137339934));
#8791 = SURFACE_CURVE('',#8792,(#8796,#8803),.PCURVE_S1.);
#8792 = LINE('',#8793,#8794);
#8793 = CARTESIAN_POINT('',(14.,-26.10868219024,66.965306982711));
#8794 = VECTOR('',#8795,1.);
#8795 = DIRECTION('',(0.,-0.639106285732,0.769118427512));
#8796 = PCURVE('',#72,#8797);
#8797 = DEFINITIONAL_REPRESENTATION('',(#8798),#8802);
#8798 = LINE('',#8799,#8800);
#8799 = CARTESIAN_POINT('',(66.965306982711,26.108682190245));
#8800 = VECTOR('',#8801,1.);
#8801 = DIRECTION('',(0.769118427512,0.639106285732));
#8802 = ( GEOMETRIC_REPRESENTATION_CONTEXT(2) 
PARAMETRIC_REPRESENTATION_CONTEXT() REPRESENTATION_CONTEXT('2D SPACE',''
  ) );
#8803 = PCURVE('',#2378,#8804);
#8804 = DEFINITIONAL_REPRESENTATION('',(#8805),#8809);
#8805 = LINE('',#8806,#8807);
#8806 = CARTESIAN_POINT('',(0.,-28.));
#8807 = VECTOR('',#8808,1.);
#8808 = DIRECTION('',(1.,0.));
#8809 = ( GEOMETRIC_REPRESENTATION_CONTEXT(2) 
PARAMETRIC_REPRESENTATION_CONTEXT() REPRESENTATION_CONTEXT('2D SPACE',''
  ) );
#8810 = ORIENTED_EDGE('',*,*,#8811,.T.);
#8811 = EDGE_CURVE('',#8789,#8812,#8814,.T.);
#8812 = VERTEX_POINT('',#8813);
#8813 = CARTESIAN_POINT('',(14.,-33.14469018087,70.054832187465));
#8814 = SURFACE_CURVE('',#8815,(#8819,#8826),.PCURVE_S1.);
#8815 = LINE('',#8816,#8817);
#8816 = CARTESIAN_POINT('',(14.,-29.88275940149,71.507137339934));
#8817 = VECTOR('',#8818,1.);
#8818 = DIRECTION('',(0.,-0.913545457643,-0.406736643076));
#8819 = PCURVE('',#72,#8820);
#8820 = DEFINITIONAL_REPRESENTATION('',(#8821),#8825);
#8821 = LINE('',#8822,#8823);
#8822 = CARTESIAN_POINT('',(71.507137339934,29.882759401498));
#8823 = VECTOR('',#8824,1.);
#8824 = DIRECTION('',(-0.406736643076,0.913545457643));
#8825 = ( GEOMETRIC_REPRESENTATION_CONTEXT(2) 
PARAMETRIC_REPRESENTATION_CONTEXT() REPRESENTATION_CONTEXT('2D SPACE',''
  ) );
#8826 = PCURVE('',#2406,#8827);
#8827 = DEFINITIONAL_REPRESENTATION('',(#8828),#8832);
#8828 = LINE('',#8829,#8830);
#8829 = CARTESIAN_POINT('',(0.,-28.));
#8830 = VECTOR('',#8831,1.);
#8831 = DIRECTION('',(1.,0.));
#8832 = ( GEOMETRIC_REPRESENTATION_CONTEXT(2) 
PARAMETRIC_REPRESENTATION_CONTEXT() REPRESENTATION_CONTEXT('2D SPACE',''
  ) );
#8833 = ORIENTED_EDGE('',*,*,#8834,.T.);
#8834 = EDGE_CURVE('',#8812,#8835,#8837,.T.);
#8835 = VERTEX_POINT('',#8836);
#8836 = CARTESIAN_POINT('',(14.,-32.29480302551,64.211068536063));
#8837 = SURFACE_CURVE('',#8838,(#8842,#8849),.PCURVE_S1.);
#8838 = LINE('',#8839,#8840);
#8839 = CARTESIAN_POINT('',(14.,-33.14469018087,70.054832187465));
#8840 = VECTOR('',#8841,1.);
#8841 = DIRECTION('',(0.,0.143920803085,-0.989589208934));
#8842 = PCURVE('',#72,#8843);
#8843 = DEFINITIONAL_REPRESENTATION('',(#8844),#8848);
#8844 = LINE('',#8845,#8846);
#8845 = CARTESIAN_POINT('',(70.054832187466,33.144690180873));
#8846 = VECTOR('',#8847,1.);
#8847 = DIRECTION('',(-0.989589208934,-0.143920803085));
#8848 = ( GEOMETRIC_REPRESENTATION_CONTEXT(2) 
PARAMETRIC_REPRESENTATION_CONTEXT() REPRESENTATION_CONTEXT('2D SPACE',''
  ) );
#8849 = PCURVE('',#2434,#8850);
#8850 = DEFINITIONAL_REPRESENTATION('',(#8851),#8855);
#8851 = LINE('',#8852,#8853);
#8852 = CARTESIAN_POINT('',(0.,-28.));
#8853 = VECTOR('',#8854,1.);
#8854 = DIRECTION('',(1.,0.));
#8855 = ( GEOMETRIC_REPRESENTATION_CONTEXT(2) 
PARAMETRIC_REPRESENTATION_CONTEXT() REPRESENTATION_CONTEXT('2D SPACE',''
  ) );
#8856 = ORIENTED_EDGE('',*,*,#8857,.T.);
#8857 = EDGE_CURVE('',#8835,#8858,#8860,.T.);
#8858 = VERTEX_POINT('',#8859);
#8859 = CARTESIAN_POINT('',(14.,-32.96543672856,63.869363597074));
#8860 = SURFACE_CURVE('',#8861,(#8865,#8872),.PCURVE_S1.);
#8861 = LINE('',#8862,#8863);
#8862 = CARTESIAN_POINT('',(14.,-32.29480302551,64.211068536063));
#8863 = VECTOR('',#8864,1.);
#8864 = DIRECTION('',(0.,-0.891006524188,-0.45399049974));
#8865 = PCURVE('',#72,#8866);
#8866 = DEFINITIONAL_REPRESENTATION('',(#8867),#8871);
#8867 = LINE('',#8868,#8869);
#8868 = CARTESIAN_POINT('',(64.211068536063,32.294803025518));
#8869 = VECTOR('',#8870,1.);
#8870 = DIRECTION('',(-0.45399049974,0.891006524188));
#8871 = ( GEOMETRIC_REPRESENTATION_CONTEXT(2) 
PARAMETRIC_REPRESENTATION_CONTEXT() REPRESENTATION_CONTEXT('2D SPACE',''
  ) );
#8872 = PCURVE('',#2462,#8873);
#8873 = DEFINITIONAL_REPRESENTATION('',(#8874),#8878);
#8874 = LINE('',#8875,#8876);
#8875 = CARTESIAN_POINT('',(0.,-28.));
#8876 = VECTOR('',#8877,1.);
#8877 = DIRECTION('',(1.,0.));
#8878 = ( GEOMETRIC_REPRESENTATION_CONTEXT(2) 
PARAMETRIC_REPRESENTATION_CONTEXT() REPRESENTATION_CONTEXT('2D SPACE',''
  ) );
#8879 = ORIENTED_EDGE('',*,*,#8880,.T.);
#8880 = EDGE_CURVE('',#8858,#8881,#8883,.T.);
#8881 = VERTEX_POINT('',#8882);
#8882 = CARTESIAN_POINT('',(14.,-37.19358969762,67.991814841235));
#8883 = SURFACE_CURVE('',#8884,(#8888,#8895),.PCURVE_S1.);
#8884 = LINE('',#8885,#8886);
#8885 = CARTESIAN_POINT('',(14.,-32.96543672856,63.869363597074));
#8886 = VECTOR('',#8887,1.);
#8887 = DIRECTION('',(0.,-0.715999961926,0.69810031838));
#8888 = PCURVE('',#72,#8889);
#8889 = DEFINITIONAL_REPRESENTATION('',(#8890),#8894);
#8890 = LINE('',#8891,#8892);
#8891 = CARTESIAN_POINT('',(63.869363597075,32.96543672856));
#8892 = VECTOR('',#8893,1.);
#8893 = DIRECTION('',(0.69810031838,0.715999961926));
#8894 = ( GEOMETRIC_REPRESENTATION_CONTEXT(2) 
PARAMETRIC_REPRESENTATION_CONTEXT() REPRESENTATION_CONTEXT('2D SPACE',''
  ) );
#8895 = PCURVE('',#2490,#8896);
#8896 = DEFINITIONAL_REPRESENTATION('',(#8897),#8901);
#8897 = LINE('',#8898,#8899);
#8898 = CARTESIAN_POINT('',(0.,-28.));
#8899 = VECTOR('',#8900,1.);
#8900 = DIRECTION('',(1.,0.));
#8901 = ( GEOMETRIC_REPRESENTATION_CONTEXT(2) 
PARAMETRIC_REPRESENTATION_CONTEXT() REPRESENTATION_CONTEXT('2D SPACE',''
  ) );
#8902 = ORIENTED_EDGE('',*,*,#8903,.T.);
#8903 = EDGE_CURVE('',#8881,#8904,#8906,.T.);
#8904 = VERTEX_POINT('',#8905);
#8905 = CARTESIAN_POINT('',(14.,-40.2858440531,66.206500956695));
#8906 = SURFACE_CURVE('',#8907,(#8911,#8918),.PCURVE_S1.);
#8907 = LINE('',#8908,#8909);
#8908 = CARTESIAN_POINT('',(14.,-37.19358969762,67.991814841235));
#8909 = VECTOR('',#8910,1.);
#8910 = DIRECTION('',(0.,-0.866025403784,-0.5));
#8911 = PCURVE('',#72,#8912);
#8912 = DEFINITIONAL_REPRESENTATION('',(#8913),#8917);
#8913 = LINE('',#8914,#8915);
#8914 = CARTESIAN_POINT('',(67.991814841235,37.193589697624));
#8915 = VECTOR('',#8916,1.);
#8916 = DIRECTION('',(-0.5,0.866025403784));
#8917 = ( GEOMETRIC_REPRESENTATION_CONTEXT(2) 
PARAMETRIC_REPRESENTATION_CONTEXT() REPRESENTATION_CONTEXT('2D SPACE',''
  ) );
#8918 = PCURVE('',#2518,#8919);
#8919 = DEFINITIONAL_REPRESENTATION('',(#8920),#8924);
#8920 = LINE('',#8921,#8922);
#8921 = CARTESIAN_POINT('',(0.,-28.));
#8922 = VECTOR('',#8923,1.);
#8923 = DIRECTION('',(1.,0.));
#8924 = ( GEOMETRIC_REPRESENTATION_CONTEXT(2) 
PARAMETRIC_REPRESENTATION_CONTEXT() REPRESENTATION_CONTEXT('2D SPACE',''
  ) );
#8925 = ORIENTED_EDGE('',*,*,#8926,.T.);
#8926 = EDGE_CURVE('',#8904,#8927,#8929,.T.);
#8927 = VERTEX_POINT('',#8928);
#8928 = CARTESIAN_POINT('',(14.,-38.82977303433,60.483587452319));
#8929 = SURFACE_CURVE('',#8930,(#8934,#8941),.PCURVE_S1.);
#8930 = LINE('',#8931,#8932);
#8931 = CARTESIAN_POINT('',(14.,-40.2858440531,66.206500956695));
#8932 = VECTOR('',#8933,1.);
#8933 = DIRECTION('',(0.,0.246572629144,-0.969124315327));
#8934 = PCURVE('',#72,#8935);
#8935 = DEFINITIONAL_REPRESENTATION('',(#8936),#8940);
#8936 = LINE('',#8937,#8938);
#8937 = CARTESIAN_POINT('',(66.206500956695,40.285844053105));
#8938 = VECTOR('',#8939,1.);
#8939 = DIRECTION('',(-0.969124315327,-0.246572629144));
#8940 = ( GEOMETRIC_REPRESENTATION_CONTEXT(2) 
PARAMETRIC_REPRESENTATION_CONTEXT() REPRESENTATION_CONTEXT('2D SPACE',''
  ) );
#8941 = PCURVE('',#2546,#8942);
#8942 = DEFINITIONAL_REPRESENTATION('',(#8943),#8947);
#8943 = LINE('',#8944,#8945);
#8944 = CARTESIAN_POINT('',(0.,-28.));
#8945 = VECTOR('',#8946,1.);
#8946 = DIRECTION('',(1.,0.));
#8947 = ( GEOMETRIC_REPRESENTATION_CONTEXT(2) 
PARAMETRIC_REPRESENTATION_CONTEXT() REPRESENTATION_CONTEXT('2D SPACE',''
  ) );
#8948 = ORIENTED_EDGE('',*,*,#8949,.T.);
#8949 = EDGE_CURVE('',#8927,#8950,#8952,.T.);
#8950 = VERTEX_POINT('',#8951);
#8951 = CARTESIAN_POINT('',(14.,-39.46101504361,60.073654098344));
#8952 = SURFACE_CURVE('',#8953,(#8957,#8964),.PCURVE_S1.);
#8953 = LINE('',#8954,#8955);
#8954 = CARTESIAN_POINT('',(14.,-38.82977303433,60.483587452319));
#8955 = VECTOR('',#8956,1.);
#8956 = DIRECTION('',(0.,-0.838670567945,-0.544639035015));
#8957 = PCURVE('',#72,#8958);
#8958 = DEFINITIONAL_REPRESENTATION('',(#8959),#8963);
#8959 = LINE('',#8960,#8961);
#8960 = CARTESIAN_POINT('',(60.483587452319,38.829773034332));
#8961 = VECTOR('',#8962,1.);
#8962 = DIRECTION('',(-0.544639035015,0.838670567945));
#8963 = ( GEOMETRIC_REPRESENTATION_CONTEXT(2) 
PARAMETRIC_REPRESENTATION_CONTEXT() REPRESENTATION_CONTEXT('2D SPACE',''
  ) );
#8964 = PCURVE('',#2574,#8965);
#8965 = DEFINITIONAL_REPRESENTATION('',(#8966),#8970);
#8966 = LINE('',#8967,#8968);
#8967 = CARTESIAN_POINT('',(0.,-28.));
#8968 = VECTOR('',#8969,1.);
#8969 = DIRECTION('',(1.,0.));
#8970 = ( GEOMETRIC_REPRESENTATION_CONTEXT(2) 
PARAMETRIC_REPRESENTATION_CONTEXT() REPRESENTATION_CONTEXT('2D SPACE',''
  ) );
#8971 = ORIENTED_EDGE('',*,*,#8972,.T.);
#8972 = EDGE_CURVE('',#8950,#8973,#8975,.T.);
#8973 = VERTEX_POINT('',#8974);
#8974 = CARTESIAN_POINT('',(14.,-44.09691924176,63.731559790933));
#8975 = SURFACE_CURVE('',#8976,(#8980,#8987),.PCURVE_S1.);
#8976 = LINE('',#8977,#8978);
#8977 = CARTESIAN_POINT('',(14.,-39.46101504361,60.073654098344));
#8978 = VECTOR('',#8979,1.);
#8979 = DIRECTION('',(0.,-0.785048992705,0.619433676072));
#8980 = PCURVE('',#72,#8981);
#8981 = DEFINITIONAL_REPRESENTATION('',(#8982),#8986);
#8982 = LINE('',#8983,#8984);
#8983 = CARTESIAN_POINT('',(60.073654098345,39.461015043616));
#8984 = VECTOR('',#8985,1.);
#8985 = DIRECTION('',(0.619433676072,0.785048992705));
#8986 = ( GEOMETRIC_REPRESENTATION_CONTEXT(2) 
PARAMETRIC_REPRESENTATION_CONTEXT() REPRESENTATION_CONTEXT('2D SPACE',''
  ) );
#8987 = PCURVE('',#2602,#8988);
#8988 = DEFINITIONAL_REPRESENTATION('',(#8989),#8993);
#8989 = LINE('',#8990,#8991);
#8990 = CARTESIAN_POINT('',(0.,-28.));
#8991 = VECTOR('',#8992,1.);
#8992 = DIRECTION('',(1.,0.));
#8993 = ( GEOMETRIC_REPRESENTATION_CONTEXT(2) 
PARAMETRIC_REPRESENTATION_CONTEXT() REPRESENTATION_CONTEXT('2D SPACE',''
  ) );
#8994 = ORIENTED_EDGE('',*,*,#8995,.T.);
#8995 = EDGE_CURVE('',#8973,#8996,#8998,.T.);
#8996 = VERTEX_POINT('',#8997);
#8997 = CARTESIAN_POINT('',(14.,-46.98561778753,61.632797446843));
#8998 = SURFACE_CURVE('',#8999,(#9003,#9010),.PCURVE_S1.);
#8999 = LINE('',#9000,#9001);
#9000 = CARTESIAN_POINT('',(14.,-44.09691924176,63.731559790933));
#9001 = VECTOR('',#9002,1.);
#9002 = DIRECTION('',(0.,-0.809016994375,-0.587785252292));
#9003 = PCURVE('',#72,#9004);
#9004 = DEFINITIONAL_REPRESENTATION('',(#9005),#9009);
#9005 = LINE('',#9006,#9007);
#9006 = CARTESIAN_POINT('',(63.731559790933,44.096919241765));
#9007 = VECTOR('',#9008,1.);
#9008 = DIRECTION('',(-0.587785252292,0.809016994375));
#9009 = ( GEOMETRIC_REPRESENTATION_CONTEXT(2) 
PARAMETRIC_REPRESENTATION_CONTEXT() REPRESENTATION_CONTEXT('2D SPACE',''
  ) );
#9010 = PCURVE('',#2630,#9011);
#9011 = DEFINITIONAL_REPRESENTATION('',(#9012),#9016);
#9012 = LINE('',#9013,#9014);
#9013 = CARTESIAN_POINT('',(0.,-28.));
#9014 = VECTOR('',#9015,1.);
#9015 = DIRECTION('',(1.,0.));
#9016 = ( GEOMETRIC_REPRESENTATION_CONTEXT(2) 
PARAMETRIC_REPRESENTATION_CONTEXT() REPRESENTATION_CONTEXT('2D SPACE',''
  ) );
#9017 = ORIENTED_EDGE('',*,*,#9018,.T.);
#9018 = EDGE_CURVE('',#8996,#9019,#9021,.T.);
#9019 = VERTEX_POINT('',#9020);
#9020 = CARTESIAN_POINT('',(14.,-44.93931592412,56.093435527442));
#9021 = SURFACE_CURVE('',#9022,(#9026,#9033),.PCURVE_S1.);
#9022 = LINE('',#9023,#9024);
#9023 = CARTESIAN_POINT('',(14.,-46.98561778753,61.632797446843));
#9024 = VECTOR('',#9025,1.);
#9025 = DIRECTION('',(0.,0.346522953878,-0.938041492918));
#9026 = PCURVE('',#72,#9027);
#9027 = DEFINITIONAL_REPRESENTATION('',(#9028),#9032);
#9028 = LINE('',#9029,#9030);
#9029 = CARTESIAN_POINT('',(61.632797446843,46.985617787536));
#9030 = VECTOR('',#9031,1.);
#9031 = DIRECTION('',(-0.938041492918,-0.346522953878));
#9032 = ( GEOMETRIC_REPRESENTATION_CONTEXT(2) 
PARAMETRIC_REPRESENTATION_CONTEXT() REPRESENTATION_CONTEXT('2D SPACE',''
  ) );
#9033 = PCURVE('',#2658,#9034);
#9034 = DEFINITIONAL_REPRESENTATION('',(#9035),#9039);
#9035 = LINE('',#9036,#9037);
#9036 = CARTESIAN_POINT('',(0.,-28.));
#9037 = VECTOR('',#9038,1.);
#9038 = DIRECTION('',(1.,0.));
#9039 = ( GEOMETRIC_REPRESENTATION_CONTEXT(2) 
PARAMETRIC_REPRESENTATION_CONTEXT() REPRESENTATION_CONTEXT('2D SPACE',''
  ) );
#9040 = ORIENTED_EDGE('',*,*,#9041,.T.);
#9041 = EDGE_CURVE('',#9019,#9042,#9044,.T.);
#9042 = VERTEX_POINT('',#9043);
#9043 = CARTESIAN_POINT('',(14.,-45.5242502201,55.619765074093));
#9044 = SURFACE_CURVE('',#9045,(#9049,#9056),.PCURVE_S1.);
#9045 = LINE('',#9046,#9047);
#9046 = CARTESIAN_POINT('',(14.,-44.93931592412,56.093435527442));
#9047 = VECTOR('',#9048,1.);
#9048 = DIRECTION('',(0.,-0.777145961457,-0.62932039105));
#9049 = PCURVE('',#72,#9050);
#9050 = DEFINITIONAL_REPRESENTATION('',(#9051),#9055);
#9051 = LINE('',#9052,#9053);
#9052 = CARTESIAN_POINT('',(56.093435527443,44.939315924129));
#9053 = VECTOR('',#9054,1.);
#9054 = DIRECTION('',(-0.62932039105,0.777145961457));
#9055 = ( GEOMETRIC_REPRESENTATION_CONTEXT(2) 
PARAMETRIC_REPRESENTATION_CONTEXT() REPRESENTATION_CONTEXT('2D SPACE',''
  ) );
#9056 = PCURVE('',#2686,#9057);
#9057 = DEFINITIONAL_REPRESENTATION('',(#9058),#9062);
#9058 = LINE('',#9059,#9060);
#9059 = CARTESIAN_POINT('',(0.,-28.));
#9060 = VECTOR('',#9061,1.);
#9061 = DIRECTION('',(1.,0.));
#9062 = ( GEOMETRIC_REPRESENTATION_CONTEXT(2) 
PARAMETRIC_REPRESENTATION_CONTEXT() REPRESENTATION_CONTEXT('2D SPACE',''
  ) );
#9063 = ORIENTED_EDGE('',*,*,#9064,.T.);
#9064 = EDGE_CURVE('',#9042,#9065,#9067,.T.);
#9065 = VERTEX_POINT('',#9066);
#9066 = CARTESIAN_POINT('',(14.,-50.51711371081,58.773048434876));
#9067 = SURFACE_CURVE('',#9068,(#9072,#9079),.PCURVE_S1.);
#9068 = LINE('',#9069,#9070);
#9069 = CARTESIAN_POINT('',(14.,-45.5242502201,55.619765074093));
#9070 = VECTOR('',#9071,1.);
#9071 = DIRECTION('',(0.,-0.845496862438,0.533980388785));
#9072 = PCURVE('',#72,#9073);
#9073 = DEFINITIONAL_REPRESENTATION('',(#9074),#9078);
#9074 = LINE('',#9075,#9076);
#9075 = CARTESIAN_POINT('',(55.619765074093,45.524250220105));
#9076 = VECTOR('',#9077,1.);
#9077 = DIRECTION('',(0.533980388785,0.845496862438));
#9078 = ( GEOMETRIC_REPRESENTATION_CONTEXT(2) 
PARAMETRIC_REPRESENTATION_CONTEXT() REPRESENTATION_CONTEXT('2D SPACE',''
  ) );
#9079 = PCURVE('',#2714,#9080);
#9080 = DEFINITIONAL_REPRESENTATION('',(#9081),#9085);
#9081 = LINE('',#9082,#9083);
#9082 = CARTESIAN_POINT('',(0.,-28.));
#9083 = VECTOR('',#9084,1.);
#9084 = DIRECTION('',(1.,0.));
#9085 = ( GEOMETRIC_REPRESENTATION_CONTEXT(2) 
PARAMETRIC_REPRESENTATION_CONTEXT() REPRESENTATION_CONTEXT('2D SPACE',''
  ) );
#9086 = ORIENTED_EDGE('',*,*,#9087,.T.);
#9087 = EDGE_CURVE('',#9065,#9088,#9090,.T.);
#9088 = VERTEX_POINT('',#9089);
#9089 = CARTESIAN_POINT('',(14.,-53.17060726111,56.38383211067));
#9090 = SURFACE_CURVE('',#9091,(#9095,#9102),.PCURVE_S1.);
#9091 = LINE('',#9092,#9093);
#9092 = CARTESIAN_POINT('',(14.,-50.51711371081,58.773048434876));
#9093 = VECTOR('',#9094,1.);
#9094 = DIRECTION('',(0.,-0.743144825477,-0.669130606359));
#9095 = PCURVE('',#72,#9096);
#9096 = DEFINITIONAL_REPRESENTATION('',(#9097),#9101);
#9097 = LINE('',#9098,#9099);
#9098 = CARTESIAN_POINT('',(58.773048434876,50.517113710818));
#9099 = VECTOR('',#9100,1.);
#9100 = DIRECTION('',(-0.669130606359,0.743144825477));
#9101 = ( GEOMETRIC_REPRESENTATION_CONTEXT(2) 
PARAMETRIC_REPRESENTATION_CONTEXT() REPRESENTATION_CONTEXT('2D SPACE',''
  ) );
#9102 = PCURVE('',#2742,#9103);
#9103 = DEFINITIONAL_REPRESENTATION('',(#9104),#9108);
#9104 = LINE('',#9105,#9106);
#9105 = CARTESIAN_POINT('',(0.,-28.));
#9106 = VECTOR('',#9107,1.);
#9107 = DIRECTION('',(1.,0.));
#9108 = ( GEOMETRIC_REPRESENTATION_CONTEXT(2) 
PARAMETRIC_REPRESENTATION_CONTEXT() REPRESENTATION_CONTEXT('2D SPACE',''
  ) );
#9109 = ORIENTED_EDGE('',*,*,#9110,.T.);
#9110 = EDGE_CURVE('',#9088,#9111,#9113,.T.);
#9111 = VERTEX_POINT('',#9112);
#9112 = CARTESIAN_POINT('',(14.,-50.5564942645,51.088712184621));
#9113 = SURFACE_CURVE('',#9114,(#9118,#9125),.PCURVE_S1.);
#9114 = LINE('',#9115,#9116);
#9115 = CARTESIAN_POINT('',(14.,-53.17060726111,56.38383211067));
#9116 = VECTOR('',#9117,1.);
#9117 = DIRECTION('',(0.,0.442676700616,-0.896681291615));
#9118 = PCURVE('',#72,#9119);
#9119 = DEFINITIONAL_REPRESENTATION('',(#9120),#9124);
#9120 = LINE('',#9121,#9122);
#9121 = CARTESIAN_POINT('',(56.38383211067,53.170607261115));
#9122 = VECTOR('',#9123,1.);
#9123 = DIRECTION('',(-0.896681291615,-0.442676700616));
#9124 = ( GEOMETRIC_REPRESENTATION_CONTEXT(2) 
PARAMETRIC_REPRESENTATION_CONTEXT() REPRESENTATION_CONTEXT('2D SPACE',''
  ) );
#9125 = PCURVE('',#2770,#9126);
#9126 = DEFINITIONAL_REPRESENTATION('',(#9127),#9131);
#9127 = LINE('',#9128,#9129);
#9128 = CARTESIAN_POINT('',(0.,-28.));
#9129 = VECTOR('',#9130,1.);
#9130 = DIRECTION('',(1.,0.));
#9131 = ( GEOMETRIC_REPRESENTATION_CONTEXT(2) 
PARAMETRIC_REPRESENTATION_CONTEXT() REPRESENTATION_CONTEXT('2D SPACE',''
  ) );
#9132 = ORIENTED_EDGE('',*,*,#9133,.T.);
#9133 = EDGE_CURVE('',#9111,#9134,#9136,.T.);
#9134 = VERTEX_POINT('',#9135);
#9135 = CARTESIAN_POINT('',(14.,-51.08871218462,50.556494264505));
#9136 = SURFACE_CURVE('',#9137,(#9141,#9148),.PCURVE_S1.);
#9137 = LINE('',#9138,#9139);
#9138 = CARTESIAN_POINT('',(14.,-50.5564942645,51.088712184621));
#9139 = VECTOR('',#9140,1.);
#9140 = DIRECTION('',(0.,-0.707106781187,-0.707106781187));
#9141 = PCURVE('',#72,#9142);
#9142 = DEFINITIONAL_REPRESENTATION('',(#9143),#9147);
#9143 = LINE('',#9144,#9145);
#9144 = CARTESIAN_POINT('',(51.088712184621,50.556494264505));
#9145 = VECTOR('',#9146,1.);
#9146 = DIRECTION('',(-0.707106781187,0.707106781187));
#9147 = ( GEOMETRIC_REPRESENTATION_CONTEXT(2) 
PARAMETRIC_REPRESENTATION_CONTEXT() REPRESENTATION_CONTEXT('2D SPACE',''
  ) );
#9148 = PCURVE('',#2798,#9149);
#9149 = DEFINITIONAL_REPRESENTATION('',(#9150),#9154);
#9150 = LINE('',#9151,#9152);
#9151 = CARTESIAN_POINT('',(0.,-28.));
#9152 = VECTOR('',#9153,1.);
#9153 = DIRECTION('',(1.,0.));
#9154 = ( GEOMETRIC_REPRESENTATION_CONTEXT(2) 
PARAMETRIC_REPRESENTATION_CONTEXT() REPRESENTATION_CONTEXT('2D SPACE',''
  ) );
#9155 = ORIENTED_EDGE('',*,*,#9156,.T.);
#9156 = EDGE_CURVE('',#9134,#9157,#9159,.T.);
#9157 = VERTEX_POINT('',#9158);
#9158 = CARTESIAN_POINT('',(14.,-56.38383211067,53.170607261115));
#9159 = SURFACE_CURVE('',#9160,(#9164,#9171),.PCURVE_S1.);
#9160 = LINE('',#9161,#9162);
#9161 = CARTESIAN_POINT('',(14.,-51.08871218462,50.556494264505));
#9162 = VECTOR('',#9163,1.);
#9163 = DIRECTION('',(0.,-0.896681291615,0.442676700616));
#9164 = PCURVE('',#72,#9165);
#9165 = DEFINITIONAL_REPRESENTATION('',(#9166),#9170);
#9166 = LINE('',#9167,#9168);
#9167 = CARTESIAN_POINT('',(50.556494264505,51.088712184621));
#9168 = VECTOR('',#9169,1.);
#9169 = DIRECTION('',(0.442676700616,0.896681291615));
#9170 = ( GEOMETRIC_REPRESENTATION_CONTEXT(2) 
PARAMETRIC_REPRESENTATION_CONTEXT() REPRESENTATION_CONTEXT('2D SPACE',''
  ) );
#9171 = PCURVE('',#2826,#9172);
#9172 = DEFINITIONAL_REPRESENTATION('',(#9173),#9177);
#9173 = LINE('',#9174,#9175);
#9174 = CARTESIAN_POINT('',(0.,-28.));
#9175 = VECTOR('',#9176,1.);
#9176 = DIRECTION('',(1.,0.));
#9177 = ( GEOMETRIC_REPRESENTATION_CONTEXT(2) 
PARAMETRIC_REPRESENTATION_CONTEXT() REPRESENTATION_CONTEXT('2D SPACE',''
  ) );
#9178 = ORIENTED_EDGE('',*,*,#9179,.T.);
#9179 = EDGE_CURVE('',#9157,#9180,#9182,.T.);
#9180 = VERTEX_POINT('',#9181);
#9181 = CARTESIAN_POINT('',(14.,-58.77304843487,50.517113710818));
#9182 = SURFACE_CURVE('',#9183,(#9187,#9194),.PCURVE_S1.);
#9183 = LINE('',#9184,#9185);
#9184 = CARTESIAN_POINT('',(14.,-56.38383211067,53.170607261115));
#9185 = VECTOR('',#9186,1.);
#9186 = DIRECTION('',(0.,-0.669130606359,-0.743144825477));
#9187 = PCURVE('',#72,#9188);
#9188 = DEFINITIONAL_REPRESENTATION('',(#9189),#9193);
#9189 = LINE('',#9190,#9191);
#9190 = CARTESIAN_POINT('',(53.170607261115,56.38383211067));
#9191 = VECTOR('',#9192,1.);
#9192 = DIRECTION('',(-0.743144825477,0.669130606359));
#9193 = ( GEOMETRIC_REPRESENTATION_CONTEXT(2) 
PARAMETRIC_REPRESENTATION_CONTEXT() REPRESENTATION_CONTEXT('2D SPACE',''
  ) );
#9194 = PCURVE('',#2854,#9195);
#9195 = DEFINITIONAL_REPRESENTATION('',(#9196),#9200);
#9196 = LINE('',#9197,#9198);
#9197 = CARTESIAN_POINT('',(0.,-28.));
#9198 = VECTOR('',#9199,1.);
#9199 = DIRECTION('',(1.,0.));
#9200 = ( GEOMETRIC_REPRESENTATION_CONTEXT(2) 
PARAMETRIC_REPRESENTATION_CONTEXT() REPRESENTATION_CONTEXT('2D SPACE',''
  ) );
#9201 = ORIENTED_EDGE('',*,*,#9202,.T.);
#9202 = EDGE_CURVE('',#9180,#9203,#9205,.T.);
#9203 = VERTEX_POINT('',#9204);
#9204 = CARTESIAN_POINT('',(14.,-55.61976507409,45.524250220105));
#9205 = SURFACE_CURVE('',#9206,(#9210,#9217),.PCURVE_S1.);
#9206 = LINE('',#9207,#9208);
#9207 = CARTESIAN_POINT('',(14.,-58.77304843487,50.517113710818));
#9208 = VECTOR('',#9209,1.);
#9209 = DIRECTION('',(0.,0.533980388785,-0.845496862438));
#9210 = PCURVE('',#72,#9211);
#9211 = DEFINITIONAL_REPRESENTATION('',(#9212),#9216);
#9212 = LINE('',#9213,#9214);
#9213 = CARTESIAN_POINT('',(50.517113710818,58.773048434876));
#9214 = VECTOR('',#9215,1.);
#9215 = DIRECTION('',(-0.845496862438,-0.533980388785));
#9216 = ( GEOMETRIC_REPRESENTATION_CONTEXT(2) 
PARAMETRIC_REPRESENTATION_CONTEXT() REPRESENTATION_CONTEXT('2D SPACE',''
  ) );
#9217 = PCURVE('',#2882,#9218);
#9218 = DEFINITIONAL_REPRESENTATION('',(#9219),#9223);
#9219 = LINE('',#9220,#9221);
#9220 = CARTESIAN_POINT('',(0.,-28.));
#9221 = VECTOR('',#9222,1.);
#9222 = DIRECTION('',(1.,0.));
#9223 = ( GEOMETRIC_REPRESENTATION_CONTEXT(2) 
PARAMETRIC_REPRESENTATION_CONTEXT() REPRESENTATION_CONTEXT('2D SPACE',''
  ) );
#9224 = ORIENTED_EDGE('',*,*,#9225,.T.);
#9225 = EDGE_CURVE('',#9203,#9226,#9228,.T.);
#9226 = VERTEX_POINT('',#9227);
#9227 = CARTESIAN_POINT('',(14.,-56.09343552744,44.939315924129));
#9228 = SURFACE_CURVE('',#9229,(#9233,#9240),.PCURVE_S1.);
#9229 = LINE('',#9230,#9231);
#9230 = CARTESIAN_POINT('',(14.,-55.61976507409,45.524250220105));
#9231 = VECTOR('',#9232,1.);
#9232 = DIRECTION('',(0.,-0.62932039105,-0.777145961457));
#9233 = PCURVE('',#72,#9234);
#9234 = DEFINITIONAL_REPRESENTATION('',(#9235),#9239);
#9235 = LINE('',#9236,#9237);
#9236 = CARTESIAN_POINT('',(45.524250220105,55.619765074093));
#9237 = VECTOR('',#9238,1.);
#9238 = DIRECTION('',(-0.777145961457,0.62932039105));
#9239 = ( GEOMETRIC_REPRESENTATION_CONTEXT(2) 
PARAMETRIC_REPRESENTATION_CONTEXT() REPRESENTATION_CONTEXT('2D SPACE',''
  ) );
#9240 = PCURVE('',#2910,#9241);
#9241 = DEFINITIONAL_REPRESENTATION('',(#9242),#9246);
#9242 = LINE('',#9243,#9244);
#9243 = CARTESIAN_POINT('',(0.,-28.));
#9244 = VECTOR('',#9245,1.);
#9245 = DIRECTION('',(1.,0.));
#9246 = ( GEOMETRIC_REPRESENTATION_CONTEXT(2) 
PARAMETRIC_REPRESENTATION_CONTEXT() REPRESENTATION_CONTEXT('2D SPACE',''
  ) );
#9247 = ORIENTED_EDGE('',*,*,#9248,.T.);
#9248 = EDGE_CURVE('',#9226,#9249,#9251,.T.);
#9249 = VERTEX_POINT('',#9250);
#9250 = CARTESIAN_POINT('',(14.,-61.63279744684,46.985617787536));
#9251 = SURFACE_CURVE('',#9252,(#9256,#9263),.PCURVE_S1.);
#9252 = LINE('',#9253,#9254);
#9253 = CARTESIAN_POINT('',(14.,-56.09343552744,44.939315924129));
#9254 = VECTOR('',#9255,1.);
#9255 = DIRECTION('',(0.,-0.938041492918,0.346522953878));
#9256 = PCURVE('',#72,#9257);
#9257 = DEFINITIONAL_REPRESENTATION('',(#9258),#9262);
#9258 = LINE('',#9259,#9260);
#9259 = CARTESIAN_POINT('',(44.939315924129,56.093435527442));
#9260 = VECTOR('',#9261,1.);
#9261 = DIRECTION('',(0.346522953878,0.938041492918));
#9262 = ( GEOMETRIC_REPRESENTATION_CONTEXT(2) 
PARAMETRIC_REPRESENTATION_CONTEXT() REPRESENTATION_CONTEXT('2D SPACE',''
  ) );
#9263 = PCURVE('',#2938,#9264);
#9264 = DEFINITIONAL_REPRESENTATION('',(#9265),#9269);
#9265 = LINE('',#9266,#9267);
#9266 = CARTESIAN_POINT('',(0.,-28.));
#9267 = VECTOR('',#9268,1.);
#9268 = DIRECTION('',(1.,0.));
#9269 = ( GEOMETRIC_REPRESENTATION_CONTEXT(2) 
PARAMETRIC_REPRESENTATION_CONTEXT() REPRESENTATION_CONTEXT('2D SPACE',''
  ) );
#9270 = ORIENTED_EDGE('',*,*,#9271,.T.);
#9271 = EDGE_CURVE('',#9249,#9272,#9274,.T.);
#9272 = VERTEX_POINT('',#9273);
#9273 = CARTESIAN_POINT('',(14.,-63.73155979093,44.096919241764));
#9274 = SURFACE_CURVE('',#9275,(#9279,#9286),.PCURVE_S1.);
#9275 = LINE('',#9276,#9277);
#9276 = CARTESIAN_POINT('',(14.,-61.63279744684,46.985617787536));
#9277 = VECTOR('',#9278,1.);
#9278 = DIRECTION('',(0.,-0.587785252292,-0.809016994375));
#9279 = PCURVE('',#72,#9280);
#9280 = DEFINITIONAL_REPRESENTATION('',(#9281),#9285);
#9281 = LINE('',#9282,#9283);
#9282 = CARTESIAN_POINT('',(46.985617787537,61.632797446843));
#9283 = VECTOR('',#9284,1.);
#9284 = DIRECTION('',(-0.809016994375,0.587785252292));
#9285 = ( GEOMETRIC_REPRESENTATION_CONTEXT(2) 
PARAMETRIC_REPRESENTATION_CONTEXT() REPRESENTATION_CONTEXT('2D SPACE',''
  ) );
#9286 = PCURVE('',#2966,#9287);
#9287 = DEFINITIONAL_REPRESENTATION('',(#9288),#9292);
#9288 = LINE('',#9289,#9290);
#9289 = CARTESIAN_POINT('',(0.,-28.));
#9290 = VECTOR('',#9291,1.);
#9291 = DIRECTION('',(1.,0.));
#9292 = ( GEOMETRIC_REPRESENTATION_CONTEXT(2) 
PARAMETRIC_REPRESENTATION_CONTEXT() REPRESENTATION_CONTEXT('2D SPACE',''
  ) );
#9293 = ORIENTED_EDGE('',*,*,#9294,.T.);
#9294 = EDGE_CURVE('',#9272,#9295,#9297,.T.);
#9295 = VERTEX_POINT('',#9296);
#9296 = CARTESIAN_POINT('',(14.,-60.07365409834,39.461015043616));
#9297 = SURFACE_CURVE('',#9298,(#9302,#9309),.PCURVE_S1.);
#9298 = LINE('',#9299,#9300);
#9299 = CARTESIAN_POINT('',(14.,-63.73155979093,44.096919241764));
#9300 = VECTOR('',#9301,1.);
#9301 = DIRECTION('',(0.,0.619433676072,-0.785048992705));
#9302 = PCURVE('',#72,#9303);
#9303 = DEFINITIONAL_REPRESENTATION('',(#9304),#9308);
#9304 = LINE('',#9305,#9306);
#9305 = CARTESIAN_POINT('',(44.096919241765,63.731559790933));
#9306 = VECTOR('',#9307,1.);
#9307 = DIRECTION('',(-0.785048992705,-0.619433676072));
#9308 = ( GEOMETRIC_REPRESENTATION_CONTEXT(2) 
PARAMETRIC_REPRESENTATION_CONTEXT() REPRESENTATION_CONTEXT('2D SPACE',''
  ) );
#9309 = PCURVE('',#2994,#9310);
#9310 = DEFINITIONAL_REPRESENTATION('',(#9311),#9315);
#9311 = LINE('',#9312,#9313);
#9312 = CARTESIAN_POINT('',(0.,-28.));
#9313 = VECTOR('',#9314,1.);
#9314 = DIRECTION('',(1.,0.));
#9315 = ( GEOMETRIC_REPRESENTATION_CONTEXT(2) 
PARAMETRIC_REPRESENTATION_CONTEXT() REPRESENTATION_CONTEXT('2D SPACE',''
  ) );
#9316 = ORIENTED_EDGE('',*,*,#9317,.T.);
#9317 = EDGE_CURVE('',#9295,#9318,#9320,.T.);
#9318 = VERTEX_POINT('',#9319);
#9319 = CARTESIAN_POINT('',(14.,-60.48358745231,38.829773034331));
#9320 = SURFACE_CURVE('',#9321,(#9325,#9332),.PCURVE_S1.);
#9321 = LINE('',#9322,#9323);
#9322 = CARTESIAN_POINT('',(14.,-60.07365409834,39.461015043616));
#9323 = VECTOR('',#9324,1.);
#9324 = DIRECTION('',(0.,-0.544639035015,-0.838670567945));
#9325 = PCURVE('',#72,#9326);
#9326 = DEFINITIONAL_REPRESENTATION('',(#9327),#9331);
#9327 = LINE('',#9328,#9329);
#9328 = CARTESIAN_POINT('',(39.461015043616,60.073654098344));
#9329 = VECTOR('',#9330,1.);
#9330 = DIRECTION('',(-0.838670567945,0.544639035015));
#9331 = ( GEOMETRIC_REPRESENTATION_CONTEXT(2) 
PARAMETRIC_REPRESENTATION_CONTEXT() REPRESENTATION_CONTEXT('2D SPACE',''
  ) );
#9332 = PCURVE('',#3022,#9333);
#9333 = DEFINITIONAL_REPRESENTATION('',(#9334),#9338);
#9334 = LINE('',#9335,#9336);
#9335 = CARTESIAN_POINT('',(0.,-28.));
#9336 = VECTOR('',#9337,1.);
#9337 = DIRECTION('',(1.,0.));
#9338 = ( GEOMETRIC_REPRESENTATION_CONTEXT(2) 
PARAMETRIC_REPRESENTATION_CONTEXT() REPRESENTATION_CONTEXT('2D SPACE',''
  ) );
#9339 = ORIENTED_EDGE('',*,*,#9340,.T.);
#9340 = EDGE_CURVE('',#9318,#9341,#9343,.T.);
#9341 = VERTEX_POINT('',#9342);
#9342 = CARTESIAN_POINT('',(14.,-66.20650095669,40.285844053105));
#9343 = SURFACE_CURVE('',#9344,(#9348,#9355),.PCURVE_S1.);
#9344 = LINE('',#9345,#9346);
#9345 = CARTESIAN_POINT('',(14.,-60.48358745231,38.829773034331));
#9346 = VECTOR('',#9347,1.);
#9347 = DIRECTION('',(0.,-0.969124315327,0.246572629144));
#9348 = PCURVE('',#72,#9349);
#9349 = DEFINITIONAL_REPRESENTATION('',(#9350),#9354);
#9350 = LINE('',#9351,#9352);
#9351 = CARTESIAN_POINT('',(38.829773034332,60.483587452319));
#9352 = VECTOR('',#9353,1.);
#9353 = DIRECTION('',(0.246572629144,0.969124315327));
#9354 = ( GEOMETRIC_REPRESENTATION_CONTEXT(2) 
PARAMETRIC_REPRESENTATION_CONTEXT() REPRESENTATION_CONTEXT('2D SPACE',''
  ) );
#9355 = PCURVE('',#3050,#9356);
#9356 = DEFINITIONAL_REPRESENTATION('',(#9357),#9361);
#9357 = LINE('',#9358,#9359);
#9358 = CARTESIAN_POINT('',(0.,-28.));
#9359 = VECTOR('',#9360,1.);
#9360 = DIRECTION('',(1.,0.));
#9361 = ( GEOMETRIC_REPRESENTATION_CONTEXT(2) 
PARAMETRIC_REPRESENTATION_CONTEXT() REPRESENTATION_CONTEXT('2D SPACE',''
  ) );
#9362 = ORIENTED_EDGE('',*,*,#9363,.T.);
#9363 = EDGE_CURVE('',#9341,#9364,#9366,.T.);
#9364 = VERTEX_POINT('',#9365);
#9365 = CARTESIAN_POINT('',(14.,-67.99181484123,37.193589697624));
#9366 = SURFACE_CURVE('',#9367,(#9371,#9378),.PCURVE_S1.);
#9367 = LINE('',#9368,#9369);
#9368 = CARTESIAN_POINT('',(14.,-66.20650095669,40.285844053105));
#9369 = VECTOR('',#9370,1.);
#9370 = DIRECTION('',(0.,-0.5,-0.866025403784));
#9371 = PCURVE('',#72,#9372);
#9372 = DEFINITIONAL_REPRESENTATION('',(#9373),#9377);
#9373 = LINE('',#9374,#9375);
#9374 = CARTESIAN_POINT('',(40.285844053105,66.206500956695));
#9375 = VECTOR('',#9376,1.);
#9376 = DIRECTION('',(-0.866025403784,0.5));
#9377 = ( GEOMETRIC_REPRESENTATION_CONTEXT(2) 
PARAMETRIC_REPRESENTATION_CONTEXT() REPRESENTATION_CONTEXT('2D SPACE',''
  ) );
#9378 = PCURVE('',#3078,#9379);
#9379 = DEFINITIONAL_REPRESENTATION('',(#9380),#9384);
#9380 = LINE('',#9381,#9382);
#9381 = CARTESIAN_POINT('',(0.,-28.));
#9382 = VECTOR('',#9383,1.);
#9383 = DIRECTION('',(1.,0.));
#9384 = ( GEOMETRIC_REPRESENTATION_CONTEXT(2) 
PARAMETRIC_REPRESENTATION_CONTEXT() REPRESENTATION_CONTEXT('2D SPACE',''
  ) );
#9385 = ORIENTED_EDGE('',*,*,#9386,.T.);
#9386 = EDGE_CURVE('',#9364,#9387,#9389,.T.);
#9387 = VERTEX_POINT('',#9388);
#9388 = CARTESIAN_POINT('',(14.,-63.86936359707,32.96543672856));
#9389 = SURFACE_CURVE('',#9390,(#9394,#9401),.PCURVE_S1.);
#9390 = LINE('',#9391,#9392);
#9391 = CARTESIAN_POINT('',(14.,-67.99181484123,37.193589697624));
#9392 = VECTOR('',#9393,1.);
#9393 = DIRECTION('',(0.,0.69810031838,-0.715999961926));
#9394 = PCURVE('',#72,#9395);
#9395 = DEFINITIONAL_REPRESENTATION('',(#9396),#9400);
#9396 = LINE('',#9397,#9398);
#9397 = CARTESIAN_POINT('',(37.193589697625,67.991814841235));
#9398 = VECTOR('',#9399,1.);
#9399 = DIRECTION('',(-0.715999961926,-0.69810031838));
#9400 = ( GEOMETRIC_REPRESENTATION_CONTEXT(2) 
PARAMETRIC_REPRESENTATION_CONTEXT() REPRESENTATION_CONTEXT('2D SPACE',''
  ) );
#9401 = PCURVE('',#3106,#9402);
#9402 = DEFINITIONAL_REPRESENTATION('',(#9403),#9407);
#9403 = LINE('',#9404,#9405);
#9404 = CARTESIAN_POINT('',(0.,-28.));
#9405 = VECTOR('',#9406,1.);
#9406 = DIRECTION('',(1.,0.));
#9407 = ( GEOMETRIC_REPRESENTATION_CONTEXT(2) 
PARAMETRIC_REPRESENTATION_CONTEXT() REPRESENTATION_CONTEXT('2D SPACE',''
  ) );
#9408 = ORIENTED_EDGE('',*,*,#9409,.T.);
#9409 = EDGE_CURVE('',#9387,#9410,#9412,.T.);
#9410 = VERTEX_POINT('',#9411);
#9411 = CARTESIAN_POINT('',(14.,-64.21106853606,32.294803025518));
#9412 = SURFACE_CURVE('',#9413,(#9417,#9424),.PCURVE_S1.);
#9413 = LINE('',#9414,#9415);
#9414 = CARTESIAN_POINT('',(14.,-63.86936359707,32.96543672856));
#9415 = VECTOR('',#9416,1.);
#9416 = DIRECTION('',(0.,-0.45399049974,-0.891006524188));
#9417 = PCURVE('',#72,#9418);
#9418 = DEFINITIONAL_REPRESENTATION('',(#9419),#9423);
#9419 = LINE('',#9420,#9421);
#9420 = CARTESIAN_POINT('',(32.96543672856,63.869363597074));
#9421 = VECTOR('',#9422,1.);
#9422 = DIRECTION('',(-0.891006524188,0.45399049974));
#9423 = ( GEOMETRIC_REPRESENTATION_CONTEXT(2) 
PARAMETRIC_REPRESENTATION_CONTEXT() REPRESENTATION_CONTEXT('2D SPACE',''
  ) );
#9424 = PCURVE('',#3134,#9425);
#9425 = DEFINITIONAL_REPRESENTATION('',(#9426),#9430);
#9426 = LINE('',#9427,#9428);
#9427 = CARTESIAN_POINT('',(0.,-28.));
#9428 = VECTOR('',#9429,1.);
#9429 = DIRECTION('',(1.,0.));
#9430 = ( GEOMETRIC_REPRESENTATION_CONTEXT(2) 
PARAMETRIC_REPRESENTATION_CONTEXT() REPRESENTATION_CONTEXT('2D SPACE',''
  ) );
#9431 = ORIENTED_EDGE('',*,*,#9432,.T.);
#9432 = EDGE_CURVE('',#9410,#9433,#9435,.T.);
#9433 = VERTEX_POINT('',#9434);
#9434 = CARTESIAN_POINT('',(14.,-70.05483218746,33.144690180873));
#9435 = SURFACE_CURVE('',#9436,(#9440,#9447),.PCURVE_S1.);
#9436 = LINE('',#9437,#9438);
#9437 = CARTESIAN_POINT('',(14.,-64.21106853606,32.294803025518));
#9438 = VECTOR('',#9439,1.);
#9439 = DIRECTION('',(0.,-0.989589208934,0.143920803085));
#9440 = PCURVE('',#72,#9441);
#9441 = DEFINITIONAL_REPRESENTATION('',(#9442),#9446);
#9442 = LINE('',#9443,#9444);
#9443 = CARTESIAN_POINT('',(32.294803025518,64.211068536063));
#9444 = VECTOR('',#9445,1.);
#9445 = DIRECTION('',(0.143920803085,0.989589208934));
#9446 = ( GEOMETRIC_REPRESENTATION_CONTEXT(2) 
PARAMETRIC_REPRESENTATION_CONTEXT() REPRESENTATION_CONTEXT('2D SPACE',''
  ) );
#9447 = PCURVE('',#3162,#9448);
#9448 = DEFINITIONAL_REPRESENTATION('',(#9449),#9453);
#9449 = LINE('',#9450,#9451);
#9450 = CARTESIAN_POINT('',(0.,-28.));
#9451 = VECTOR('',#9452,1.);
#9452 = DIRECTION('',(1.,0.));
#9453 = ( GEOMETRIC_REPRESENTATION_CONTEXT(2) 
PARAMETRIC_REPRESENTATION_CONTEXT() REPRESENTATION_CONTEXT('2D SPACE',''
  ) );
#9454 = ORIENTED_EDGE('',*,*,#9455,.T.);
#9455 = EDGE_CURVE('',#9433,#9456,#9458,.T.);
#9456 = VERTEX_POINT('',#9457);
#9457 = CARTESIAN_POINT('',(14.,-71.50713733993,29.882759401498));
#9458 = SURFACE_CURVE('',#9459,(#9463,#9470),.PCURVE_S1.);
#9459 = LINE('',#9460,#9461);
#9460 = CARTESIAN_POINT('',(14.,-70.05483218746,33.144690180873));
#9461 = VECTOR('',#9462,1.);
#9462 = DIRECTION('',(0.,-0.406736643076,-0.913545457643));
#9463 = PCURVE('',#72,#9464);
#9464 = DEFINITIONAL_REPRESENTATION('',(#9465),#9469);
#9465 = LINE('',#9466,#9467);
#9466 = CARTESIAN_POINT('',(33.144690180873,70.054832187466));
#9467 = VECTOR('',#9468,1.);
#9468 = DIRECTION('',(-0.913545457643,0.406736643076));
#9469 = ( GEOMETRIC_REPRESENTATION_CONTEXT(2) 
PARAMETRIC_REPRESENTATION_CONTEXT() REPRESENTATION_CONTEXT('2D SPACE',''
  ) );
#9470 = PCURVE('',#3190,#9471);
#9471 = DEFINITIONAL_REPRESENTATION('',(#9472),#9476);
#9472 = LINE('',#9473,#9474);
#9473 = CARTESIAN_POINT('',(0.,-28.));
#9474 = VECTOR('',#9475,1.);
#9475 = DIRECTION('',(1.,0.));
#9476 = ( GEOMETRIC_REPRESENTATION_CONTEXT(2) 
PARAMETRIC_REPRESENTATION_CONTEXT() REPRESENTATION_CONTEXT('2D SPACE',''
  ) );
#9477 = ORIENTED_EDGE('',*,*,#9478,.T.);
#9478 = EDGE_CURVE('',#9456,#9479,#9481,.T.);
#9479 = VERTEX_POINT('',#9480);
#9480 = CARTESIAN_POINT('',(14.,-66.96530698271,26.108682190245));
#9481 = SURFACE_CURVE('',#9482,(#9486,#9493),.PCURVE_S1.);
#9482 = LINE('',#9483,#9484);
#9483 = CARTESIAN_POINT('',(14.,-71.50713733993,29.882759401498));
#9484 = VECTOR('',#9485,1.);
#9485 = DIRECTION('',(0.,0.769118427512,-0.639106285732));
#9486 = PCURVE('',#72,#9487);
#9487 = DEFINITIONAL_REPRESENTATION('',(#9488),#9492);
#9488 = LINE('',#9489,#9490);
#9489 = CARTESIAN_POINT('',(29.882759401498,71.507137339934));
#9490 = VECTOR('',#9491,1.);
#9491 = DIRECTION('',(-0.639106285732,-0.769118427512));
#9492 = ( GEOMETRIC_REPRESENTATION_CONTEXT(2) 
PARAMETRIC_REPRESENTATION_CONTEXT() REPRESENTATION_CONTEXT('2D SPACE',''
  ) );
#9493 = PCURVE('',#3218,#9494);
#9494 = DEFINITIONAL_REPRESENTATION('',(#9495),#9499);
#9495 = LINE('',#9496,#9497);
#9496 = CARTESIAN_POINT('',(0.,-28.));
#9497 = VECTOR('',#9498,1.);
#9498 = DIRECTION('',(1.,0.));
#9499 = ( GEOMETRIC_REPRESENTATION_CONTEXT(2) 
PARAMETRIC_REPRESENTATION_CONTEXT() REPRESENTATION_CONTEXT('2D SPACE',''
  ) );
#9500 = ORIENTED_EDGE('',*,*,#9501,.T.);
#9501 = EDGE_CURVE('',#9479,#9502,#9504,.T.);
#9502 = VERTEX_POINT('',#9503);
#9503 = CARTESIAN_POINT('',(14.,-67.23503971589,25.406004396634));
#9504 = SURFACE_CURVE('',#9505,(#9509,#9516),.PCURVE_S1.);
#9505 = LINE('',#9506,#9507);
#9506 = CARTESIAN_POINT('',(14.,-66.96530698271,26.108682190245));
#9507 = VECTOR('',#9508,1.);
#9508 = DIRECTION('',(0.,-0.358367949545,-0.933580426497));
#9509 = PCURVE('',#72,#9510);
#9510 = DEFINITIONAL_REPRESENTATION('',(#9511),#9515);
#9511 = LINE('',#9512,#9513);
#9512 = CARTESIAN_POINT('',(26.108682190245,66.965306982711));
#9513 = VECTOR('',#9514,1.);
#9514 = DIRECTION('',(-0.933580426497,0.358367949545));
#9515 = ( GEOMETRIC_REPRESENTATION_CONTEXT(2) 
PARAMETRIC_REPRESENTATION_CONTEXT() REPRESENTATION_CONTEXT('2D SPACE',''
  ) );
#9516 = PCURVE('',#3246,#9517);
#9517 = DEFINITIONAL_REPRESENTATION('',(#9518),#9522);
#9518 = LINE('',#9519,#9520);
#9519 = CARTESIAN_POINT('',(0.,-28.));
#9520 = VECTOR('',#9521,1.);
#9521 = DIRECTION('',(1.,0.));
#9522 = ( GEOMETRIC_REPRESENTATION_CONTEXT(2) 
PARAMETRIC_REPRESENTATION_CONTEXT() REPRESENTATION_CONTEXT('2D SPACE',''
  ) );
#9523 = ORIENTED_EDGE('',*,*,#9524,.T.);
#9524 = EDGE_CURVE('',#9502,#9525,#9527,.T.);
#9525 = VERTEX_POINT('',#9526);
#9526 = CARTESIAN_POINT('',(14.,-73.13562801687,25.640396147047));
#9527 = SURFACE_CURVE('',#9528,(#9532,#9539),.PCURVE_S1.);
#9528 = LINE('',#9529,#9530);
#9529 = CARTESIAN_POINT('',(14.,-67.23503971589,25.406004396634));
#9530 = VECTOR('',#9531,1.);
#9531 = DIRECTION('',(0.,-0.999211956084,3.969215059132E-02));
#9532 = PCURVE('',#72,#9533);
#9533 = DEFINITIONAL_REPRESENTATION('',(#9534),#9538);
#9534 = LINE('',#9535,#9536);
#9535 = CARTESIAN_POINT('',(25.406004396634,67.235039715897));
#9536 = VECTOR('',#9537,1.);
#9537 = DIRECTION('',(3.969215059132E-02,0.999211956084));
#9538 = ( GEOMETRIC_REPRESENTATION_CONTEXT(2) 
PARAMETRIC_REPRESENTATION_CONTEXT() REPRESENTATION_CONTEXT('2D SPACE',''
  ) );
#9539 = PCURVE('',#3274,#9540);
#9540 = DEFINITIONAL_REPRESENTATION('',(#9541),#9545);
#9541 = LINE('',#9542,#9543);
#9542 = CARTESIAN_POINT('',(0.,-28.));
#9543 = VECTOR('',#9544,1.);
#9544 = DIRECTION('',(1.,0.));
#9545 = ( GEOMETRIC_REPRESENTATION_CONTEXT(2) 
PARAMETRIC_REPRESENTATION_CONTEXT() REPRESENTATION_CONTEXT('2D SPACE',''
  ) );
#9546 = ORIENTED_EDGE('',*,*,#9547,.T.);
#9547 = EDGE_CURVE('',#9525,#9548,#9550,.T.);
#9548 = VERTEX_POINT('',#9549);
#9549 = CARTESIAN_POINT('',(14.,-74.2390126781,22.24452734));
#9550 = SURFACE_CURVE('',#9551,(#9555,#9562),.PCURVE_S1.);
#9551 = LINE('',#9552,#9553);
#9552 = CARTESIAN_POINT('',(14.,-73.13562801687,25.640396147047));
#9553 = VECTOR('',#9554,1.);
#9554 = DIRECTION('',(0.,-0.309016994375,-0.951056516295));
#9555 = PCURVE('',#72,#9556);
#9556 = DEFINITIONAL_REPRESENTATION('',(#9557),#9561);
#9557 = LINE('',#9558,#9559);
#9558 = CARTESIAN_POINT('',(25.640396147047,73.135628016874));
#9559 = VECTOR('',#9560,1.);
#9560 = DIRECTION('',(-0.951056516295,0.309016994375));
#9561 = ( GEOMETRIC_REPRESENTATION_CONTEXT(2) 
PARAMETRIC_REPRESENTATION_CONTEXT() REPRESENTATION_CONTEXT('2D SPACE',''
  ) );
#9562 = PCURVE('',#3302,#9563);
#9563 = DEFINITIONAL_REPRESENTATION('',(#9564),#9568);
#9564 = LINE('',#9565,#9566);
#9565 = CARTESIAN_POINT('',(0.,-28.));
#9566 = VECTOR('',#9567,1.);
#9567 = DIRECTION('',(1.,0.));
#9568 = ( GEOMETRIC_REPRESENTATION_CONTEXT(2) 
PARAMETRIC_REPRESENTATION_CONTEXT() REPRESENTATION_CONTEXT('2D SPACE',''
  ) );
#9569 = ORIENTED_EDGE('',*,*,#9570,.T.);
#9570 = EDGE_CURVE('',#9548,#9571,#9573,.T.);
#9571 = VERTEX_POINT('',#9572);
#9572 = CARTESIAN_POINT('',(14.,-69.32756445165,18.965875466261));
#9573 = SURFACE_CURVE('',#9574,(#9578,#9585),.PCURVE_S1.);
#9574 = LINE('',#9575,#9576);
#9575 = CARTESIAN_POINT('',(14.,-74.2390126781,22.24452734));
#9576 = VECTOR('',#9577,1.);
#9577 = DIRECTION('',(0.,0.831709914204,-0.555210427329));
#9578 = PCURVE('',#72,#9579);
#9579 = DEFINITIONAL_REPRESENTATION('',(#9580),#9584);
#9580 = LINE('',#9581,#9582);
#9581 = CARTESIAN_POINT('',(22.24452734,74.239012678106));
#9582 = VECTOR('',#9583,1.);
#9583 = DIRECTION('',(-0.555210427329,-0.831709914204));
#9584 = ( GEOMETRIC_REPRESENTATION_CONTEXT(2) 
PARAMETRIC_REPRESENTATION_CONTEXT() REPRESENTATION_CONTEXT('2D SPACE',''
  ) );
#9585 = PCURVE('',#3330,#9586);
#9586 = DEFINITIONAL_REPRESENTATION('',(#9587),#9591);
#9587 = LINE('',#9588,#9589);
#9588 = CARTESIAN_POINT('',(0.,-28.));
#9589 = VECTOR('',#9590,1.);
#9590 = DIRECTION('',(1.,0.));
#9591 = ( GEOMETRIC_REPRESENTATION_CONTEXT(2) 
PARAMETRIC_REPRESENTATION_CONTEXT() REPRESENTATION_CONTEXT('2D SPACE',''
  ) );
#9592 = ORIENTED_EDGE('',*,*,#9593,.T.);
#9593 = EDGE_CURVE('',#9571,#9594,#9596,.T.);
#9594 = VERTEX_POINT('',#9595);
#9595 = CARTESIAN_POINT('',(14.,-69.52236973076,18.238852267033));
#9596 = SURFACE_CURVE('',#9597,(#9601,#9608),.PCURVE_S1.);
#9597 = LINE('',#9598,#9599);
#9598 = CARTESIAN_POINT('',(14.,-69.32756445165,18.965875466261));
#9599 = VECTOR('',#9600,1.);
#9600 = DIRECTION('',(0.,-0.258819045103,-0.965925826289));
#9601 = PCURVE('',#72,#9602);
#9602 = DEFINITIONAL_REPRESENTATION('',(#9603),#9607);
#9603 = LINE('',#9604,#9605);
#9604 = CARTESIAN_POINT('',(18.965875466261,69.327564451654));
#9605 = VECTOR('',#9606,1.);
#9606 = DIRECTION('',(-0.965925826289,0.258819045103));
#9607 = ( GEOMETRIC_REPRESENTATION_CONTEXT(2) 
PARAMETRIC_REPRESENTATION_CONTEXT() REPRESENTATION_CONTEXT('2D SPACE',''
  ) );
#9608 = PCURVE('',#3358,#9609);
#9609 = DEFINITIONAL_REPRESENTATION('',(#9610),#9614);
#9610 = LINE('',#9611,#9612);
#9611 = CARTESIAN_POINT('',(0.,-28.));
#9612 = VECTOR('',#9613,1.);
#9613 = DIRECTION('',(1.,0.));
#9614 = ( GEOMETRIC_REPRESENTATION_CONTEXT(2) 
PARAMETRIC_REPRESENTATION_CONTEXT() REPRESENTATION_CONTEXT('2D SPACE',''
  ) );
#9615 = ORIENTED_EDGE('',*,*,#9616,.T.);
#9616 = EDGE_CURVE('',#9594,#9617,#9619,.T.);
#9617 = VERTEX_POINT('',#9618);
#9618 = CARTESIAN_POINT('',(14.,-75.41513460111,17.855180567436));
#9619 = SURFACE_CURVE('',#9620,(#9624,#9631),.PCURVE_S1.);
#9620 = LINE('',#9621,#9622);
#9621 = CARTESIAN_POINT('',(14.,-69.52236973076,18.238852267033));
#9622 = VECTOR('',#9623,1.);
#9623 = DIRECTION('',(0.,-0.997887127945,-6.497137741081E-02));
#9624 = PCURVE('',#72,#9625);
#9625 = DEFINITIONAL_REPRESENTATION('',(#9626),#9630);
#9626 = LINE('',#9627,#9628);
#9627 = CARTESIAN_POINT('',(18.238852267033,69.522369730766));
#9628 = VECTOR('',#9629,1.);
#9629 = DIRECTION('',(-6.497137741081E-02,0.997887127945));
#9630 = ( GEOMETRIC_REPRESENTATION_CONTEXT(2) 
PARAMETRIC_REPRESENTATION_CONTEXT() REPRESENTATION_CONTEXT('2D SPACE',''
  ) );
#9631 = PCURVE('',#3386,#9632);
#9632 = DEFINITIONAL_REPRESENTATION('',(#9633),#9637);
#9633 = LINE('',#9634,#9635);
#9634 = CARTESIAN_POINT('',(0.,-28.));
#9635 = VECTOR('',#9636,1.);
#9636 = DIRECTION('',(1.,0.));
#9637 = ( GEOMETRIC_REPRESENTATION_CONTEXT(2) 
PARAMETRIC_REPRESENTATION_CONTEXT() REPRESENTATION_CONTEXT('2D SPACE',''
  ) );
#9638 = ORIENTED_EDGE('',*,*,#9639,.T.);
#9639 = EDGE_CURVE('',#9617,#9640,#9642,.T.);
#9640 = VERTEX_POINT('',#9641);
#9641 = CARTESIAN_POINT('',(14.,-76.15750985786,14.362579581998));
#9642 = SURFACE_CURVE('',#9643,(#9647,#9654),.PCURVE_S1.);
#9643 = LINE('',#9644,#9645);
#9644 = CARTESIAN_POINT('',(14.,-75.41513460111,17.855180567436));
#9645 = VECTOR('',#9646,1.);
#9646 = DIRECTION('',(0.,-0.207911690818,-0.978147600734));
#9647 = PCURVE('',#72,#9648);
#9648 = DEFINITIONAL_REPRESENTATION('',(#9649),#9653);
#9649 = LINE('',#9650,#9651);
#9650 = CARTESIAN_POINT('',(17.855180567436,75.415134601115));
#9651 = VECTOR('',#9652,1.);
#9652 = DIRECTION('',(-0.978147600734,0.207911690818));
#9653 = ( GEOMETRIC_REPRESENTATION_CONTEXT(2) 
PARAMETRIC_REPRESENTATION_CONTEXT() REPRESENTATION_CONTEXT('2D SPACE',''
  ) );
#9654 = PCURVE('',#3414,#9655);
#9655 = DEFINITIONAL_REPRESENTATION('',(#9656),#9660);
#9656 = LINE('',#9657,#9658);
#9657 = CARTESIAN_POINT('',(0.,-28.));
#9658 = VECTOR('',#9659,1.);
#9659 = DIRECTION('',(1.,0.));
#9660 = ( GEOMETRIC_REPRESENTATION_CONTEXT(2) 
PARAMETRIC_REPRESENTATION_CONTEXT() REPRESENTATION_CONTEXT('2D SPACE',''
  ) );
#9661 = ORIENTED_EDGE('',*,*,#9662,.T.);
#9662 = EDGE_CURVE('',#9640,#9663,#9665,.T.);
#9663 = VERTEX_POINT('',#9664);
#9664 = CARTESIAN_POINT('',(14.,-70.93025461673,11.615274641804));
#9665 = SURFACE_CURVE('',#9666,(#9670,#9677),.PCURVE_S1.);
#9666 = LINE('',#9667,#9668);
#9667 = CARTESIAN_POINT('',(14.,-76.15750985786,14.362579581998));
#9668 = VECTOR('',#9669,1.);
#9669 = DIRECTION('',(0.,0.88518901303,-0.465231567299));
#9670 = PCURVE('',#72,#9671);
#9671 = DEFINITIONAL_REPRESENTATION('',(#9672),#9676);
#9672 = LINE('',#9673,#9674);
#9673 = CARTESIAN_POINT('',(14.362579581998,76.157509857865));
#9674 = VECTOR('',#9675,1.);
#9675 = DIRECTION('',(-0.465231567299,-0.88518901303));
#9676 = ( GEOMETRIC_REPRESENTATION_CONTEXT(2) 
PARAMETRIC_REPRESENTATION_CONTEXT() REPRESENTATION_CONTEXT('2D SPACE',''
  ) );
#9677 = PCURVE('',#3442,#9678);
#9678 = DEFINITIONAL_REPRESENTATION('',(#9679),#9683);
#9679 = LINE('',#9680,#9681);
#9680 = CARTESIAN_POINT('',(0.,-28.));
#9681 = VECTOR('',#9682,1.);
#9682 = DIRECTION('',(1.,0.));
#9683 = ( GEOMETRIC_REPRESENTATION_CONTEXT(2) 
PARAMETRIC_REPRESENTATION_CONTEXT() REPRESENTATION_CONTEXT('2D SPACE',''
  ) );
#9684 = ORIENTED_EDGE('',*,*,#9685,.T.);
#9685 = EDGE_CURVE('',#9663,#9686,#9688,.T.);
#9686 = VERTEX_POINT('',#9687);
#9687 = CARTESIAN_POINT('',(14.,-71.04799811437,10.871871455269));
#9688 = SURFACE_CURVE('',#9689,(#9693,#9700),.PCURVE_S1.);
#9689 = LINE('',#9690,#9691);
#9690 = CARTESIAN_POINT('',(14.,-70.93025461673,11.615274641804));
#9691 = VECTOR('',#9692,1.);
#9692 = DIRECTION('',(0.,-0.15643446504,-0.987688340595));
#9693 = PCURVE('',#72,#9694);
#9694 = DEFINITIONAL_REPRESENTATION('',(#9695),#9699);
#9695 = LINE('',#9696,#9697);
#9696 = CARTESIAN_POINT('',(11.615274641804,70.930254616739));
#9697 = VECTOR('',#9698,1.);
#9698 = DIRECTION('',(-0.987688340595,0.15643446504));
#9699 = ( GEOMETRIC_REPRESENTATION_CONTEXT(2) 
PARAMETRIC_REPRESENTATION_CONTEXT() REPRESENTATION_CONTEXT('2D SPACE',''
  ) );
#9700 = PCURVE('',#3470,#9701);
#9701 = DEFINITIONAL_REPRESENTATION('',(#9702),#9706);
#9702 = LINE('',#9703,#9704);
#9703 = CARTESIAN_POINT('',(0.,-28.));
#9704 = VECTOR('',#9705,1.);
#9705 = DIRECTION('',(1.,0.));
#9706 = ( GEOMETRIC_REPRESENTATION_CONTEXT(2) 
PARAMETRIC_REPRESENTATION_CONTEXT() REPRESENTATION_CONTEXT('2D SPACE',''
  ) );
#9707 = ORIENTED_EDGE('',*,*,#9708,.T.);
#9708 = EDGE_CURVE('',#9686,#9709,#9711,.T.);
#9709 = VERTEX_POINT('',#9710);
#9710 = CARTESIAN_POINT('',(14.,-76.86837718903,9.874339893091));
#9711 = SURFACE_CURVE('',#9712,(#9716,#9723),.PCURVE_S1.);
#9712 = LINE('',#9713,#9714);
#9713 = CARTESIAN_POINT('',(14.,-71.04799811437,10.871871455269));
#9714 = VECTOR('',#9715,1.);
#9715 = DIRECTION('',(0.,-0.98562923961,-0.168923065406));
#9716 = PCURVE('',#72,#9717);
#9717 = DEFINITIONAL_REPRESENTATION('',(#9718),#9722);
#9718 = LINE('',#9719,#9720);
#9719 = CARTESIAN_POINT('',(10.871871455269,71.047998114374));
#9720 = VECTOR('',#9721,1.);
#9721 = DIRECTION('',(-0.168923065406,0.98562923961));
#9722 = ( GEOMETRIC_REPRESENTATION_CONTEXT(2) 
PARAMETRIC_REPRESENTATION_CONTEXT() REPRESENTATION_CONTEXT('2D SPACE',''
  ) );
#9723 = PCURVE('',#3498,#9724);
#9724 = DEFINITIONAL_REPRESENTATION('',(#9725),#9729);
#9725 = LINE('',#9726,#9727);
#9726 = CARTESIAN_POINT('',(0.,-28.));
#9727 = VECTOR('',#9728,1.);
#9728 = DIRECTION('',(1.,0.));
#9729 = ( GEOMETRIC_REPRESENTATION_CONTEXT(2) 
PARAMETRIC_REPRESENTATION_CONTEXT() REPRESENTATION_CONTEXT('2D SPACE',''
  ) );
#9730 = ORIENTED_EDGE('',*,*,#9731,.T.);
#9731 = EDGE_CURVE('',#9709,#9732,#9734,.T.);
#9732 = VERTEX_POINT('',#9733);
#9733 = CARTESIAN_POINT('',(14.,-77.24160942263,6.323272396532));
#9734 = SURFACE_CURVE('',#9735,(#9739,#9746),.PCURVE_S1.);
#9735 = LINE('',#9736,#9737);
#9736 = CARTESIAN_POINT('',(14.,-76.86837718903,9.874339893091));
#9737 = VECTOR('',#9738,1.);
#9738 = DIRECTION('',(0.,-0.104528463268,-0.994521895368));
#9739 = PCURVE('',#72,#9740);
#9740 = DEFINITIONAL_REPRESENTATION('',(#9741),#9745);
#9741 = LINE('',#9742,#9743);
#9742 = CARTESIAN_POINT('',(9.874339893091,76.868377189035));
#9743 = VECTOR('',#9744,1.);
#9744 = DIRECTION('',(-0.994521895368,0.104528463268));
#9745 = ( GEOMETRIC_REPRESENTATION_CONTEXT(2) 
PARAMETRIC_REPRESENTATION_CONTEXT() REPRESENTATION_CONTEXT('2D SPACE',''
  ) );
#9746 = PCURVE('',#3526,#9747);
#9747 = DEFINITIONAL_REPRESENTATION('',(#9748),#9752);
#9748 = LINE('',#9749,#9750);
#9749 = CARTESIAN_POINT('',(0.,-28.));
#9750 = VECTOR('',#9751,1.);
#9751 = DIRECTION('',(1.,0.));
#9752 = ( GEOMETRIC_REPRESENTATION_CONTEXT(2) 
PARAMETRIC_REPRESENTATION_CONTEXT() REPRESENTATION_CONTEXT('2D SPACE',''
  ) );
#9753 = ORIENTED_EDGE('',*,*,#9754,.T.);
#9754 = EDGE_CURVE('',#9732,#9755,#9757,.T.);
#9755 = VERTEX_POINT('',#9756);
#9756 = CARTESIAN_POINT('',(14.,-71.75581806913,4.137414437719));
#9757 = SURFACE_CURVE('',#9758,(#9762,#9769),.PCURVE_S1.);
#9758 = LINE('',#9759,#9760);
#9759 = CARTESIAN_POINT('',(14.,-77.24160942263,6.323272396532));
#9760 = VECTOR('',#9761,1.);
#9761 = DIRECTION('',(0.,0.928969795791,-0.370155532862));
#9762 = PCURVE('',#72,#9763);
#9763 = DEFINITIONAL_REPRESENTATION('',(#9764),#9768);
#9764 = LINE('',#9765,#9766);
#9765 = CARTESIAN_POINT('',(6.323272396532,77.241609422637));
#9766 = VECTOR('',#9767,1.);
#9767 = DIRECTION('',(-0.370155532862,-0.928969795791));
#9768 = ( GEOMETRIC_REPRESENTATION_CONTEXT(2) 
PARAMETRIC_REPRESENTATION_CONTEXT() REPRESENTATION_CONTEXT('2D SPACE',''
  ) );
#9769 = PCURVE('',#3554,#9770);
#9770 = DEFINITIONAL_REPRESENTATION('',(#9771),#9775);
#9771 = LINE('',#9772,#9773);
#9772 = CARTESIAN_POINT('',(0.,-28.));
#9773 = VECTOR('',#9774,1.);
#9774 = DIRECTION('',(1.,0.));
#9775 = ( GEOMETRIC_REPRESENTATION_CONTEXT(2) 
PARAMETRIC_REPRESENTATION_CONTEXT() REPRESENTATION_CONTEXT('2D SPACE',''
  ) );
#9776 = ORIENTED_EDGE('',*,*,#9777,.T.);
#9777 = EDGE_CURVE('',#9755,#9778,#9780,.T.);
#9778 = VERTEX_POINT('',#9779);
#9779 = CARTESIAN_POINT('',(14.,-71.79520976289,3.385776144756));
#9780 = SURFACE_CURVE('',#9781,(#9785,#9792),.PCURVE_S1.);
#9781 = LINE('',#9782,#9783);
#9782 = CARTESIAN_POINT('',(14.,-71.75581806913,4.137414437719));
#9783 = VECTOR('',#9784,1.);
#9784 = DIRECTION('',(0.,-5.233595624295E-02,-0.998629534755));
#9785 = PCURVE('',#72,#9786);
#9786 = DEFINITIONAL_REPRESENTATION('',(#9787),#9791);
#9787 = LINE('',#9788,#9789);
#9788 = CARTESIAN_POINT('',(4.137414437719,71.755818069133));
#9789 = VECTOR('',#9790,1.);
#9790 = DIRECTION('',(-0.998629534755,5.233595624295E-02));
#9791 = ( GEOMETRIC_REPRESENTATION_CONTEXT(2) 
PARAMETRIC_REPRESENTATION_CONTEXT() REPRESENTATION_CONTEXT('2D SPACE',''
  ) );
#9792 = PCURVE('',#3582,#9793);
#9793 = DEFINITIONAL_REPRESENTATION('',(#9794),#9798);
#9794 = LINE('',#9795,#9796);
#9795 = CARTESIAN_POINT('',(0.,-28.));
#9796 = VECTOR('',#9797,1.);
#9797 = DIRECTION('',(1.,0.));
#9798 = ( GEOMETRIC_REPRESENTATION_CONTEXT(2) 
PARAMETRIC_REPRESENTATION_CONTEXT() REPRESENTATION_CONTEXT('2D SPACE',''
  ) );
#9799 = ORIENTED_EDGE('',*,*,#9800,.T.);
#9800 = EDGE_CURVE('',#9778,#9801,#9803,.T.);
#9801 = VERTEX_POINT('',#9802);
#9802 = CARTESIAN_POINT('',(14.,-77.47943375072,1.785313884539));
#9803 = SURFACE_CURVE('',#9804,(#9808,#9815),.PCURVE_S1.);
#9804 = LINE('',#9805,#9806);
#9805 = CARTESIAN_POINT('',(14.,-71.79520976289,3.385776144756));
#9806 = VECTOR('',#9807,1.);
#9807 = DIRECTION('',(0.,-0.96257259107,-0.271023996947));
#9808 = PCURVE('',#72,#9809);
#9809 = DEFINITIONAL_REPRESENTATION('',(#9810),#9814);
#9810 = LINE('',#9811,#9812);
#9811 = CARTESIAN_POINT('',(3.385776144756,71.795209762892));
#9812 = VECTOR('',#9813,1.);
#9813 = DIRECTION('',(-0.271023996947,0.96257259107));
#9814 = ( GEOMETRIC_REPRESENTATION_CONTEXT(2) 
PARAMETRIC_REPRESENTATION_CONTEXT() REPRESENTATION_CONTEXT('2D SPACE',''
  ) );
#9815 = PCURVE('',#3610,#9816);
#9816 = DEFINITIONAL_REPRESENTATION('',(#9817),#9821);
#9817 = LINE('',#9818,#9819);
#9818 = CARTESIAN_POINT('',(0.,-28.));
#9819 = VECTOR('',#9820,1.);
#9820 = DIRECTION('',(1.,0.));
#9821 = ( GEOMETRIC_REPRESENTATION_CONTEXT(2) 
PARAMETRIC_REPRESENTATION_CONTEXT() REPRESENTATION_CONTEXT('2D SPACE',''
  ) );
#9822 = ORIENTED_EDGE('',*,*,#9823,.T.);
#9823 = EDGE_CURVE('',#9801,#9824,#9826,.T.);
#9824 = VERTEX_POINT('',#9825);
#9825 = CARTESIAN_POINT('',(14.,-77.47943375072,-1.785313884539));
#9826 = SURFACE_CURVE('',#9827,(#9831,#9838),.PCURVE_S1.);
#9827 = LINE('',#9828,#9829);
#9828 = CARTESIAN_POINT('',(14.,-77.47943375072,1.785313884539));
#9829 = VECTOR('',#9830,1.);
#9830 = DIRECTION('',(0.,0.,-1.));
#9831 = PCURVE('',#72,#9832);
#9832 = DEFINITIONAL_REPRESENTATION('',(#9833),#9837);
#9833 = LINE('',#9834,#9835);
#9834 = CARTESIAN_POINT('',(1.78531388454,77.479433750729));
#9835 = VECTOR('',#9836,1.);
#9836 = DIRECTION('',(-1.,0.));
#9837 = ( GEOMETRIC_REPRESENTATION_CONTEXT(2) 
PARAMETRIC_REPRESENTATION_CONTEXT() REPRESENTATION_CONTEXT('2D SPACE',''
  ) );
#9838 = PCURVE('',#3638,#9839);
#9839 = DEFINITIONAL_REPRESENTATION('',(#9840),#9844);
#9840 = LINE('',#9841,#9842);
#9841 = CARTESIAN_POINT('',(0.,-28.));
#9842 = VECTOR('',#9843,1.);
#9843 = DIRECTION('',(1.,0.));
#9844 = ( GEOMETRIC_REPRESENTATION_CONTEXT(2) 
PARAMETRIC_REPRESENTATION_CONTEXT() REPRESENTATION_CONTEXT('2D SPACE',''
  ) );
#9845 = ORIENTED_EDGE('',*,*,#9846,.T.);
#9846 = EDGE_CURVE('',#9824,#9847,#9849,.T.);
#9847 = VERTEX_POINT('',#9848);
#9848 = CARTESIAN_POINT('',(14.,-71.79520976289,-3.385776144756));
#9849 = SURFACE_CURVE('',#9850,(#9854,#9861),.PCURVE_S1.);
#9850 = LINE('',#9851,#9852);
#9851 = CARTESIAN_POINT('',(14.,-77.47943375072,-1.785313884539));
#9852 = VECTOR('',#9853,1.);
#9853 = DIRECTION('',(0.,0.96257259107,-0.271023996947));
#9854 = PCURVE('',#72,#9855);
#9855 = DEFINITIONAL_REPRESENTATION('',(#9856),#9860);
#9856 = LINE('',#9857,#9858);
#9857 = CARTESIAN_POINT('',(-1.785313884539,77.479433750729));
#9858 = VECTOR('',#9859,1.);
#9859 = DIRECTION('',(-0.271023996947,-0.96257259107));
#9860 = ( GEOMETRIC_REPRESENTATION_CONTEXT(2) 
PARAMETRIC_REPRESENTATION_CONTEXT() REPRESENTATION_CONTEXT('2D SPACE',''
  ) );
#9861 = PCURVE('',#3666,#9862);
#9862 = DEFINITIONAL_REPRESENTATION('',(#9863),#9867);
#9863 = LINE('',#9864,#9865);
#9864 = CARTESIAN_POINT('',(0.,-28.));
#9865 = VECTOR('',#9866,1.);
#9866 = DIRECTION('',(1.,0.));
#9867 = ( GEOMETRIC_REPRESENTATION_CONTEXT(2) 
PARAMETRIC_REPRESENTATION_CONTEXT() REPRESENTATION_CONTEXT('2D SPACE',''
  ) );
#9868 = ORIENTED_EDGE('',*,*,#9869,.T.);
#9869 = EDGE_CURVE('',#9847,#9870,#9872,.T.);
#9870 = VERTEX_POINT('',#9871);
#9871 = CARTESIAN_POINT('',(14.,-71.75581806913,-4.137414437719));
#9872 = SURFACE_CURVE('',#9873,(#9877,#9884),.PCURVE_S1.);
#9873 = LINE('',#9874,#9875);
#9874 = CARTESIAN_POINT('',(14.,-71.79520976289,-3.385776144756));
#9875 = VECTOR('',#9876,1.);
#9876 = DIRECTION('',(0.,5.233595624293E-02,-0.998629534755));
#9877 = PCURVE('',#72,#9878);
#9878 = DEFINITIONAL_REPRESENTATION('',(#9879),#9883);
#9879 = LINE('',#9880,#9881);
#9880 = CARTESIAN_POINT('',(-3.385776144755,71.795209762892));
#9881 = VECTOR('',#9882,1.);
#9882 = DIRECTION('',(-0.998629534755,-5.233595624293E-02));
#9883 = ( GEOMETRIC_REPRESENTATION_CONTEXT(2) 
PARAMETRIC_REPRESENTATION_CONTEXT() REPRESENTATION_CONTEXT('2D SPACE',''
  ) );
#9884 = PCURVE('',#3694,#9885);
#9885 = DEFINITIONAL_REPRESENTATION('',(#9886),#9890);
#9886 = LINE('',#9887,#9888);
#9887 = CARTESIAN_POINT('',(0.,-28.));
#9888 = VECTOR('',#9889,1.);
#9889 = DIRECTION('',(1.,0.));
#9890 = ( GEOMETRIC_REPRESENTATION_CONTEXT(2) 
PARAMETRIC_REPRESENTATION_CONTEXT() REPRESENTATION_CONTEXT('2D SPACE',''
  ) );
#9891 = ORIENTED_EDGE('',*,*,#9892,.T.);
#9892 = EDGE_CURVE('',#9870,#9893,#9895,.T.);
#9893 = VERTEX_POINT('',#9894);
#9894 = CARTESIAN_POINT('',(14.,-77.24160942263,-6.323272396532));
#9895 = SURFACE_CURVE('',#9896,(#9900,#9907),.PCURVE_S1.);
#9896 = LINE('',#9897,#9898);
#9897 = CARTESIAN_POINT('',(14.,-71.75581806913,-4.137414437719));
#9898 = VECTOR('',#9899,1.);
#9899 = DIRECTION('',(0.,-0.928969795791,-0.370155532862));
#9900 = PCURVE('',#72,#9901);
#9901 = DEFINITIONAL_REPRESENTATION('',(#9902),#9906);
#9902 = LINE('',#9903,#9904);
#9903 = CARTESIAN_POINT('',(-4.137414437719,71.755818069133));
#9904 = VECTOR('',#9905,1.);
#9905 = DIRECTION('',(-0.370155532862,0.928969795791));
#9906 = ( GEOMETRIC_REPRESENTATION_CONTEXT(2) 
PARAMETRIC_REPRESENTATION_CONTEXT() REPRESENTATION_CONTEXT('2D SPACE',''
  ) );
#9907 = PCURVE('',#3722,#9908);
#9908 = DEFINITIONAL_REPRESENTATION('',(#9909),#9913);
#9909 = LINE('',#9910,#9911);
#9910 = CARTESIAN_POINT('',(0.,-28.));
#9911 = VECTOR('',#9912,1.);
#9912 = DIRECTION('',(1.,0.));
#9913 = ( GEOMETRIC_REPRESENTATION_CONTEXT(2) 
PARAMETRIC_REPRESENTATION_CONTEXT() REPRESENTATION_CONTEXT('2D SPACE',''
  ) );
#9914 = ORIENTED_EDGE('',*,*,#9915,.T.);
#9915 = EDGE_CURVE('',#9893,#9916,#9918,.T.);
#9916 = VERTEX_POINT('',#9917);
#9917 = CARTESIAN_POINT('',(14.,-76.86837718903,-9.874339893091));
#9918 = SURFACE_CURVE('',#9919,(#9923,#9930),.PCURVE_S1.);
#9919 = LINE('',#9920,#9921);
#9920 = CARTESIAN_POINT('',(14.,-77.24160942263,-6.323272396532));
#9921 = VECTOR('',#9922,1.);
#9922 = DIRECTION('',(0.,0.104528463268,-0.994521895368));
#9923 = PCURVE('',#72,#9924);
#9924 = DEFINITIONAL_REPRESENTATION('',(#9925),#9929);
#9925 = LINE('',#9926,#9927);
#9926 = CARTESIAN_POINT('',(-6.323272396532,77.241609422637));
#9927 = VECTOR('',#9928,1.);
#9928 = DIRECTION('',(-0.994521895368,-0.104528463268));
#9929 = ( GEOMETRIC_REPRESENTATION_CONTEXT(2) 
PARAMETRIC_REPRESENTATION_CONTEXT() REPRESENTATION_CONTEXT('2D SPACE',''
  ) );
#9930 = PCURVE('',#3750,#9931);
#9931 = DEFINITIONAL_REPRESENTATION('',(#9932),#9936);
#9932 = LINE('',#9933,#9934);
#9933 = CARTESIAN_POINT('',(0.,-28.));
#9934 = VECTOR('',#9935,1.);
#9935 = DIRECTION('',(1.,0.));
#9936 = ( GEOMETRIC_REPRESENTATION_CONTEXT(2) 
PARAMETRIC_REPRESENTATION_CONTEXT() REPRESENTATION_CONTEXT('2D SPACE',''
  ) );
#9937 = ORIENTED_EDGE('',*,*,#9938,.T.);
#9938 = EDGE_CURVE('',#9916,#9939,#9941,.T.);
#9939 = VERTEX_POINT('',#9940);
#9940 = CARTESIAN_POINT('',(14.,-71.04799811437,-10.87187145526));
#9941 = SURFACE_CURVE('',#9942,(#9946,#9953),.PCURVE_S1.);
#9942 = LINE('',#9943,#9944);
#9943 = CARTESIAN_POINT('',(14.,-76.86837718903,-9.874339893091));
#9944 = VECTOR('',#9945,1.);
#9945 = DIRECTION('',(0.,0.98562923961,-0.168923065406));
#9946 = PCURVE('',#72,#9947);
#9947 = DEFINITIONAL_REPRESENTATION('',(#9948),#9952);
#9948 = LINE('',#9949,#9950);
#9949 = CARTESIAN_POINT('',(-9.874339893091,76.868377189035));
#9950 = VECTOR('',#9951,1.);
#9951 = DIRECTION('',(-0.168923065406,-0.98562923961));
#9952 = ( GEOMETRIC_REPRESENTATION_CONTEXT(2) 
PARAMETRIC_REPRESENTATION_CONTEXT() REPRESENTATION_CONTEXT('2D SPACE',''
  ) );
#9953 = PCURVE('',#3778,#9954);
#9954 = DEFINITIONAL_REPRESENTATION('',(#9955),#9959);
#9955 = LINE('',#9956,#9957);
#9956 = CARTESIAN_POINT('',(0.,-28.));
#9957 = VECTOR('',#9958,1.);
#9958 = DIRECTION('',(1.,0.));
#9959 = ( GEOMETRIC_REPRESENTATION_CONTEXT(2) 
PARAMETRIC_REPRESENTATION_CONTEXT() REPRESENTATION_CONTEXT('2D SPACE',''
  ) );
#9960 = ORIENTED_EDGE('',*,*,#9961,.T.);
#9961 = EDGE_CURVE('',#9939,#9962,#9964,.T.);
#9962 = VERTEX_POINT('',#9963);
#9963 = CARTESIAN_POINT('',(14.,-70.93025461673,-11.6152746418));
#9964 = SURFACE_CURVE('',#9965,(#9969,#9976),.PCURVE_S1.);
#9965 = LINE('',#9966,#9967);
#9966 = CARTESIAN_POINT('',(14.,-71.04799811437,-10.87187145526));
#9967 = VECTOR('',#9968,1.);
#9968 = DIRECTION('',(0.,0.15643446504,-0.987688340595));
#9969 = PCURVE('',#72,#9970);
#9970 = DEFINITIONAL_REPRESENTATION('',(#9971),#9975);
#9971 = LINE('',#9972,#9973);
#9972 = CARTESIAN_POINT('',(-10.87187145526,71.047998114374));
#9973 = VECTOR('',#9974,1.);
#9974 = DIRECTION('',(-0.987688340595,-0.15643446504));
#9975 = ( GEOMETRIC_REPRESENTATION_CONTEXT(2) 
PARAMETRIC_REPRESENTATION_CONTEXT() REPRESENTATION_CONTEXT('2D SPACE',''
  ) );
#9976 = PCURVE('',#3806,#9977);
#9977 = DEFINITIONAL_REPRESENTATION('',(#9978),#9982);
#9978 = LINE('',#9979,#9980);
#9979 = CARTESIAN_POINT('',(0.,-28.));
#9980 = VECTOR('',#9981,1.);
#9981 = DIRECTION('',(1.,0.));
#9982 = ( GEOMETRIC_REPRESENTATION_CONTEXT(2) 
PARAMETRIC_REPRESENTATION_CONTEXT() REPRESENTATION_CONTEXT('2D SPACE',''
  ) );
#9983 = ORIENTED_EDGE('',*,*,#9984,.T.);
#9984 = EDGE_CURVE('',#9962,#9985,#9987,.T.);
#9985 = VERTEX_POINT('',#9986);
#9986 = CARTESIAN_POINT('',(14.,-76.15750985786,-14.36257958199));
#9987 = SURFACE_CURVE('',#9988,(#9992,#9999),.PCURVE_S1.);
#9988 = LINE('',#9989,#9990);
#9989 = CARTESIAN_POINT('',(14.,-70.93025461673,-11.6152746418));
#9990 = VECTOR('',#9991,1.);
#9991 = DIRECTION('',(0.,-0.88518901303,-0.465231567299));
#9992 = PCURVE('',#72,#9993);
#9993 = DEFINITIONAL_REPRESENTATION('',(#9994),#9998);
#9994 = LINE('',#9995,#9996);
#9995 = CARTESIAN_POINT('',(-11.6152746418,70.930254616739));
#9996 = VECTOR('',#9997,1.);
#9997 = DIRECTION('',(-0.465231567299,0.88518901303));
#9998 = ( GEOMETRIC_REPRESENTATION_CONTEXT(2) 
PARAMETRIC_REPRESENTATION_CONTEXT() REPRESENTATION_CONTEXT('2D SPACE',''
  ) );
#9999 = PCURVE('',#3834,#10000);
#10000 = DEFINITIONAL_REPRESENTATION('',(#10001),#10005);
#10001 = LINE('',#10002,#10003);
#10002 = CARTESIAN_POINT('',(0.,-28.));
#10003 = VECTOR('',#10004,1.);
#10004 = DIRECTION('',(1.,0.));
#10005 = ( GEOMETRIC_REPRESENTATION_CONTEXT(2) 
PARAMETRIC_REPRESENTATION_CONTEXT() REPRESENTATION_CONTEXT('2D SPACE',''
  ) );
#10006 = ORIENTED_EDGE('',*,*,#10007,.T.);
#10007 = EDGE_CURVE('',#9985,#10008,#10010,.T.);
#10008 = VERTEX_POINT('',#10009);
#10009 = CARTESIAN_POINT('',(14.,-75.41513460111,-17.85518056743));
#10010 = SURFACE_CURVE('',#10011,(#10015,#10022),.PCURVE_S1.);
#10011 = LINE('',#10012,#10013);
#10012 = CARTESIAN_POINT('',(14.,-76.15750985786,-14.36257958199));
#10013 = VECTOR('',#10014,1.);
#10014 = DIRECTION('',(0.,0.207911690818,-0.978147600734));
#10015 = PCURVE('',#72,#10016);
#10016 = DEFINITIONAL_REPRESENTATION('',(#10017),#10021);
#10017 = LINE('',#10018,#10019);
#10018 = CARTESIAN_POINT('',(-14.36257958199,76.157509857865));
#10019 = VECTOR('',#10020,1.);
#10020 = DIRECTION('',(-0.978147600734,-0.207911690818));
#10021 = ( GEOMETRIC_REPRESENTATION_CONTEXT(2) 
PARAMETRIC_REPRESENTATION_CONTEXT() REPRESENTATION_CONTEXT('2D SPACE',''
  ) );
#10022 = PCURVE('',#3862,#10023);
#10023 = DEFINITIONAL_REPRESENTATION('',(#10024),#10028);
#10024 = LINE('',#10025,#10026);
#10025 = CARTESIAN_POINT('',(0.,-28.));
#10026 = VECTOR('',#10027,1.);
#10027 = DIRECTION('',(1.,0.));
#10028 = ( GEOMETRIC_REPRESENTATION_CONTEXT(2) 
PARAMETRIC_REPRESENTATION_CONTEXT() REPRESENTATION_CONTEXT('2D SPACE',''
  ) );
#10029 = ORIENTED_EDGE('',*,*,#10030,.T.);
#10030 = EDGE_CURVE('',#10008,#10031,#10033,.T.);
#10031 = VERTEX_POINT('',#10032);
#10032 = CARTESIAN_POINT('',(14.,-69.52236973076,-18.23885226703));
#10033 = SURFACE_CURVE('',#10034,(#10038,#10045),.PCURVE_S1.);
#10034 = LINE('',#10035,#10036);
#10035 = CARTESIAN_POINT('',(14.,-75.41513460111,-17.85518056743));
#10036 = VECTOR('',#10037,1.);
#10037 = DIRECTION('',(0.,0.997887127945,-6.497137741081E-02));
#10038 = PCURVE('',#72,#10039);
#10039 = DEFINITIONAL_REPRESENTATION('',(#10040),#10044);
#10040 = LINE('',#10041,#10042);
#10041 = CARTESIAN_POINT('',(-17.85518056743,75.415134601115));
#10042 = VECTOR('',#10043,1.);
#10043 = DIRECTION('',(-6.497137741081E-02,-0.997887127945));
#10044 = ( GEOMETRIC_REPRESENTATION_CONTEXT(2) 
PARAMETRIC_REPRESENTATION_CONTEXT() REPRESENTATION_CONTEXT('2D SPACE',''
  ) );
#10045 = PCURVE('',#3890,#10046);
#10046 = DEFINITIONAL_REPRESENTATION('',(#10047),#10051);
#10047 = LINE('',#10048,#10049);
#10048 = CARTESIAN_POINT('',(0.,-28.));
#10049 = VECTOR('',#10050,1.);
#10050 = DIRECTION('',(1.,0.));
#10051 = ( GEOMETRIC_REPRESENTATION_CONTEXT(2) 
PARAMETRIC_REPRESENTATION_CONTEXT() REPRESENTATION_CONTEXT('2D SPACE',''
  ) );
#10052 = ORIENTED_EDGE('',*,*,#10053,.T.);
#10053 = EDGE_CURVE('',#10031,#10054,#10056,.T.);
#10054 = VERTEX_POINT('',#10055);
#10055 = CARTESIAN_POINT('',(14.,-69.32756445165,-18.96587546626));
#10056 = SURFACE_CURVE('',#10057,(#10061,#10068),.PCURVE_S1.);
#10057 = LINE('',#10058,#10059);
#10058 = CARTESIAN_POINT('',(14.,-69.52236973076,-18.23885226703));
#10059 = VECTOR('',#10060,1.);
#10060 = DIRECTION('',(0.,0.258819045103,-0.965925826289));
#10061 = PCURVE('',#72,#10062);
#10062 = DEFINITIONAL_REPRESENTATION('',(#10063),#10067);
#10063 = LINE('',#10064,#10065);
#10064 = CARTESIAN_POINT('',(-18.23885226703,69.522369730766));
#10065 = VECTOR('',#10066,1.);
#10066 = DIRECTION('',(-0.965925826289,-0.258819045103));
#10067 = ( GEOMETRIC_REPRESENTATION_CONTEXT(2) 
PARAMETRIC_REPRESENTATION_CONTEXT() REPRESENTATION_CONTEXT('2D SPACE',''
  ) );
#10068 = PCURVE('',#3918,#10069);
#10069 = DEFINITIONAL_REPRESENTATION('',(#10070),#10074);
#10070 = LINE('',#10071,#10072);
#10071 = CARTESIAN_POINT('',(0.,-28.));
#10072 = VECTOR('',#10073,1.);
#10073 = DIRECTION('',(1.,0.));
#10074 = ( GEOMETRIC_REPRESENTATION_CONTEXT(2) 
PARAMETRIC_REPRESENTATION_CONTEXT() REPRESENTATION_CONTEXT('2D SPACE',''
  ) );
#10075 = ORIENTED_EDGE('',*,*,#10076,.T.);
#10076 = EDGE_CURVE('',#10054,#10077,#10079,.T.);
#10077 = VERTEX_POINT('',#10078);
#10078 = CARTESIAN_POINT('',(14.,-74.2390126781,-22.24452734));
#10079 = SURFACE_CURVE('',#10080,(#10084,#10091),.PCURVE_S1.);
#10080 = LINE('',#10081,#10082);
#10081 = CARTESIAN_POINT('',(14.,-69.32756445165,-18.96587546626));
#10082 = VECTOR('',#10083,1.);
#10083 = DIRECTION('',(0.,-0.831709914204,-0.555210427329));
#10084 = PCURVE('',#72,#10085);
#10085 = DEFINITIONAL_REPRESENTATION('',(#10086),#10090);
#10086 = LINE('',#10087,#10088);
#10087 = CARTESIAN_POINT('',(-18.96587546626,69.327564451654));
#10088 = VECTOR('',#10089,1.);
#10089 = DIRECTION('',(-0.555210427329,0.831709914204));
#10090 = ( GEOMETRIC_REPRESENTATION_CONTEXT(2) 
PARAMETRIC_REPRESENTATION_CONTEXT() REPRESENTATION_CONTEXT('2D SPACE',''
  ) );
#10091 = PCURVE('',#3946,#10092);
#10092 = DEFINITIONAL_REPRESENTATION('',(#10093),#10097);
#10093 = LINE('',#10094,#10095);
#10094 = CARTESIAN_POINT('',(0.,-28.));
#10095 = VECTOR('',#10096,1.);
#10096 = DIRECTION('',(1.,0.));
#10097 = ( GEOMETRIC_REPRESENTATION_CONTEXT(2) 
PARAMETRIC_REPRESENTATION_CONTEXT() REPRESENTATION_CONTEXT('2D SPACE',''
  ) );
#10098 = ORIENTED_EDGE('',*,*,#10099,.T.);
#10099 = EDGE_CURVE('',#10077,#10100,#10102,.T.);
#10100 = VERTEX_POINT('',#10101);
#10101 = CARTESIAN_POINT('',(14.,-73.13562801687,-25.64039614704));
#10102 = SURFACE_CURVE('',#10103,(#10107,#10114),.PCURVE_S1.);
#10103 = LINE('',#10104,#10105);
#10104 = CARTESIAN_POINT('',(14.,-74.2390126781,-22.24452734));
#10105 = VECTOR('',#10106,1.);
#10106 = DIRECTION('',(0.,0.309016994375,-0.951056516295));
#10107 = PCURVE('',#72,#10108);
#10108 = DEFINITIONAL_REPRESENTATION('',(#10109),#10113);
#10109 = LINE('',#10110,#10111);
#10110 = CARTESIAN_POINT('',(-22.24452734,74.239012678106));
#10111 = VECTOR('',#10112,1.);
#10112 = DIRECTION('',(-0.951056516295,-0.309016994375));
#10113 = ( GEOMETRIC_REPRESENTATION_CONTEXT(2) 
PARAMETRIC_REPRESENTATION_CONTEXT() REPRESENTATION_CONTEXT('2D SPACE',''
  ) );
#10114 = PCURVE('',#3974,#10115);
#10115 = DEFINITIONAL_REPRESENTATION('',(#10116),#10120);
#10116 = LINE('',#10117,#10118);
#10117 = CARTESIAN_POINT('',(0.,-28.));
#10118 = VECTOR('',#10119,1.);
#10119 = DIRECTION('',(1.,0.));
#10120 = ( GEOMETRIC_REPRESENTATION_CONTEXT(2) 
PARAMETRIC_REPRESENTATION_CONTEXT() REPRESENTATION_CONTEXT('2D SPACE',''
  ) );
#10121 = ORIENTED_EDGE('',*,*,#10122,.T.);
#10122 = EDGE_CURVE('',#10100,#10123,#10125,.T.);
#10123 = VERTEX_POINT('',#10124);
#10124 = CARTESIAN_POINT('',(14.,-67.23503971589,-25.40600439663));
#10125 = SURFACE_CURVE('',#10126,(#10130,#10137),.PCURVE_S1.);
#10126 = LINE('',#10127,#10128);
#10127 = CARTESIAN_POINT('',(14.,-73.13562801687,-25.64039614704));
#10128 = VECTOR('',#10129,1.);
#10129 = DIRECTION('',(0.,0.999211956084,3.969215059133E-02));
#10130 = PCURVE('',#72,#10131);
#10131 = DEFINITIONAL_REPRESENTATION('',(#10132),#10136);
#10132 = LINE('',#10133,#10134);
#10133 = CARTESIAN_POINT('',(-25.64039614704,73.135628016874));
#10134 = VECTOR('',#10135,1.);
#10135 = DIRECTION('',(3.969215059133E-02,-0.999211956084));
#10136 = ( GEOMETRIC_REPRESENTATION_CONTEXT(2) 
PARAMETRIC_REPRESENTATION_CONTEXT() REPRESENTATION_CONTEXT('2D SPACE',''
  ) );
#10137 = PCURVE('',#4002,#10138);
#10138 = DEFINITIONAL_REPRESENTATION('',(#10139),#10143);
#10139 = LINE('',#10140,#10141);
#10140 = CARTESIAN_POINT('',(0.,-28.));
#10141 = VECTOR('',#10142,1.);
#10142 = DIRECTION('',(1.,0.));
#10143 = ( GEOMETRIC_REPRESENTATION_CONTEXT(2) 
PARAMETRIC_REPRESENTATION_CONTEXT() REPRESENTATION_CONTEXT('2D SPACE',''
  ) );
#10144 = ORIENTED_EDGE('',*,*,#10145,.T.);
#10145 = EDGE_CURVE('',#10123,#10146,#10148,.T.);
#10146 = VERTEX_POINT('',#10147);
#10147 = CARTESIAN_POINT('',(14.,-66.96530698271,-26.10868219024));
#10148 = SURFACE_CURVE('',#10149,(#10153,#10160),.PCURVE_S1.);
#10149 = LINE('',#10150,#10151);
#10150 = CARTESIAN_POINT('',(14.,-67.23503971589,-25.40600439663));
#10151 = VECTOR('',#10152,1.);
#10152 = DIRECTION('',(0.,0.358367949545,-0.933580426497));
#10153 = PCURVE('',#72,#10154);
#10154 = DEFINITIONAL_REPRESENTATION('',(#10155),#10159);
#10155 = LINE('',#10156,#10157);
#10156 = CARTESIAN_POINT('',(-25.40600439663,67.235039715897));
#10157 = VECTOR('',#10158,1.);
#10158 = DIRECTION('',(-0.933580426497,-0.358367949545));
#10159 = ( GEOMETRIC_REPRESENTATION_CONTEXT(2) 
PARAMETRIC_REPRESENTATION_CONTEXT() REPRESENTATION_CONTEXT('2D SPACE',''
  ) );
#10160 = PCURVE('',#4030,#10161);
#10161 = DEFINITIONAL_REPRESENTATION('',(#10162),#10166);
#10162 = LINE('',#10163,#10164);
#10163 = CARTESIAN_POINT('',(0.,-28.));
#10164 = VECTOR('',#10165,1.);
#10165 = DIRECTION('',(1.,0.));
#10166 = ( GEOMETRIC_REPRESENTATION_CONTEXT(2) 
PARAMETRIC_REPRESENTATION_CONTEXT() REPRESENTATION_CONTEXT('2D SPACE',''
  ) );
#10167 = ORIENTED_EDGE('',*,*,#10168,.T.);
#10168 = EDGE_CURVE('',#10146,#10169,#10171,.T.);
#10169 = VERTEX_POINT('',#10170);
#10170 = CARTESIAN_POINT('',(14.,-71.50713733993,-29.88275940149));
#10171 = SURFACE_CURVE('',#10172,(#10176,#10183),.PCURVE_S1.);
#10172 = LINE('',#10173,#10174);
#10173 = CARTESIAN_POINT('',(14.,-66.96530698271,-26.10868219024));
#10174 = VECTOR('',#10175,1.);
#10175 = DIRECTION('',(0.,-0.769118427512,-0.639106285732));
#10176 = PCURVE('',#72,#10177);
#10177 = DEFINITIONAL_REPRESENTATION('',(#10178),#10182);
#10178 = LINE('',#10179,#10180);
#10179 = CARTESIAN_POINT('',(-26.10868219024,66.965306982711));
#10180 = VECTOR('',#10181,1.);
#10181 = DIRECTION('',(-0.639106285732,0.769118427512));
#10182 = ( GEOMETRIC_REPRESENTATION_CONTEXT(2) 
PARAMETRIC_REPRESENTATION_CONTEXT() REPRESENTATION_CONTEXT('2D SPACE',''
  ) );
#10183 = PCURVE('',#4058,#10184);
#10184 = DEFINITIONAL_REPRESENTATION('',(#10185),#10189);
#10185 = LINE('',#10186,#10187);
#10186 = CARTESIAN_POINT('',(0.,-28.));
#10187 = VECTOR('',#10188,1.);
#10188 = DIRECTION('',(1.,0.));
#10189 = ( GEOMETRIC_REPRESENTATION_CONTEXT(2) 
PARAMETRIC_REPRESENTATION_CONTEXT() REPRESENTATION_CONTEXT('2D SPACE',''
  ) );
#10190 = ORIENTED_EDGE('',*,*,#10191,.T.);
#10191 = EDGE_CURVE('',#10169,#10192,#10194,.T.);
#10192 = VERTEX_POINT('',#10193);
#10193 = CARTESIAN_POINT('',(14.,-70.05483218746,-33.14469018087));
#10194 = SURFACE_CURVE('',#10195,(#10199,#10206),.PCURVE_S1.);
#10195 = LINE('',#10196,#10197);
#10196 = CARTESIAN_POINT('',(14.,-71.50713733993,-29.88275940149));
#10197 = VECTOR('',#10198,1.);
#10198 = DIRECTION('',(0.,0.406736643076,-0.913545457643));
#10199 = PCURVE('',#72,#10200);
#10200 = DEFINITIONAL_REPRESENTATION('',(#10201),#10205);
#10201 = LINE('',#10202,#10203);
#10202 = CARTESIAN_POINT('',(-29.88275940149,71.507137339934));
#10203 = VECTOR('',#10204,1.);
#10204 = DIRECTION('',(-0.913545457643,-0.406736643076));
#10205 = ( GEOMETRIC_REPRESENTATION_CONTEXT(2) 
PARAMETRIC_REPRESENTATION_CONTEXT() REPRESENTATION_CONTEXT('2D SPACE',''
  ) );
#10206 = PCURVE('',#4086,#10207);
#10207 = DEFINITIONAL_REPRESENTATION('',(#10208),#10212);
#10208 = LINE('',#10209,#10210);
#10209 = CARTESIAN_POINT('',(0.,-28.));
#10210 = VECTOR('',#10211,1.);
#10211 = DIRECTION('',(1.,0.));
#10212 = ( GEOMETRIC_REPRESENTATION_CONTEXT(2) 
PARAMETRIC_REPRESENTATION_CONTEXT() REPRESENTATION_CONTEXT('2D SPACE',''
  ) );
#10213 = ORIENTED_EDGE('',*,*,#10214,.T.);
#10214 = EDGE_CURVE('',#10192,#10215,#10217,.T.);
#10215 = VERTEX_POINT('',#10216);
#10216 = CARTESIAN_POINT('',(14.,-64.21106853606,-32.29480302551));
#10217 = SURFACE_CURVE('',#10218,(#10222,#10229),.PCURVE_S1.);
#10218 = LINE('',#10219,#10220);
#10219 = CARTESIAN_POINT('',(14.,-70.05483218746,-33.14469018087));
#10220 = VECTOR('',#10221,1.);
#10221 = DIRECTION('',(0.,0.989589208934,0.143920803085));
#10222 = PCURVE('',#72,#10223);
#10223 = DEFINITIONAL_REPRESENTATION('',(#10224),#10228);
#10224 = LINE('',#10225,#10226);
#10225 = CARTESIAN_POINT('',(-33.14469018087,70.054832187466));
#10226 = VECTOR('',#10227,1.);
#10227 = DIRECTION('',(0.143920803085,-0.989589208934));
#10228 = ( GEOMETRIC_REPRESENTATION_CONTEXT(2) 
PARAMETRIC_REPRESENTATION_CONTEXT() REPRESENTATION_CONTEXT('2D SPACE',''
  ) );
#10229 = PCURVE('',#4114,#10230);
#10230 = DEFINITIONAL_REPRESENTATION('',(#10231),#10235);
#10231 = LINE('',#10232,#10233);
#10232 = CARTESIAN_POINT('',(0.,-28.));
#10233 = VECTOR('',#10234,1.);
#10234 = DIRECTION('',(1.,0.));
#10235 = ( GEOMETRIC_REPRESENTATION_CONTEXT(2) 
PARAMETRIC_REPRESENTATION_CONTEXT() REPRESENTATION_CONTEXT('2D SPACE',''
  ) );
#10236 = ORIENTED_EDGE('',*,*,#10237,.T.);
#10237 = EDGE_CURVE('',#10215,#10238,#10240,.T.);
#10238 = VERTEX_POINT('',#10239);
#10239 = CARTESIAN_POINT('',(14.,-63.86936359707,-32.96543672856));
#10240 = SURFACE_CURVE('',#10241,(#10245,#10252),.PCURVE_S1.);
#10241 = LINE('',#10242,#10243);
#10242 = CARTESIAN_POINT('',(14.,-64.21106853606,-32.29480302551));
#10243 = VECTOR('',#10244,1.);
#10244 = DIRECTION('',(0.,0.45399049974,-0.891006524188));
#10245 = PCURVE('',#72,#10246);
#10246 = DEFINITIONAL_REPRESENTATION('',(#10247),#10251);
#10247 = LINE('',#10248,#10249);
#10248 = CARTESIAN_POINT('',(-32.29480302551,64.211068536063));
#10249 = VECTOR('',#10250,1.);
#10250 = DIRECTION('',(-0.891006524188,-0.45399049974));
#10251 = ( GEOMETRIC_REPRESENTATION_CONTEXT(2) 
PARAMETRIC_REPRESENTATION_CONTEXT() REPRESENTATION_CONTEXT('2D SPACE',''
  ) );
#10252 = PCURVE('',#4142,#10253);
#10253 = DEFINITIONAL_REPRESENTATION('',(#10254),#10258);
#10254 = LINE('',#10255,#10256);
#10255 = CARTESIAN_POINT('',(0.,-28.));
#10256 = VECTOR('',#10257,1.);
#10257 = DIRECTION('',(1.,0.));
#10258 = ( GEOMETRIC_REPRESENTATION_CONTEXT(2) 
PARAMETRIC_REPRESENTATION_CONTEXT() REPRESENTATION_CONTEXT('2D SPACE',''
  ) );
#10259 = ORIENTED_EDGE('',*,*,#10260,.T.);
#10260 = EDGE_CURVE('',#10238,#10261,#10263,.T.);
#10261 = VERTEX_POINT('',#10262);
#10262 = CARTESIAN_POINT('',(14.,-67.99181484123,-37.19358969762));
#10263 = SURFACE_CURVE('',#10264,(#10268,#10275),.PCURVE_S1.);
#10264 = LINE('',#10265,#10266);
#10265 = CARTESIAN_POINT('',(14.,-63.86936359707,-32.96543672856));
#10266 = VECTOR('',#10267,1.);
#10267 = DIRECTION('',(0.,-0.69810031838,-0.715999961926));
#10268 = PCURVE('',#72,#10269);
#10269 = DEFINITIONAL_REPRESENTATION('',(#10270),#10274);
#10270 = LINE('',#10271,#10272);
#10271 = CARTESIAN_POINT('',(-32.96543672856,63.869363597075));
#10272 = VECTOR('',#10273,1.);
#10273 = DIRECTION('',(-0.715999961926,0.69810031838));
#10274 = ( GEOMETRIC_REPRESENTATION_CONTEXT(2) 
PARAMETRIC_REPRESENTATION_CONTEXT() REPRESENTATION_CONTEXT('2D SPACE',''
  ) );
#10275 = PCURVE('',#4170,#10276);
#10276 = DEFINITIONAL_REPRESENTATION('',(#10277),#10281);
#10277 = LINE('',#10278,#10279);
#10278 = CARTESIAN_POINT('',(0.,-28.));
#10279 = VECTOR('',#10280,1.);
#10280 = DIRECTION('',(1.,0.));
#10281 = ( GEOMETRIC_REPRESENTATION_CONTEXT(2) 
PARAMETRIC_REPRESENTATION_CONTEXT() REPRESENTATION_CONTEXT('2D SPACE',''
  ) );
#10282 = ORIENTED_EDGE('',*,*,#10283,.T.);
#10283 = EDGE_CURVE('',#10261,#10284,#10286,.T.);
#10284 = VERTEX_POINT('',#10285);
#10285 = CARTESIAN_POINT('',(14.,-66.20650095669,-40.2858440531));
#10286 = SURFACE_CURVE('',#10287,(#10291,#10298),.PCURVE_S1.);
#10287 = LINE('',#10288,#10289);
#10288 = CARTESIAN_POINT('',(14.,-67.99181484123,-37.19358969762));
#10289 = VECTOR('',#10290,1.);
#10290 = DIRECTION('',(0.,0.5,-0.866025403784));
#10291 = PCURVE('',#72,#10292);
#10292 = DEFINITIONAL_REPRESENTATION('',(#10293),#10297);
#10293 = LINE('',#10294,#10295);
#10294 = CARTESIAN_POINT('',(-37.19358969762,67.991814841235));
#10295 = VECTOR('',#10296,1.);
#10296 = DIRECTION('',(-0.866025403784,-0.5));
#10297 = ( GEOMETRIC_REPRESENTATION_CONTEXT(2) 
PARAMETRIC_REPRESENTATION_CONTEXT() REPRESENTATION_CONTEXT('2D SPACE',''
  ) );
#10298 = PCURVE('',#4198,#10299);
#10299 = DEFINITIONAL_REPRESENTATION('',(#10300),#10304);
#10300 = LINE('',#10301,#10302);
#10301 = CARTESIAN_POINT('',(0.,-28.));
#10302 = VECTOR('',#10303,1.);
#10303 = DIRECTION('',(1.,0.));
#10304 = ( GEOMETRIC_REPRESENTATION_CONTEXT(2) 
PARAMETRIC_REPRESENTATION_CONTEXT() REPRESENTATION_CONTEXT('2D SPACE',''
  ) );
#10305 = ORIENTED_EDGE('',*,*,#10306,.T.);
#10306 = EDGE_CURVE('',#10284,#10307,#10309,.T.);
#10307 = VERTEX_POINT('',#10308);
#10308 = CARTESIAN_POINT('',(14.,-60.48358745231,-38.82977303433));
#10309 = SURFACE_CURVE('',#10310,(#10314,#10321),.PCURVE_S1.);
#10310 = LINE('',#10311,#10312);
#10311 = CARTESIAN_POINT('',(14.,-66.20650095669,-40.2858440531));
#10312 = VECTOR('',#10313,1.);
#10313 = DIRECTION('',(0.,0.969124315327,0.246572629144));
#10314 = PCURVE('',#72,#10315);
#10315 = DEFINITIONAL_REPRESENTATION('',(#10316),#10320);
#10316 = LINE('',#10317,#10318);
#10317 = CARTESIAN_POINT('',(-40.2858440531,66.206500956695));
#10318 = VECTOR('',#10319,1.);
#10319 = DIRECTION('',(0.246572629144,-0.969124315327));
#10320 = ( GEOMETRIC_REPRESENTATION_CONTEXT(2) 
PARAMETRIC_REPRESENTATION_CONTEXT() REPRESENTATION_CONTEXT('2D SPACE',''
  ) );
#10321 = PCURVE('',#4226,#10322);
#10322 = DEFINITIONAL_REPRESENTATION('',(#10323),#10327);
#10323 = LINE('',#10324,#10325);
#10324 = CARTESIAN_POINT('',(0.,-28.));
#10325 = VECTOR('',#10326,1.);
#10326 = DIRECTION('',(1.,0.));
#10327 = ( GEOMETRIC_REPRESENTATION_CONTEXT(2) 
PARAMETRIC_REPRESENTATION_CONTEXT() REPRESENTATION_CONTEXT('2D SPACE',''
  ) );
#10328 = ORIENTED_EDGE('',*,*,#10329,.T.);
#10329 = EDGE_CURVE('',#10307,#10330,#10332,.T.);
#10330 = VERTEX_POINT('',#10331);
#10331 = CARTESIAN_POINT('',(14.,-60.07365409834,-39.46101504361));
#10332 = SURFACE_CURVE('',#10333,(#10337,#10344),.PCURVE_S1.);
#10333 = LINE('',#10334,#10335);
#10334 = CARTESIAN_POINT('',(14.,-60.48358745231,-38.82977303433));
#10335 = VECTOR('',#10336,1.);
#10336 = DIRECTION('',(0.,0.544639035015,-0.838670567945));
#10337 = PCURVE('',#72,#10338);
#10338 = DEFINITIONAL_REPRESENTATION('',(#10339),#10343);
#10339 = LINE('',#10340,#10341);
#10340 = CARTESIAN_POINT('',(-38.82977303433,60.483587452319));
#10341 = VECTOR('',#10342,1.);
#10342 = DIRECTION('',(-0.838670567945,-0.544639035015));
#10343 = ( GEOMETRIC_REPRESENTATION_CONTEXT(2) 
PARAMETRIC_REPRESENTATION_CONTEXT() REPRESENTATION_CONTEXT('2D SPACE',''
  ) );
#10344 = PCURVE('',#4254,#10345);
#10345 = DEFINITIONAL_REPRESENTATION('',(#10346),#10350);
#10346 = LINE('',#10347,#10348);
#10347 = CARTESIAN_POINT('',(0.,-28.));
#10348 = VECTOR('',#10349,1.);
#10349 = DIRECTION('',(1.,0.));
#10350 = ( GEOMETRIC_REPRESENTATION_CONTEXT(2) 
PARAMETRIC_REPRESENTATION_CONTEXT() REPRESENTATION_CONTEXT('2D SPACE',''
  ) );
#10351 = ORIENTED_EDGE('',*,*,#10352,.T.);
#10352 = EDGE_CURVE('',#10330,#10353,#10355,.T.);
#10353 = VERTEX_POINT('',#10354);
#10354 = CARTESIAN_POINT('',(14.,-63.73155979093,-44.09691924176));
#10355 = SURFACE_CURVE('',#10356,(#10360,#10367),.PCURVE_S1.);
#10356 = LINE('',#10357,#10358);
#10357 = CARTESIAN_POINT('',(14.,-60.07365409834,-39.46101504361));
#10358 = VECTOR('',#10359,1.);
#10359 = DIRECTION('',(0.,-0.619433676072,-0.785048992705));
#10360 = PCURVE('',#72,#10361);
#10361 = DEFINITIONAL_REPRESENTATION('',(#10362),#10366);
#10362 = LINE('',#10363,#10364);
#10363 = CARTESIAN_POINT('',(-39.46101504361,60.073654098344));
#10364 = VECTOR('',#10365,1.);
#10365 = DIRECTION('',(-0.785048992705,0.619433676072));
#10366 = ( GEOMETRIC_REPRESENTATION_CONTEXT(2) 
PARAMETRIC_REPRESENTATION_CONTEXT() REPRESENTATION_CONTEXT('2D SPACE',''
  ) );
#10367 = PCURVE('',#4282,#10368);
#10368 = DEFINITIONAL_REPRESENTATION('',(#10369),#10373);
#10369 = LINE('',#10370,#10371);
#10370 = CARTESIAN_POINT('',(0.,-28.));
#10371 = VECTOR('',#10372,1.);
#10372 = DIRECTION('',(1.,0.));
#10373 = ( GEOMETRIC_REPRESENTATION_CONTEXT(2) 
PARAMETRIC_REPRESENTATION_CONTEXT() REPRESENTATION_CONTEXT('2D SPACE',''
  ) );
#10374 = ORIENTED_EDGE('',*,*,#10375,.T.);
#10375 = EDGE_CURVE('',#10353,#10376,#10378,.T.);
#10376 = VERTEX_POINT('',#10377);
#10377 = CARTESIAN_POINT('',(14.,-61.63279744684,-46.98561778753));
#10378 = SURFACE_CURVE('',#10379,(#10383,#10390),.PCURVE_S1.);
#10379 = LINE('',#10380,#10381);
#10380 = CARTESIAN_POINT('',(14.,-63.73155979093,-44.09691924176));
#10381 = VECTOR('',#10382,1.);
#10382 = DIRECTION('',(0.,0.587785252292,-0.809016994375));
#10383 = PCURVE('',#72,#10384);
#10384 = DEFINITIONAL_REPRESENTATION('',(#10385),#10389);
#10385 = LINE('',#10386,#10387);
#10386 = CARTESIAN_POINT('',(-44.09691924176,63.731559790933));
#10387 = VECTOR('',#10388,1.);
#10388 = DIRECTION('',(-0.809016994375,-0.587785252292));
#10389 = ( GEOMETRIC_REPRESENTATION_CONTEXT(2) 
PARAMETRIC_REPRESENTATION_CONTEXT() REPRESENTATION_CONTEXT('2D SPACE',''
  ) );
#10390 = PCURVE('',#4310,#10391);
#10391 = DEFINITIONAL_REPRESENTATION('',(#10392),#10396);
#10392 = LINE('',#10393,#10394);
#10393 = CARTESIAN_POINT('',(0.,-28.));
#10394 = VECTOR('',#10395,1.);
#10395 = DIRECTION('',(1.,0.));
#10396 = ( GEOMETRIC_REPRESENTATION_CONTEXT(2) 
PARAMETRIC_REPRESENTATION_CONTEXT() REPRESENTATION_CONTEXT('2D SPACE',''
  ) );
#10397 = ORIENTED_EDGE('',*,*,#10398,.T.);
#10398 = EDGE_CURVE('',#10376,#10399,#10401,.T.);
#10399 = VERTEX_POINT('',#10400);
#10400 = CARTESIAN_POINT('',(14.,-56.09343552744,-44.93931592412));
#10401 = SURFACE_CURVE('',#10402,(#10406,#10413),.PCURVE_S1.);
#10402 = LINE('',#10403,#10404);
#10403 = CARTESIAN_POINT('',(14.,-61.63279744684,-46.98561778753));
#10404 = VECTOR('',#10405,1.);
#10405 = DIRECTION('',(0.,0.938041492918,0.346522953878));
#10406 = PCURVE('',#72,#10407);
#10407 = DEFINITIONAL_REPRESENTATION('',(#10408),#10412);
#10408 = LINE('',#10409,#10410);
#10409 = CARTESIAN_POINT('',(-46.98561778753,61.632797446843));
#10410 = VECTOR('',#10411,1.);
#10411 = DIRECTION('',(0.346522953878,-0.938041492918));
#10412 = ( GEOMETRIC_REPRESENTATION_CONTEXT(2) 
PARAMETRIC_REPRESENTATION_CONTEXT() REPRESENTATION_CONTEXT('2D SPACE',''
  ) );
#10413 = PCURVE('',#4338,#10414);
#10414 = DEFINITIONAL_REPRESENTATION('',(#10415),#10419);
#10415 = LINE('',#10416,#10417);
#10416 = CARTESIAN_POINT('',(0.,-28.));
#10417 = VECTOR('',#10418,1.);
#10418 = DIRECTION('',(1.,0.));
#10419 = ( GEOMETRIC_REPRESENTATION_CONTEXT(2) 
PARAMETRIC_REPRESENTATION_CONTEXT() REPRESENTATION_CONTEXT('2D SPACE',''
  ) );
#10420 = ORIENTED_EDGE('',*,*,#10421,.T.);
#10421 = EDGE_CURVE('',#10399,#10422,#10424,.T.);
#10422 = VERTEX_POINT('',#10423);
#10423 = CARTESIAN_POINT('',(14.,-55.61976507409,-45.5242502201));
#10424 = SURFACE_CURVE('',#10425,(#10429,#10436),.PCURVE_S1.);
#10425 = LINE('',#10426,#10427);
#10426 = CARTESIAN_POINT('',(14.,-56.09343552744,-44.93931592412));
#10427 = VECTOR('',#10428,1.);
#10428 = DIRECTION('',(0.,0.62932039105,-0.777145961457));
#10429 = PCURVE('',#72,#10430);
#10430 = DEFINITIONAL_REPRESENTATION('',(#10431),#10435);
#10431 = LINE('',#10432,#10433);
#10432 = CARTESIAN_POINT('',(-44.93931592412,56.093435527443));
#10433 = VECTOR('',#10434,1.);
#10434 = DIRECTION('',(-0.777145961457,-0.62932039105));
#10435 = ( GEOMETRIC_REPRESENTATION_CONTEXT(2) 
PARAMETRIC_REPRESENTATION_CONTEXT() REPRESENTATION_CONTEXT('2D SPACE',''
  ) );
#10436 = PCURVE('',#4366,#10437);
#10437 = DEFINITIONAL_REPRESENTATION('',(#10438),#10442);
#10438 = LINE('',#10439,#10440);
#10439 = CARTESIAN_POINT('',(0.,-28.));
#10440 = VECTOR('',#10441,1.);
#10441 = DIRECTION('',(1.,0.));
#10442 = ( GEOMETRIC_REPRESENTATION_CONTEXT(2) 
PARAMETRIC_REPRESENTATION_CONTEXT() REPRESENTATION_CONTEXT('2D SPACE',''
  ) );
#10443 = ORIENTED_EDGE('',*,*,#10444,.T.);
#10444 = EDGE_CURVE('',#10422,#10445,#10447,.T.);
#10445 = VERTEX_POINT('',#10446);
#10446 = CARTESIAN_POINT('',(14.,-58.77304843487,-50.51711371081));
#10447 = SURFACE_CURVE('',#10448,(#10452,#10459),.PCURVE_S1.);
#10448 = LINE('',#10449,#10450);
#10449 = CARTESIAN_POINT('',(14.,-55.61976507409,-45.5242502201));
#10450 = VECTOR('',#10451,1.);
#10451 = DIRECTION('',(0.,-0.533980388785,-0.845496862438));
#10452 = PCURVE('',#72,#10453);
#10453 = DEFINITIONAL_REPRESENTATION('',(#10454),#10458);
#10454 = LINE('',#10455,#10456);
#10455 = CARTESIAN_POINT('',(-45.5242502201,55.619765074093));
#10456 = VECTOR('',#10457,1.);
#10457 = DIRECTION('',(-0.845496862438,0.533980388785));
#10458 = ( GEOMETRIC_REPRESENTATION_CONTEXT(2) 
PARAMETRIC_REPRESENTATION_CONTEXT() REPRESENTATION_CONTEXT('2D SPACE',''
  ) );
#10459 = PCURVE('',#4394,#10460);
#10460 = DEFINITIONAL_REPRESENTATION('',(#10461),#10465);
#10461 = LINE('',#10462,#10463);
#10462 = CARTESIAN_POINT('',(0.,-28.));
#10463 = VECTOR('',#10464,1.);
#10464 = DIRECTION('',(1.,0.));
#10465 = ( GEOMETRIC_REPRESENTATION_CONTEXT(2) 
PARAMETRIC_REPRESENTATION_CONTEXT() REPRESENTATION_CONTEXT('2D SPACE',''
  ) );
#10466 = ORIENTED_EDGE('',*,*,#10467,.T.);
#10467 = EDGE_CURVE('',#10445,#10468,#10470,.T.);
#10468 = VERTEX_POINT('',#10469);
#10469 = CARTESIAN_POINT('',(14.,-56.38383211067,-53.17060726111));
#10470 = SURFACE_CURVE('',#10471,(#10475,#10482),.PCURVE_S1.);
#10471 = LINE('',#10472,#10473);
#10472 = CARTESIAN_POINT('',(14.,-58.77304843487,-50.51711371081));
#10473 = VECTOR('',#10474,1.);
#10474 = DIRECTION('',(0.,0.669130606359,-0.743144825477));
#10475 = PCURVE('',#72,#10476);
#10476 = DEFINITIONAL_REPRESENTATION('',(#10477),#10481);
#10477 = LINE('',#10478,#10479);
#10478 = CARTESIAN_POINT('',(-50.51711371081,58.773048434876));
#10479 = VECTOR('',#10480,1.);
#10480 = DIRECTION('',(-0.743144825477,-0.669130606359));
#10481 = ( GEOMETRIC_REPRESENTATION_CONTEXT(2) 
PARAMETRIC_REPRESENTATION_CONTEXT() REPRESENTATION_CONTEXT('2D SPACE',''
  ) );
#10482 = PCURVE('',#4422,#10483);
#10483 = DEFINITIONAL_REPRESENTATION('',(#10484),#10488);
#10484 = LINE('',#10485,#10486);
#10485 = CARTESIAN_POINT('',(0.,-28.));
#10486 = VECTOR('',#10487,1.);
#10487 = DIRECTION('',(1.,0.));
#10488 = ( GEOMETRIC_REPRESENTATION_CONTEXT(2) 
PARAMETRIC_REPRESENTATION_CONTEXT() REPRESENTATION_CONTEXT('2D SPACE',''
  ) );
#10489 = ORIENTED_EDGE('',*,*,#10490,.T.);
#10490 = EDGE_CURVE('',#10468,#10491,#10493,.T.);
#10491 = VERTEX_POINT('',#10492);
#10492 = CARTESIAN_POINT('',(14.,-51.08871218462,-50.5564942645));
#10493 = SURFACE_CURVE('',#10494,(#10498,#10505),.PCURVE_S1.);
#10494 = LINE('',#10495,#10496);
#10495 = CARTESIAN_POINT('',(14.,-56.38383211067,-53.17060726111));
#10496 = VECTOR('',#10497,1.);
#10497 = DIRECTION('',(0.,0.896681291615,0.442676700616));
#10498 = PCURVE('',#72,#10499);
#10499 = DEFINITIONAL_REPRESENTATION('',(#10500),#10504);
#10500 = LINE('',#10501,#10502);
#10501 = CARTESIAN_POINT('',(-53.17060726111,56.38383211067));
#10502 = VECTOR('',#10503,1.);
#10503 = DIRECTION('',(0.442676700616,-0.896681291615));
#10504 = ( GEOMETRIC_REPRESENTATION_CONTEXT(2) 
PARAMETRIC_REPRESENTATION_CONTEXT() REPRESENTATION_CONTEXT('2D SPACE',''
  ) );
#10505 = PCURVE('',#4450,#10506);
#10506 = DEFINITIONAL_REPRESENTATION('',(#10507),#10511);
#10507 = LINE('',#10508,#10509);
#10508 = CARTESIAN_POINT('',(0.,-28.));
#10509 = VECTOR('',#10510,1.);
#10510 = DIRECTION('',(1.,0.));
#10511 = ( GEOMETRIC_REPRESENTATION_CONTEXT(2) 
PARAMETRIC_REPRESENTATION_CONTEXT() REPRESENTATION_CONTEXT('2D SPACE',''
  ) );
#10512 = ORIENTED_EDGE('',*,*,#10513,.T.);
#10513 = EDGE_CURVE('',#10491,#10514,#10516,.T.);
#10514 = VERTEX_POINT('',#10515);
#10515 = CARTESIAN_POINT('',(14.,-50.5564942645,-51.08871218462));
#10516 = SURFACE_CURVE('',#10517,(#10521,#10528),.PCURVE_S1.);
#10517 = LINE('',#10518,#10519);
#10518 = CARTESIAN_POINT('',(14.,-51.08871218462,-50.5564942645));
#10519 = VECTOR('',#10520,1.);
#10520 = DIRECTION('',(0.,0.707106781187,-0.707106781187));
#10521 = PCURVE('',#72,#10522);
#10522 = DEFINITIONAL_REPRESENTATION('',(#10523),#10527);
#10523 = LINE('',#10524,#10525);
#10524 = CARTESIAN_POINT('',(-50.5564942645,51.088712184621));
#10525 = VECTOR('',#10526,1.);
#10526 = DIRECTION('',(-0.707106781187,-0.707106781187));
#10527 = ( GEOMETRIC_REPRESENTATION_CONTEXT(2) 
PARAMETRIC_REPRESENTATION_CONTEXT() REPRESENTATION_CONTEXT('2D SPACE',''
  ) );
#10528 = PCURVE('',#4478,#10529);
#10529 = DEFINITIONAL_REPRESENTATION('',(#10530),#10534);
#10530 = LINE('',#10531,#10532);
#10531 = CARTESIAN_POINT('',(0.,-28.));
#10532 = VECTOR('',#10533,1.);
#10533 = DIRECTION('',(1.,0.));
#10534 = ( GEOMETRIC_REPRESENTATION_CONTEXT(2) 
PARAMETRIC_REPRESENTATION_CONTEXT() REPRESENTATION_CONTEXT('2D SPACE',''
  ) );
#10535 = ORIENTED_EDGE('',*,*,#10536,.T.);
#10536 = EDGE_CURVE('',#10514,#10537,#10539,.T.);
#10537 = VERTEX_POINT('',#10538);
#10538 = CARTESIAN_POINT('',(14.,-53.17060726111,-56.38383211067));
#10539 = SURFACE_CURVE('',#10540,(#10544,#10551),.PCURVE_S1.);
#10540 = LINE('',#10541,#10542);
#10541 = CARTESIAN_POINT('',(14.,-50.5564942645,-51.08871218462));
#10542 = VECTOR('',#10543,1.);
#10543 = DIRECTION('',(0.,-0.442676700616,-0.896681291615));
#10544 = PCURVE('',#72,#10545);
#10545 = DEFINITIONAL_REPRESENTATION('',(#10546),#10550);
#10546 = LINE('',#10547,#10548);
#10547 = CARTESIAN_POINT('',(-51.08871218462,50.556494264505));
#10548 = VECTOR('',#10549,1.);
#10549 = DIRECTION('',(-0.896681291615,0.442676700616));
#10550 = ( GEOMETRIC_REPRESENTATION_CONTEXT(2) 
PARAMETRIC_REPRESENTATION_CONTEXT() REPRESENTATION_CONTEXT('2D SPACE',''
  ) );
#10551 = PCURVE('',#4506,#10552);
#10552 = DEFINITIONAL_REPRESENTATION('',(#10553),#10557);
#10553 = LINE('',#10554,#10555);
#10554 = CARTESIAN_POINT('',(0.,-28.));
#10555 = VECTOR('',#10556,1.);
#10556 = DIRECTION('',(1.,0.));
#10557 = ( GEOMETRIC_REPRESENTATION_CONTEXT(2) 
PARAMETRIC_REPRESENTATION_CONTEXT() REPRESENTATION_CONTEXT('2D SPACE',''
  ) );
#10558 = ORIENTED_EDGE('',*,*,#10559,.T.);
#10559 = EDGE_CURVE('',#10537,#10560,#10562,.T.);
#10560 = VERTEX_POINT('',#10561);
#10561 = CARTESIAN_POINT('',(14.,-50.51711371081,-58.77304843487));
#10562 = SURFACE_CURVE('',#10563,(#10567,#10574),.PCURVE_S1.);
#10563 = LINE('',#10564,#10565);
#10564 = CARTESIAN_POINT('',(14.,-53.17060726111,-56.38383211067));
#10565 = VECTOR('',#10566,1.);
#10566 = DIRECTION('',(0.,0.743144825477,-0.669130606359));
#10567 = PCURVE('',#72,#10568);
#10568 = DEFINITIONAL_REPRESENTATION('',(#10569),#10573);
#10569 = LINE('',#10570,#10571);
#10570 = CARTESIAN_POINT('',(-56.38383211067,53.170607261115));
#10571 = VECTOR('',#10572,1.);
#10572 = DIRECTION('',(-0.669130606359,-0.743144825477));
#10573 = ( GEOMETRIC_REPRESENTATION_CONTEXT(2) 
PARAMETRIC_REPRESENTATION_CONTEXT() REPRESENTATION_CONTEXT('2D SPACE',''
  ) );
#10574 = PCURVE('',#4534,#10575);
#10575 = DEFINITIONAL_REPRESENTATION('',(#10576),#10580);
#10576 = LINE('',#10577,#10578);
#10577 = CARTESIAN_POINT('',(0.,-28.));
#10578 = VECTOR('',#10579,1.);
#10579 = DIRECTION('',(1.,0.));
#10580 = ( GEOMETRIC_REPRESENTATION_CONTEXT(2) 
PARAMETRIC_REPRESENTATION_CONTEXT() REPRESENTATION_CONTEXT('2D SPACE',''
  ) );
#10581 = ORIENTED_EDGE('',*,*,#10582,.T.);
#10582 = EDGE_CURVE('',#10560,#10583,#10585,.T.);
#10583 = VERTEX_POINT('',#10584);
#10584 = CARTESIAN_POINT('',(14.,-45.5242502201,-55.61976507409));
#10585 = SURFACE_CURVE('',#10586,(#10590,#10597),.PCURVE_S1.);
#10586 = LINE('',#10587,#10588);
#10587 = CARTESIAN_POINT('',(14.,-50.51711371081,-58.77304843487));
#10588 = VECTOR('',#10589,1.);
#10589 = DIRECTION('',(0.,0.845496862438,0.533980388785));
#10590 = PCURVE('',#72,#10591);
#10591 = DEFINITIONAL_REPRESENTATION('',(#10592),#10596);
#10592 = LINE('',#10593,#10594);
#10593 = CARTESIAN_POINT('',(-58.77304843487,50.517113710818));
#10594 = VECTOR('',#10595,1.);
#10595 = DIRECTION('',(0.533980388785,-0.845496862438));
#10596 = ( GEOMETRIC_REPRESENTATION_CONTEXT(2) 
PARAMETRIC_REPRESENTATION_CONTEXT() REPRESENTATION_CONTEXT('2D SPACE',''
  ) );
#10597 = PCURVE('',#4562,#10598);
#10598 = DEFINITIONAL_REPRESENTATION('',(#10599),#10603);
#10599 = LINE('',#10600,#10601);
#10600 = CARTESIAN_POINT('',(0.,-28.));
#10601 = VECTOR('',#10602,1.);
#10602 = DIRECTION('',(1.,0.));
#10603 = ( GEOMETRIC_REPRESENTATION_CONTEXT(2) 
PARAMETRIC_REPRESENTATION_CONTEXT() REPRESENTATION_CONTEXT('2D SPACE',''
  ) );
#10604 = ORIENTED_EDGE('',*,*,#10605,.T.);
#10605 = EDGE_CURVE('',#10583,#10606,#10608,.T.);
#10606 = VERTEX_POINT('',#10607);
#10607 = CARTESIAN_POINT('',(14.,-44.93931592412,-56.09343552744));
#10608 = SURFACE_CURVE('',#10609,(#10613,#10620),.PCURVE_S1.);
#10609 = LINE('',#10610,#10611);
#10610 = CARTESIAN_POINT('',(14.,-45.5242502201,-55.61976507409));
#10611 = VECTOR('',#10612,1.);
#10612 = DIRECTION('',(0.,0.777145961457,-0.62932039105));
#10613 = PCURVE('',#72,#10614);
#10614 = DEFINITIONAL_REPRESENTATION('',(#10615),#10619);
#10615 = LINE('',#10616,#10617);
#10616 = CARTESIAN_POINT('',(-55.61976507409,45.524250220105));
#10617 = VECTOR('',#10618,1.);
#10618 = DIRECTION('',(-0.62932039105,-0.777145961457));
#10619 = ( GEOMETRIC_REPRESENTATION_CONTEXT(2) 
PARAMETRIC_REPRESENTATION_CONTEXT() REPRESENTATION_CONTEXT('2D SPACE',''
  ) );
#10620 = PCURVE('',#4590,#10621);
#10621 = DEFINITIONAL_REPRESENTATION('',(#10622),#10626);
#10622 = LINE('',#10623,#10624);
#10623 = CARTESIAN_POINT('',(0.,-28.));
#10624 = VECTOR('',#10625,1.);
#10625 = DIRECTION('',(1.,0.));
#10626 = ( GEOMETRIC_REPRESENTATION_CONTEXT(2) 
PARAMETRIC_REPRESENTATION_CONTEXT() REPRESENTATION_CONTEXT('2D SPACE',''
  ) );
#10627 = ORIENTED_EDGE('',*,*,#10628,.T.);
#10628 = EDGE_CURVE('',#10606,#10629,#10631,.T.);
#10629 = VERTEX_POINT('',#10630);
#10630 = CARTESIAN_POINT('',(14.,-46.98561778753,-61.63279744684));
#10631 = SURFACE_CURVE('',#10632,(#10636,#10643),.PCURVE_S1.);
#10632 = LINE('',#10633,#10634);
#10633 = CARTESIAN_POINT('',(14.,-44.93931592412,-56.09343552744));
#10634 = VECTOR('',#10635,1.);
#10635 = DIRECTION('',(0.,-0.346522953878,-0.938041492918));
#10636 = PCURVE('',#72,#10637);
#10637 = DEFINITIONAL_REPRESENTATION('',(#10638),#10642);
#10638 = LINE('',#10639,#10640);
#10639 = CARTESIAN_POINT('',(-56.09343552744,44.939315924129));
#10640 = VECTOR('',#10641,1.);
#10641 = DIRECTION('',(-0.938041492918,0.346522953878));
#10642 = ( GEOMETRIC_REPRESENTATION_CONTEXT(2) 
PARAMETRIC_REPRESENTATION_CONTEXT() REPRESENTATION_CONTEXT('2D SPACE',''
  ) );
#10643 = PCURVE('',#4618,#10644);
#10644 = DEFINITIONAL_REPRESENTATION('',(#10645),#10649);
#10645 = LINE('',#10646,#10647);
#10646 = CARTESIAN_POINT('',(0.,-28.));
#10647 = VECTOR('',#10648,1.);
#10648 = DIRECTION('',(1.,0.));
#10649 = ( GEOMETRIC_REPRESENTATION_CONTEXT(2) 
PARAMETRIC_REPRESENTATION_CONTEXT() REPRESENTATION_CONTEXT('2D SPACE',''
  ) );
#10650 = ORIENTED_EDGE('',*,*,#10651,.T.);
#10651 = EDGE_CURVE('',#10629,#10652,#10654,.T.);
#10652 = VERTEX_POINT('',#10653);
#10653 = CARTESIAN_POINT('',(14.,-44.09691924176,-63.73155979093));
#10654 = SURFACE_CURVE('',#10655,(#10659,#10666),.PCURVE_S1.);
#10655 = LINE('',#10656,#10657);
#10656 = CARTESIAN_POINT('',(14.,-46.98561778753,-61.63279744684));
#10657 = VECTOR('',#10658,1.);
#10658 = DIRECTION('',(0.,0.809016994375,-0.587785252292));
#10659 = PCURVE('',#72,#10660);
#10660 = DEFINITIONAL_REPRESENTATION('',(#10661),#10665);
#10661 = LINE('',#10662,#10663);
#10662 = CARTESIAN_POINT('',(-61.63279744684,46.985617787537));
#10663 = VECTOR('',#10664,1.);
#10664 = DIRECTION('',(-0.587785252292,-0.809016994375));
#10665 = ( GEOMETRIC_REPRESENTATION_CONTEXT(2) 
PARAMETRIC_REPRESENTATION_CONTEXT() REPRESENTATION_CONTEXT('2D SPACE',''
  ) );
#10666 = PCURVE('',#4646,#10667);
#10667 = DEFINITIONAL_REPRESENTATION('',(#10668),#10672);
#10668 = LINE('',#10669,#10670);
#10669 = CARTESIAN_POINT('',(0.,-28.));
#10670 = VECTOR('',#10671,1.);
#10671 = DIRECTION('',(1.,0.));
#10672 = ( GEOMETRIC_REPRESENTATION_CONTEXT(2) 
PARAMETRIC_REPRESENTATION_CONTEXT() REPRESENTATION_CONTEXT('2D SPACE',''
  ) );
#10673 = ORIENTED_EDGE('',*,*,#10674,.T.);
#10674 = EDGE_CURVE('',#10652,#10675,#10677,.T.);
#10675 = VERTEX_POINT('',#10676);
#10676 = CARTESIAN_POINT('',(14.,-39.46101504361,-60.07365409834));
#10677 = SURFACE_CURVE('',#10678,(#10682,#10689),.PCURVE_S1.);
#10678 = LINE('',#10679,#10680);
#10679 = CARTESIAN_POINT('',(14.,-44.09691924176,-63.73155979093));
#10680 = VECTOR('',#10681,1.);
#10681 = DIRECTION('',(0.,0.785048992705,0.619433676072));
#10682 = PCURVE('',#72,#10683);
#10683 = DEFINITIONAL_REPRESENTATION('',(#10684),#10688);
#10684 = LINE('',#10685,#10686);
#10685 = CARTESIAN_POINT('',(-63.73155979093,44.096919241765));
#10686 = VECTOR('',#10687,1.);
#10687 = DIRECTION('',(0.619433676072,-0.785048992705));
#10688 = ( GEOMETRIC_REPRESENTATION_CONTEXT(2) 
PARAMETRIC_REPRESENTATION_CONTEXT() REPRESENTATION_CONTEXT('2D SPACE',''
  ) );
#10689 = PCURVE('',#4674,#10690);
#10690 = DEFINITIONAL_REPRESENTATION('',(#10691),#10695);
#10691 = LINE('',#10692,#10693);
#10692 = CARTESIAN_POINT('',(0.,-28.));
#10693 = VECTOR('',#10694,1.);
#10694 = DIRECTION('',(1.,0.));
#10695 = ( GEOMETRIC_REPRESENTATION_CONTEXT(2) 
PARAMETRIC_REPRESENTATION_CONTEXT() REPRESENTATION_CONTEXT('2D SPACE',''
  ) );
#10696 = ORIENTED_EDGE('',*,*,#10697,.T.);
#10697 = EDGE_CURVE('',#10675,#10698,#10700,.T.);
#10698 = VERTEX_POINT('',#10699);
#10699 = CARTESIAN_POINT('',(14.,-38.82977303433,-60.48358745231));
#10700 = SURFACE_CURVE('',#10701,(#10705,#10712),.PCURVE_S1.);
#10701 = LINE('',#10702,#10703);
#10702 = CARTESIAN_POINT('',(14.,-39.46101504361,-60.07365409834));
#10703 = VECTOR('',#10704,1.);
#10704 = DIRECTION('',(0.,0.838670567945,-0.544639035015));
#10705 = PCURVE('',#72,#10706);
#10706 = DEFINITIONAL_REPRESENTATION('',(#10707),#10711);
#10707 = LINE('',#10708,#10709);
#10708 = CARTESIAN_POINT('',(-60.07365409834,39.461015043616));
#10709 = VECTOR('',#10710,1.);
#10710 = DIRECTION('',(-0.544639035015,-0.838670567945));
#10711 = ( GEOMETRIC_REPRESENTATION_CONTEXT(2) 
PARAMETRIC_REPRESENTATION_CONTEXT() REPRESENTATION_CONTEXT('2D SPACE',''
  ) );
#10712 = PCURVE('',#4702,#10713);
#10713 = DEFINITIONAL_REPRESENTATION('',(#10714),#10718);
#10714 = LINE('',#10715,#10716);
#10715 = CARTESIAN_POINT('',(0.,-28.));
#10716 = VECTOR('',#10717,1.);
#10717 = DIRECTION('',(1.,0.));
#10718 = ( GEOMETRIC_REPRESENTATION_CONTEXT(2) 
PARAMETRIC_REPRESENTATION_CONTEXT() REPRESENTATION_CONTEXT('2D SPACE',''
  ) );
#10719 = ORIENTED_EDGE('',*,*,#10720,.T.);
#10720 = EDGE_CURVE('',#10698,#10721,#10723,.T.);
#10721 = VERTEX_POINT('',#10722);
#10722 = CARTESIAN_POINT('',(14.,-40.2858440531,-66.20650095669));
#10723 = SURFACE_CURVE('',#10724,(#10728,#10735),.PCURVE_S1.);
#10724 = LINE('',#10725,#10726);
#10725 = CARTESIAN_POINT('',(14.,-38.82977303433,-60.48358745231));
#10726 = VECTOR('',#10727,1.);
#10727 = DIRECTION('',(0.,-0.246572629144,-0.969124315327));
#10728 = PCURVE('',#72,#10729);
#10729 = DEFINITIONAL_REPRESENTATION('',(#10730),#10734);
#10730 = LINE('',#10731,#10732);
#10731 = CARTESIAN_POINT('',(-60.48358745231,38.829773034332));
#10732 = VECTOR('',#10733,1.);
#10733 = DIRECTION('',(-0.969124315327,0.246572629144));
#10734 = ( GEOMETRIC_REPRESENTATION_CONTEXT(2) 
PARAMETRIC_REPRESENTATION_CONTEXT() REPRESENTATION_CONTEXT('2D SPACE',''
  ) );
#10735 = PCURVE('',#4730,#10736);
#10736 = DEFINITIONAL_REPRESENTATION('',(#10737),#10741);
#10737 = LINE('',#10738,#10739);
#10738 = CARTESIAN_POINT('',(0.,-28.));
#10739 = VECTOR('',#10740,1.);
#10740 = DIRECTION('',(1.,0.));
#10741 = ( GEOMETRIC_REPRESENTATION_CONTEXT(2) 
PARAMETRIC_REPRESENTATION_CONTEXT() REPRESENTATION_CONTEXT('2D SPACE',''
  ) );
#10742 = ORIENTED_EDGE('',*,*,#10743,.T.);
#10743 = EDGE_CURVE('',#10721,#10744,#10746,.T.);
#10744 = VERTEX_POINT('',#10745);
#10745 = CARTESIAN_POINT('',(14.,-37.19358969762,-67.99181484123));
#10746 = SURFACE_CURVE('',#10747,(#10751,#10758),.PCURVE_S1.);
#10747 = LINE('',#10748,#10749);
#10748 = CARTESIAN_POINT('',(14.,-40.2858440531,-66.20650095669));
#10749 = VECTOR('',#10750,1.);
#10750 = DIRECTION('',(0.,0.866025403784,-0.5));
#10751 = PCURVE('',#72,#10752);
#10752 = DEFINITIONAL_REPRESENTATION('',(#10753),#10757);
#10753 = LINE('',#10754,#10755);
#10754 = CARTESIAN_POINT('',(-66.20650095669,40.285844053105));
#10755 = VECTOR('',#10756,1.);
#10756 = DIRECTION('',(-0.5,-0.866025403784));
#10757 = ( GEOMETRIC_REPRESENTATION_CONTEXT(2) 
PARAMETRIC_REPRESENTATION_CONTEXT() REPRESENTATION_CONTEXT('2D SPACE',''
  ) );
#10758 = PCURVE('',#4758,#10759);
#10759 = DEFINITIONAL_REPRESENTATION('',(#10760),#10764);
#10760 = LINE('',#10761,#10762);
#10761 = CARTESIAN_POINT('',(0.,-28.));
#10762 = VECTOR('',#10763,1.);
#10763 = DIRECTION('',(1.,0.));
#10764 = ( GEOMETRIC_REPRESENTATION_CONTEXT(2) 
PARAMETRIC_REPRESENTATION_CONTEXT() REPRESENTATION_CONTEXT('2D SPACE',''
  ) );
#10765 = ORIENTED_EDGE('',*,*,#10766,.T.);
#10766 = EDGE_CURVE('',#10744,#10767,#10769,.T.);
#10767 = VERTEX_POINT('',#10768);
#10768 = CARTESIAN_POINT('',(14.,-32.96543672856,-63.86936359707));
#10769 = SURFACE_CURVE('',#10770,(#10774,#10781),.PCURVE_S1.);
#10770 = LINE('',#10771,#10772);
#10771 = CARTESIAN_POINT('',(14.,-37.19358969762,-67.99181484123));
#10772 = VECTOR('',#10773,1.);
#10773 = DIRECTION('',(0.,0.715999961926,0.69810031838));
#10774 = PCURVE('',#72,#10775);
#10775 = DEFINITIONAL_REPRESENTATION('',(#10776),#10780);
#10776 = LINE('',#10777,#10778);
#10777 = CARTESIAN_POINT('',(-67.99181484123,37.193589697625));
#10778 = VECTOR('',#10779,1.);
#10779 = DIRECTION('',(0.69810031838,-0.715999961926));
#10780 = ( GEOMETRIC_REPRESENTATION_CONTEXT(2) 
PARAMETRIC_REPRESENTATION_CONTEXT() REPRESENTATION_CONTEXT('2D SPACE',''
  ) );
#10781 = PCURVE('',#4786,#10782);
#10782 = DEFINITIONAL_REPRESENTATION('',(#10783),#10787);
#10783 = LINE('',#10784,#10785);
#10784 = CARTESIAN_POINT('',(0.,-28.));
#10785 = VECTOR('',#10786,1.);
#10786 = DIRECTION('',(1.,0.));
#10787 = ( GEOMETRIC_REPRESENTATION_CONTEXT(2) 
PARAMETRIC_REPRESENTATION_CONTEXT() REPRESENTATION_CONTEXT('2D SPACE',''
  ) );
#10788 = ORIENTED_EDGE('',*,*,#10789,.T.);
#10789 = EDGE_CURVE('',#10767,#10790,#10792,.T.);
#10790 = VERTEX_POINT('',#10791);
#10791 = CARTESIAN_POINT('',(14.,-32.29480302551,-64.21106853606));
#10792 = SURFACE_CURVE('',#10793,(#10797,#10804),.PCURVE_S1.);
#10793 = LINE('',#10794,#10795);
#10794 = CARTESIAN_POINT('',(14.,-32.96543672856,-63.86936359707));
#10795 = VECTOR('',#10796,1.);
#10796 = DIRECTION('',(0.,0.891006524188,-0.45399049974));
#10797 = PCURVE('',#72,#10798);
#10798 = DEFINITIONAL_REPRESENTATION('',(#10799),#10803);
#10799 = LINE('',#10800,#10801);
#10800 = CARTESIAN_POINT('',(-63.86936359707,32.96543672856));
#10801 = VECTOR('',#10802,1.);
#10802 = DIRECTION('',(-0.45399049974,-0.891006524188));
#10803 = ( GEOMETRIC_REPRESENTATION_CONTEXT(2) 
PARAMETRIC_REPRESENTATION_CONTEXT() REPRESENTATION_CONTEXT('2D SPACE',''
  ) );
#10804 = PCURVE('',#4814,#10805);
#10805 = DEFINITIONAL_REPRESENTATION('',(#10806),#10810);
#10806 = LINE('',#10807,#10808);
#10807 = CARTESIAN_POINT('',(0.,-28.));
#10808 = VECTOR('',#10809,1.);
#10809 = DIRECTION('',(1.,0.));
#10810 = ( GEOMETRIC_REPRESENTATION_CONTEXT(2) 
PARAMETRIC_REPRESENTATION_CONTEXT() REPRESENTATION_CONTEXT('2D SPACE',''
  ) );
#10811 = ORIENTED_EDGE('',*,*,#10812,.T.);
#10812 = EDGE_CURVE('',#10790,#10813,#10815,.T.);
#10813 = VERTEX_POINT('',#10814);
#10814 = CARTESIAN_POINT('',(14.,-33.14469018087,-70.05483218746));
#10815 = SURFACE_CURVE('',#10816,(#10820,#10827),.PCURVE_S1.);
#10816 = LINE('',#10817,#10818);
#10817 = CARTESIAN_POINT('',(14.,-32.29480302551,-64.21106853606));
#10818 = VECTOR('',#10819,1.);
#10819 = DIRECTION('',(0.,-0.143920803085,-0.989589208934));
#10820 = PCURVE('',#72,#10821);
#10821 = DEFINITIONAL_REPRESENTATION('',(#10822),#10826);
#10822 = LINE('',#10823,#10824);
#10823 = CARTESIAN_POINT('',(-64.21106853606,32.294803025518));
#10824 = VECTOR('',#10825,1.);
#10825 = DIRECTION('',(-0.989589208934,0.143920803085));
#10826 = ( GEOMETRIC_REPRESENTATION_CONTEXT(2) 
PARAMETRIC_REPRESENTATION_CONTEXT() REPRESENTATION_CONTEXT('2D SPACE',''
  ) );
#10827 = PCURVE('',#4842,#10828);
#10828 = DEFINITIONAL_REPRESENTATION('',(#10829),#10833);
#10829 = LINE('',#10830,#10831);
#10830 = CARTESIAN_POINT('',(0.,-28.));
#10831 = VECTOR('',#10832,1.);
#10832 = DIRECTION('',(1.,0.));
#10833 = ( GEOMETRIC_REPRESENTATION_CONTEXT(2) 
PARAMETRIC_REPRESENTATION_CONTEXT() REPRESENTATION_CONTEXT('2D SPACE',''
  ) );
#10834 = ORIENTED_EDGE('',*,*,#10835,.T.);
#10835 = EDGE_CURVE('',#10813,#10836,#10838,.T.);
#10836 = VERTEX_POINT('',#10837);
#10837 = CARTESIAN_POINT('',(14.,-29.88275940149,-71.50713733993));
#10838 = SURFACE_CURVE('',#10839,(#10843,#10850),.PCURVE_S1.);
#10839 = LINE('',#10840,#10841);
#10840 = CARTESIAN_POINT('',(14.,-33.14469018087,-70.05483218746));
#10841 = VECTOR('',#10842,1.);
#10842 = DIRECTION('',(0.,0.913545457643,-0.406736643076));
#10843 = PCURVE('',#72,#10844);
#10844 = DEFINITIONAL_REPRESENTATION('',(#10845),#10849);
#10845 = LINE('',#10846,#10847);
#10846 = CARTESIAN_POINT('',(-70.05483218746,33.144690180873));
#10847 = VECTOR('',#10848,1.);
#10848 = DIRECTION('',(-0.406736643076,-0.913545457643));
#10849 = ( GEOMETRIC_REPRESENTATION_CONTEXT(2) 
PARAMETRIC_REPRESENTATION_CONTEXT() REPRESENTATION_CONTEXT('2D SPACE',''
  ) );
#10850 = PCURVE('',#4870,#10851);
#10851 = DEFINITIONAL_REPRESENTATION('',(#10852),#10856);
#10852 = LINE('',#10853,#10854);
#10853 = CARTESIAN_POINT('',(0.,-28.));
#10854 = VECTOR('',#10855,1.);
#10855 = DIRECTION('',(1.,0.));
#10856 = ( GEOMETRIC_REPRESENTATION_CONTEXT(2) 
PARAMETRIC_REPRESENTATION_CONTEXT() REPRESENTATION_CONTEXT('2D SPACE',''
  ) );
#10857 = ORIENTED_EDGE('',*,*,#10858,.T.);
#10858 = EDGE_CURVE('',#10836,#10859,#10861,.T.);
#10859 = VERTEX_POINT('',#10860);
#10860 = CARTESIAN_POINT('',(14.,-26.10868219024,-66.96530698271));
#10861 = SURFACE_CURVE('',#10862,(#10866,#10873),.PCURVE_S1.);
#10862 = LINE('',#10863,#10864);
#10863 = CARTESIAN_POINT('',(14.,-29.88275940149,-71.50713733993));
#10864 = VECTOR('',#10865,1.);
#10865 = DIRECTION('',(0.,0.639106285732,0.769118427512));
#10866 = PCURVE('',#72,#10867);
#10867 = DEFINITIONAL_REPRESENTATION('',(#10868),#10872);
#10868 = LINE('',#10869,#10870);
#10869 = CARTESIAN_POINT('',(-71.50713733993,29.882759401498));
#10870 = VECTOR('',#10871,1.);
#10871 = DIRECTION('',(0.769118427512,-0.639106285732));
#10872 = ( GEOMETRIC_REPRESENTATION_CONTEXT(2) 
PARAMETRIC_REPRESENTATION_CONTEXT() REPRESENTATION_CONTEXT('2D SPACE',''
  ) );
#10873 = PCURVE('',#4898,#10874);
#10874 = DEFINITIONAL_REPRESENTATION('',(#10875),#10879);
#10875 = LINE('',#10876,#10877);
#10876 = CARTESIAN_POINT('',(0.,-28.));
#10877 = VECTOR('',#10878,1.);
#10878 = DIRECTION('',(1.,0.));
#10879 = ( GEOMETRIC_REPRESENTATION_CONTEXT(2) 
PARAMETRIC_REPRESENTATION_CONTEXT() REPRESENTATION_CONTEXT('2D SPACE',''
  ) );
#10880 = ORIENTED_EDGE('',*,*,#10881,.T.);
#10881 = EDGE_CURVE('',#10859,#10882,#10884,.T.);
#10882 = VERTEX_POINT('',#10883);
#10883 = CARTESIAN_POINT('',(14.,-25.40600439663,-67.23503971589));
#10884 = SURFACE_CURVE('',#10885,(#10889,#10896),.PCURVE_S1.);
#10885 = LINE('',#10886,#10887);
#10886 = CARTESIAN_POINT('',(14.,-26.10868219024,-66.96530698271));
#10887 = VECTOR('',#10888,1.);
#10888 = DIRECTION('',(0.,0.933580426497,-0.358367949545));
#10889 = PCURVE('',#72,#10890);
#10890 = DEFINITIONAL_REPRESENTATION('',(#10891),#10895);
#10891 = LINE('',#10892,#10893);
#10892 = CARTESIAN_POINT('',(-66.96530698271,26.108682190245));
#10893 = VECTOR('',#10894,1.);
#10894 = DIRECTION('',(-0.358367949545,-0.933580426497));
#10895 = ( GEOMETRIC_REPRESENTATION_CONTEXT(2) 
PARAMETRIC_REPRESENTATION_CONTEXT() REPRESENTATION_CONTEXT('2D SPACE',''
  ) );
#10896 = PCURVE('',#4926,#10897);
#10897 = DEFINITIONAL_REPRESENTATION('',(#10898),#10902);
#10898 = LINE('',#10899,#10900);
#10899 = CARTESIAN_POINT('',(0.,-28.));
#10900 = VECTOR('',#10901,1.);
#10901 = DIRECTION('',(1.,0.));
#10902 = ( GEOMETRIC_REPRESENTATION_CONTEXT(2) 
PARAMETRIC_REPRESENTATION_CONTEXT() REPRESENTATION_CONTEXT('2D SPACE',''
  ) );
#10903 = ORIENTED_EDGE('',*,*,#10904,.T.);
#10904 = EDGE_CURVE('',#10882,#10905,#10907,.T.);
#10905 = VERTEX_POINT('',#10906);
#10906 = CARTESIAN_POINT('',(14.,-25.64039614704,-73.13562801687));
#10907 = SURFACE_CURVE('',#10908,(#10912,#10919),.PCURVE_S1.);
#10908 = LINE('',#10909,#10910);
#10909 = CARTESIAN_POINT('',(14.,-25.40600439663,-67.23503971589));
#10910 = VECTOR('',#10911,1.);
#10911 = DIRECTION('',(0.,-3.969215059134E-02,-0.999211956084));
#10912 = PCURVE('',#72,#10913);
#10913 = DEFINITIONAL_REPRESENTATION('',(#10914),#10918);
#10914 = LINE('',#10915,#10916);
#10915 = CARTESIAN_POINT('',(-67.23503971589,25.406004396634));
#10916 = VECTOR('',#10917,1.);
#10917 = DIRECTION('',(-0.999211956084,3.969215059134E-02));
#10918 = ( GEOMETRIC_REPRESENTATION_CONTEXT(2) 
PARAMETRIC_REPRESENTATION_CONTEXT() REPRESENTATION_CONTEXT('2D SPACE',''
  ) );
#10919 = PCURVE('',#4954,#10920);
#10920 = DEFINITIONAL_REPRESENTATION('',(#10921),#10925);
#10921 = LINE('',#10922,#10923);
#10922 = CARTESIAN_POINT('',(0.,-28.));
#10923 = VECTOR('',#10924,1.);
#10924 = DIRECTION('',(1.,0.));
#10925 = ( GEOMETRIC_REPRESENTATION_CONTEXT(2) 
PARAMETRIC_REPRESENTATION_CONTEXT() REPRESENTATION_CONTEXT('2D SPACE',''
  ) );
#10926 = ORIENTED_EDGE('',*,*,#10927,.T.);
#10927 = EDGE_CURVE('',#10905,#10928,#10930,.T.);
#10928 = VERTEX_POINT('',#10929);
#10929 = CARTESIAN_POINT('',(14.,-22.24452734,-74.2390126781));
#10930 = SURFACE_CURVE('',#10931,(#10935,#10942),.PCURVE_S1.);
#10931 = LINE('',#10932,#10933);
#10932 = CARTESIAN_POINT('',(14.,-25.64039614704,-73.13562801687));
#10933 = VECTOR('',#10934,1.);
#10934 = DIRECTION('',(0.,0.951056516295,-0.309016994375));
#10935 = PCURVE('',#72,#10936);
#10936 = DEFINITIONAL_REPRESENTATION('',(#10937),#10941);
#10937 = LINE('',#10938,#10939);
#10938 = CARTESIAN_POINT('',(-73.13562801687,25.640396147047));
#10939 = VECTOR('',#10940,1.);
#10940 = DIRECTION('',(-0.309016994375,-0.951056516295));
#10941 = ( GEOMETRIC_REPRESENTATION_CONTEXT(2) 
PARAMETRIC_REPRESENTATION_CONTEXT() REPRESENTATION_CONTEXT('2D SPACE',''
  ) );
#10942 = PCURVE('',#4982,#10943);
#10943 = DEFINITIONAL_REPRESENTATION('',(#10944),#10948);
#10944 = LINE('',#10945,#10946);
#10945 = CARTESIAN_POINT('',(0.,-28.));
#10946 = VECTOR('',#10947,1.);
#10947 = DIRECTION('',(1.,0.));
#10948 = ( GEOMETRIC_REPRESENTATION_CONTEXT(2) 
PARAMETRIC_REPRESENTATION_CONTEXT() REPRESENTATION_CONTEXT('2D SPACE',''
  ) );
#10949 = ORIENTED_EDGE('',*,*,#10950,.T.);
#10950 = EDGE_CURVE('',#10928,#10951,#10953,.T.);
#10951 = VERTEX_POINT('',#10952);
#10952 = CARTESIAN_POINT('',(14.,-18.96587546626,-69.32756445165));
#10953 = SURFACE_CURVE('',#10954,(#10958,#10965),.PCURVE_S1.);
#10954 = LINE('',#10955,#10956);
#10955 = CARTESIAN_POINT('',(14.,-22.24452734,-74.2390126781));
#10956 = VECTOR('',#10957,1.);
#10957 = DIRECTION('',(0.,0.555210427329,0.831709914204));
#10958 = PCURVE('',#72,#10959);
#10959 = DEFINITIONAL_REPRESENTATION('',(#10960),#10964);
#10960 = LINE('',#10961,#10962);
#10961 = CARTESIAN_POINT('',(-74.2390126781,22.24452734));
#10962 = VECTOR('',#10963,1.);
#10963 = DIRECTION('',(0.831709914204,-0.555210427329));
#10964 = ( GEOMETRIC_REPRESENTATION_CONTEXT(2) 
PARAMETRIC_REPRESENTATION_CONTEXT() REPRESENTATION_CONTEXT('2D SPACE',''
  ) );
#10965 = PCURVE('',#5010,#10966);
#10966 = DEFINITIONAL_REPRESENTATION('',(#10967),#10971);
#10967 = LINE('',#10968,#10969);
#10968 = CARTESIAN_POINT('',(0.,-28.));
#10969 = VECTOR('',#10970,1.);
#10970 = DIRECTION('',(1.,0.));
#10971 = ( GEOMETRIC_REPRESENTATION_CONTEXT(2) 
PARAMETRIC_REPRESENTATION_CONTEXT() REPRESENTATION_CONTEXT('2D SPACE',''
  ) );
#10972 = ORIENTED_EDGE('',*,*,#10973,.T.);
#10973 = EDGE_CURVE('',#10951,#10974,#10976,.T.);
#10974 = VERTEX_POINT('',#10975);
#10975 = CARTESIAN_POINT('',(14.,-18.23885226703,-69.52236973076));
#10976 = SURFACE_CURVE('',#10977,(#10981,#10988),.PCURVE_S1.);
#10977 = LINE('',#10978,#10979);
#10978 = CARTESIAN_POINT('',(14.,-18.96587546626,-69.32756445165));
#10979 = VECTOR('',#10980,1.);
#10980 = DIRECTION('',(0.,0.965925826289,-0.258819045103));
#10981 = PCURVE('',#72,#10982);
#10982 = DEFINITIONAL_REPRESENTATION('',(#10983),#10987);
#10983 = LINE('',#10984,#10985);
#10984 = CARTESIAN_POINT('',(-69.32756445165,18.965875466261));
#10985 = VECTOR('',#10986,1.);
#10986 = DIRECTION('',(-0.258819045103,-0.965925826289));
#10987 = ( GEOMETRIC_REPRESENTATION_CONTEXT(2) 
PARAMETRIC_REPRESENTATION_CONTEXT() REPRESENTATION_CONTEXT('2D SPACE',''
  ) );
#10988 = PCURVE('',#5038,#10989);
#10989 = DEFINITIONAL_REPRESENTATION('',(#10990),#10994);
#10990 = LINE('',#10991,#10992);
#10991 = CARTESIAN_POINT('',(0.,-28.));
#10992 = VECTOR('',#10993,1.);
#10993 = DIRECTION('',(1.,0.));
#10994 = ( GEOMETRIC_REPRESENTATION_CONTEXT(2) 
PARAMETRIC_REPRESENTATION_CONTEXT() REPRESENTATION_CONTEXT('2D SPACE',''
  ) );
#10995 = ORIENTED_EDGE('',*,*,#10996,.T.);
#10996 = EDGE_CURVE('',#10974,#10997,#10999,.T.);
#10997 = VERTEX_POINT('',#10998);
#10998 = CARTESIAN_POINT('',(14.,-17.85518056743,-75.41513460111));
#10999 = SURFACE_CURVE('',#11000,(#11004,#11011),.PCURVE_S1.);
#11000 = LINE('',#11001,#11002);
#11001 = CARTESIAN_POINT('',(14.,-18.23885226703,-69.52236973076));
#11002 = VECTOR('',#11003,1.);
#11003 = DIRECTION('',(0.,6.49713774108E-02,-0.997887127945));
#11004 = PCURVE('',#72,#11005);
#11005 = DEFINITIONAL_REPRESENTATION('',(#11006),#11010);
#11006 = LINE('',#11007,#11008);
#11007 = CARTESIAN_POINT('',(-69.52236973076,18.238852267033));
#11008 = VECTOR('',#11009,1.);
#11009 = DIRECTION('',(-0.997887127945,-6.49713774108E-02));
#11010 = ( GEOMETRIC_REPRESENTATION_CONTEXT(2) 
PARAMETRIC_REPRESENTATION_CONTEXT() REPRESENTATION_CONTEXT('2D SPACE',''
  ) );
#11011 = PCURVE('',#5066,#11012);
#11012 = DEFINITIONAL_REPRESENTATION('',(#11013),#11017);
#11013 = LINE('',#11014,#11015);
#11014 = CARTESIAN_POINT('',(0.,-28.));
#11015 = VECTOR('',#11016,1.);
#11016 = DIRECTION('',(1.,0.));
#11017 = ( GEOMETRIC_REPRESENTATION_CONTEXT(2) 
PARAMETRIC_REPRESENTATION_CONTEXT() REPRESENTATION_CONTEXT('2D SPACE',''
  ) );
#11018 = ORIENTED_EDGE('',*,*,#11019,.T.);
#11019 = EDGE_CURVE('',#10997,#11020,#11022,.T.);
#11020 = VERTEX_POINT('',#11021);
#11021 = CARTESIAN_POINT('',(14.,-14.36257958199,-76.15750985786));
#11022 = SURFACE_CURVE('',#11023,(#11027,#11034),.PCURVE_S1.);
#11023 = LINE('',#11024,#11025);
#11024 = CARTESIAN_POINT('',(14.,-17.85518056743,-75.41513460111));
#11025 = VECTOR('',#11026,1.);
#11026 = DIRECTION('',(0.,0.978147600734,-0.207911690818));
#11027 = PCURVE('',#72,#11028);
#11028 = DEFINITIONAL_REPRESENTATION('',(#11029),#11033);
#11029 = LINE('',#11030,#11031);
#11030 = CARTESIAN_POINT('',(-75.41513460111,17.855180567436));
#11031 = VECTOR('',#11032,1.);
#11032 = DIRECTION('',(-0.207911690818,-0.978147600734));
#11033 = ( GEOMETRIC_REPRESENTATION_CONTEXT(2) 
PARAMETRIC_REPRESENTATION_CONTEXT() REPRESENTATION_CONTEXT('2D SPACE',''
  ) );
#11034 = PCURVE('',#5094,#11035);
#11035 = DEFINITIONAL_REPRESENTATION('',(#11036),#11040);
#11036 = LINE('',#11037,#11038);
#11037 = CARTESIAN_POINT('',(0.,-28.));
#11038 = VECTOR('',#11039,1.);
#11039 = DIRECTION('',(1.,0.));
#11040 = ( GEOMETRIC_REPRESENTATION_CONTEXT(2) 
PARAMETRIC_REPRESENTATION_CONTEXT() REPRESENTATION_CONTEXT('2D SPACE',''
  ) );
#11041 = ORIENTED_EDGE('',*,*,#11042,.T.);
#11042 = EDGE_CURVE('',#11020,#11043,#11045,.T.);
#11043 = VERTEX_POINT('',#11044);
#11044 = CARTESIAN_POINT('',(14.,-11.6152746418,-70.93025461673));
#11045 = SURFACE_CURVE('',#11046,(#11050,#11057),.PCURVE_S1.);
#11046 = LINE('',#11047,#11048);
#11047 = CARTESIAN_POINT('',(14.,-14.36257958199,-76.15750985786));
#11048 = VECTOR('',#11049,1.);
#11049 = DIRECTION('',(0.,0.465231567299,0.88518901303));
#11050 = PCURVE('',#72,#11051);
#11051 = DEFINITIONAL_REPRESENTATION('',(#11052),#11056);
#11052 = LINE('',#11053,#11054);
#11053 = CARTESIAN_POINT('',(-76.15750985786,14.362579581998));
#11054 = VECTOR('',#11055,1.);
#11055 = DIRECTION('',(0.88518901303,-0.465231567299));
#11056 = ( GEOMETRIC_REPRESENTATION_CONTEXT(2) 
PARAMETRIC_REPRESENTATION_CONTEXT() REPRESENTATION_CONTEXT('2D SPACE',''
  ) );
#11057 = PCURVE('',#5122,#11058);
#11058 = DEFINITIONAL_REPRESENTATION('',(#11059),#11063);
#11059 = LINE('',#11060,#11061);
#11060 = CARTESIAN_POINT('',(0.,-28.));
#11061 = VECTOR('',#11062,1.);
#11062 = DIRECTION('',(1.,0.));
#11063 = ( GEOMETRIC_REPRESENTATION_CONTEXT(2) 
PARAMETRIC_REPRESENTATION_CONTEXT() REPRESENTATION_CONTEXT('2D SPACE',''
  ) );
#11064 = ORIENTED_EDGE('',*,*,#11065,.T.);
#11065 = EDGE_CURVE('',#11043,#11066,#11068,.T.);
#11066 = VERTEX_POINT('',#11067);
#11067 = CARTESIAN_POINT('',(14.,-10.87187145526,-71.04799811437));
#11068 = SURFACE_CURVE('',#11069,(#11073,#11080),.PCURVE_S1.);
#11069 = LINE('',#11070,#11071);
#11070 = CARTESIAN_POINT('',(14.,-11.6152746418,-70.93025461673));
#11071 = VECTOR('',#11072,1.);
#11072 = DIRECTION('',(0.,0.987688340595,-0.15643446504));
#11073 = PCURVE('',#72,#11074);
#11074 = DEFINITIONAL_REPRESENTATION('',(#11075),#11079);
#11075 = LINE('',#11076,#11077);
#11076 = CARTESIAN_POINT('',(-70.93025461673,11.615274641804));
#11077 = VECTOR('',#11078,1.);
#11078 = DIRECTION('',(-0.15643446504,-0.987688340595));
#11079 = ( GEOMETRIC_REPRESENTATION_CONTEXT(2) 
PARAMETRIC_REPRESENTATION_CONTEXT() REPRESENTATION_CONTEXT('2D SPACE',''
  ) );
#11080 = PCURVE('',#5150,#11081);
#11081 = DEFINITIONAL_REPRESENTATION('',(#11082),#11086);
#11082 = LINE('',#11083,#11084);
#11083 = CARTESIAN_POINT('',(0.,-28.));
#11084 = VECTOR('',#11085,1.);
#11085 = DIRECTION('',(1.,0.));
#11086 = ( GEOMETRIC_REPRESENTATION_CONTEXT(2) 
PARAMETRIC_REPRESENTATION_CONTEXT() REPRESENTATION_CONTEXT('2D SPACE',''
  ) );
#11087 = ORIENTED_EDGE('',*,*,#11088,.T.);
#11088 = EDGE_CURVE('',#11066,#11089,#11091,.T.);
#11089 = VERTEX_POINT('',#11090);
#11090 = CARTESIAN_POINT('',(14.,-9.874339893091,-76.86837718903));
#11091 = SURFACE_CURVE('',#11092,(#11096,#11103),.PCURVE_S1.);
#11092 = LINE('',#11093,#11094);
#11093 = CARTESIAN_POINT('',(14.,-10.87187145526,-71.04799811437));
#11094 = VECTOR('',#11095,1.);
#11095 = DIRECTION('',(0.,0.168923065406,-0.98562923961));
#11096 = PCURVE('',#72,#11097);
#11097 = DEFINITIONAL_REPRESENTATION('',(#11098),#11102);
#11098 = LINE('',#11099,#11100);
#11099 = CARTESIAN_POINT('',(-71.04799811437,10.871871455269));
#11100 = VECTOR('',#11101,1.);
#11101 = DIRECTION('',(-0.98562923961,-0.168923065406));
#11102 = ( GEOMETRIC_REPRESENTATION_CONTEXT(2) 
PARAMETRIC_REPRESENTATION_CONTEXT() REPRESENTATION_CONTEXT('2D SPACE',''
  ) );
#11103 = PCURVE('',#5178,#11104);
#11104 = DEFINITIONAL_REPRESENTATION('',(#11105),#11109);
#11105 = LINE('',#11106,#11107);
#11106 = CARTESIAN_POINT('',(0.,-28.));
#11107 = VECTOR('',#11108,1.);
#11108 = DIRECTION('',(1.,0.));
#11109 = ( GEOMETRIC_REPRESENTATION_CONTEXT(2) 
PARAMETRIC_REPRESENTATION_CONTEXT() REPRESENTATION_CONTEXT('2D SPACE',''
  ) );
#11110 = ORIENTED_EDGE('',*,*,#11111,.T.);
#11111 = EDGE_CURVE('',#11089,#11112,#11114,.T.);
#11112 = VERTEX_POINT('',#11113);
#11113 = CARTESIAN_POINT('',(14.,-6.323272396532,-77.24160942263));
#11114 = SURFACE_CURVE('',#11115,(#11119,#11126),.PCURVE_S1.);
#11115 = LINE('',#11116,#11117);
#11116 = CARTESIAN_POINT('',(14.,-9.874339893091,-76.86837718903));
#11117 = VECTOR('',#11118,1.);
#11118 = DIRECTION('',(0.,0.994521895368,-0.104528463268));
#11119 = PCURVE('',#72,#11120);
#11120 = DEFINITIONAL_REPRESENTATION('',(#11121),#11125);
#11121 = LINE('',#11122,#11123);
#11122 = CARTESIAN_POINT('',(-76.86837718903,9.874339893091));
#11123 = VECTOR('',#11124,1.);
#11124 = DIRECTION('',(-0.104528463268,-0.994521895368));
#11125 = ( GEOMETRIC_REPRESENTATION_CONTEXT(2) 
PARAMETRIC_REPRESENTATION_CONTEXT() REPRESENTATION_CONTEXT('2D SPACE',''
  ) );
#11126 = PCURVE('',#5206,#11127);
#11127 = DEFINITIONAL_REPRESENTATION('',(#11128),#11132);
#11128 = LINE('',#11129,#11130);
#11129 = CARTESIAN_POINT('',(0.,-28.));
#11130 = VECTOR('',#11131,1.);
#11131 = DIRECTION('',(1.,0.));
#11132 = ( GEOMETRIC_REPRESENTATION_CONTEXT(2) 
PARAMETRIC_REPRESENTATION_CONTEXT() REPRESENTATION_CONTEXT('2D SPACE',''
  ) );
#11133 = ORIENTED_EDGE('',*,*,#11134,.T.);
#11134 = EDGE_CURVE('',#11112,#11135,#11137,.T.);
#11135 = VERTEX_POINT('',#11136);
#11136 = CARTESIAN_POINT('',(14.,-4.137414437719,-71.75581806913));
#11137 = SURFACE_CURVE('',#11138,(#11142,#11149),.PCURVE_S1.);
#11138 = LINE('',#11139,#11140);
#11139 = CARTESIAN_POINT('',(14.,-6.323272396532,-77.24160942263));
#11140 = VECTOR('',#11141,1.);
#11141 = DIRECTION('',(0.,0.370155532862,0.928969795791));
#11142 = PCURVE('',#72,#11143);
#11143 = DEFINITIONAL_REPRESENTATION('',(#11144),#11148);
#11144 = LINE('',#11145,#11146);
#11145 = CARTESIAN_POINT('',(-77.24160942263,6.323272396532));
#11146 = VECTOR('',#11147,1.);
#11147 = DIRECTION('',(0.928969795791,-0.370155532862));
#11148 = ( GEOMETRIC_REPRESENTATION_CONTEXT(2) 
PARAMETRIC_REPRESENTATION_CONTEXT() REPRESENTATION_CONTEXT('2D SPACE',''
  ) );
#11149 = PCURVE('',#5234,#11150);
#11150 = DEFINITIONAL_REPRESENTATION('',(#11151),#11155);
#11151 = LINE('',#11152,#11153);
#11152 = CARTESIAN_POINT('',(0.,-28.));
#11153 = VECTOR('',#11154,1.);
#11154 = DIRECTION('',(1.,0.));
#11155 = ( GEOMETRIC_REPRESENTATION_CONTEXT(2) 
PARAMETRIC_REPRESENTATION_CONTEXT() REPRESENTATION_CONTEXT('2D SPACE',''
  ) );
#11156 = ORIENTED_EDGE('',*,*,#11157,.T.);
#11157 = EDGE_CURVE('',#11135,#11158,#11160,.T.);
#11158 = VERTEX_POINT('',#11159);
#11159 = CARTESIAN_POINT('',(14.,-3.385776144756,-71.79520976289));
#11160 = SURFACE_CURVE('',#11161,(#11165,#11172),.PCURVE_S1.);
#11161 = LINE('',#11162,#11163);
#11162 = CARTESIAN_POINT('',(14.,-4.137414437719,-71.75581806913));
#11163 = VECTOR('',#11164,1.);
#11164 = DIRECTION('',(0.,0.998629534755,-5.233595624294E-02));
#11165 = PCURVE('',#72,#11166);
#11166 = DEFINITIONAL_REPRESENTATION('',(#11167),#11171);
#11167 = LINE('',#11168,#11169);
#11168 = CARTESIAN_POINT('',(-71.75581806913,4.137414437719));
#11169 = VECTOR('',#11170,1.);
#11170 = DIRECTION('',(-5.233595624294E-02,-0.998629534755));
#11171 = ( GEOMETRIC_REPRESENTATION_CONTEXT(2) 
PARAMETRIC_REPRESENTATION_CONTEXT() REPRESENTATION_CONTEXT('2D SPACE',''
  ) );
#11172 = PCURVE('',#5262,#11173);
#11173 = DEFINITIONAL_REPRESENTATION('',(#11174),#11178);
#11174 = LINE('',#11175,#11176);
#11175 = CARTESIAN_POINT('',(0.,-28.));
#11176 = VECTOR('',#11177,1.);
#11177 = DIRECTION('',(1.,0.));
#11178 = ( GEOMETRIC_REPRESENTATION_CONTEXT(2) 
PARAMETRIC_REPRESENTATION_CONTEXT() REPRESENTATION_CONTEXT('2D SPACE',''
  ) );
#11179 = ORIENTED_EDGE('',*,*,#11180,.T.);
#11180 = EDGE_CURVE('',#11158,#11181,#11183,.T.);
#11181 = VERTEX_POINT('',#11182);
#11182 = CARTESIAN_POINT('',(14.,-1.78531388454,-77.47943375072));
#11183 = SURFACE_CURVE('',#11184,(#11188,#11195),.PCURVE_S1.);
#11184 = LINE('',#11185,#11186);
#11185 = CARTESIAN_POINT('',(14.,-3.385776144756,-71.79520976289));
#11186 = VECTOR('',#11187,1.);
#11187 = DIRECTION('',(0.,0.271023996947,-0.96257259107));
#11188 = PCURVE('',#72,#11189);
#11189 = DEFINITIONAL_REPRESENTATION('',(#11190),#11194);
#11190 = LINE('',#11191,#11192);
#11191 = CARTESIAN_POINT('',(-71.79520976289,3.385776144756));
#11192 = VECTOR('',#11193,1.);
#11193 = DIRECTION('',(-0.96257259107,-0.271023996947));
#11194 = ( GEOMETRIC_REPRESENTATION_CONTEXT(2) 
PARAMETRIC_REPRESENTATION_CONTEXT() REPRESENTATION_CONTEXT('2D SPACE',''
  ) );
#11195 = PCURVE('',#5290,#11196);
#11196 = DEFINITIONAL_REPRESENTATION('',(#11197),#11201);
#11197 = LINE('',#11198,#11199);
#11198 = CARTESIAN_POINT('',(0.,-28.));
#11199 = VECTOR('',#11200,1.);
#11200 = DIRECTION('',(1.,0.));
#11201 = ( GEOMETRIC_REPRESENTATION_CONTEXT(2) 
PARAMETRIC_REPRESENTATION_CONTEXT() REPRESENTATION_CONTEXT('2D SPACE',''
  ) );
#11202 = ORIENTED_EDGE('',*,*,#11203,.T.);
#11203 = EDGE_CURVE('',#11181,#11204,#11206,.T.);
#11204 = VERTEX_POINT('',#11205);
#11205 = CARTESIAN_POINT('',(14.,1.785313884539,-77.47943375072));
#11206 = SURFACE_CURVE('',#11207,(#11211,#11218),.PCURVE_S1.);
#11207 = LINE('',#11208,#11209);
#11208 = CARTESIAN_POINT('',(14.,-1.78531388454,-77.47943375072));
#11209 = VECTOR('',#11210,1.);
#11210 = DIRECTION('',(0.,1.,0.));
#11211 = PCURVE('',#72,#11212);
#11212 = DEFINITIONAL_REPRESENTATION('',(#11213),#11217);
#11213 = LINE('',#11214,#11215);
#11214 = CARTESIAN_POINT('',(-77.47943375072,1.78531388454));
#11215 = VECTOR('',#11216,1.);
#11216 = DIRECTION('',(0.,-1.));
#11217 = ( GEOMETRIC_REPRESENTATION_CONTEXT(2) 
PARAMETRIC_REPRESENTATION_CONTEXT() REPRESENTATION_CONTEXT('2D SPACE',''
  ) );
#11218 = PCURVE('',#5318,#11219);
#11219 = DEFINITIONAL_REPRESENTATION('',(#11220),#11224);
#11220 = LINE('',#11221,#11222);
#11221 = CARTESIAN_POINT('',(0.,-28.));
#11222 = VECTOR('',#11223,1.);
#11223 = DIRECTION('',(1.,0.));
#11224 = ( GEOMETRIC_REPRESENTATION_CONTEXT(2) 
PARAMETRIC_REPRESENTATION_CONTEXT() REPRESENTATION_CONTEXT('2D SPACE',''
  ) );
#11225 = ORIENTED_EDGE('',*,*,#11226,.T.);
#11226 = EDGE_CURVE('',#11204,#11227,#11229,.T.);
#11227 = VERTEX_POINT('',#11228);
#11228 = CARTESIAN_POINT('',(14.,3.385776144756,-71.79520976289));
#11229 = SURFACE_CURVE('',#11230,(#11234,#11241),.PCURVE_S1.);
#11230 = LINE('',#11231,#11232);
#11231 = CARTESIAN_POINT('',(14.,1.785313884539,-77.47943375072));
#11232 = VECTOR('',#11233,1.);
#11233 = DIRECTION('',(0.,0.271023996947,0.96257259107));
#11234 = PCURVE('',#72,#11235);
#11235 = DEFINITIONAL_REPRESENTATION('',(#11236),#11240);
#11236 = LINE('',#11237,#11238);
#11237 = CARTESIAN_POINT('',(-77.47943375072,-1.785313884539));
#11238 = VECTOR('',#11239,1.);
#11239 = DIRECTION('',(0.96257259107,-0.271023996947));
#11240 = ( GEOMETRIC_REPRESENTATION_CONTEXT(2) 
PARAMETRIC_REPRESENTATION_CONTEXT() REPRESENTATION_CONTEXT('2D SPACE',''
  ) );
#11241 = PCURVE('',#5346,#11242);
#11242 = DEFINITIONAL_REPRESENTATION('',(#11243),#11247);
#11243 = LINE('',#11244,#11245);
#11244 = CARTESIAN_POINT('',(0.,-28.));
#11245 = VECTOR('',#11246,1.);
#11246 = DIRECTION('',(1.,0.));
#11247 = ( GEOMETRIC_REPRESENTATION_CONTEXT(2) 
PARAMETRIC_REPRESENTATION_CONTEXT() REPRESENTATION_CONTEXT('2D SPACE',''
  ) );
#11248 = ORIENTED_EDGE('',*,*,#11249,.T.);
#11249 = EDGE_CURVE('',#11227,#11250,#11252,.T.);
#11250 = VERTEX_POINT('',#11251);
#11251 = CARTESIAN_POINT('',(14.,4.137414437719,-71.75581806913));
#11252 = SURFACE_CURVE('',#11253,(#11257,#11264),.PCURVE_S1.);
#11253 = LINE('',#11254,#11255);
#11254 = CARTESIAN_POINT('',(14.,3.385776144756,-71.79520976289));
#11255 = VECTOR('',#11256,1.);
#11256 = DIRECTION('',(0.,0.998629534755,5.233595624294E-02));
#11257 = PCURVE('',#72,#11258);
#11258 = DEFINITIONAL_REPRESENTATION('',(#11259),#11263);
#11259 = LINE('',#11260,#11261);
#11260 = CARTESIAN_POINT('',(-71.79520976289,-3.385776144755));
#11261 = VECTOR('',#11262,1.);
#11262 = DIRECTION('',(5.233595624294E-02,-0.998629534755));
#11263 = ( GEOMETRIC_REPRESENTATION_CONTEXT(2) 
PARAMETRIC_REPRESENTATION_CONTEXT() REPRESENTATION_CONTEXT('2D SPACE',''
  ) );
#11264 = PCURVE('',#5374,#11265);
#11265 = DEFINITIONAL_REPRESENTATION('',(#11266),#11270);
#11266 = LINE('',#11267,#11268);
#11267 = CARTESIAN_POINT('',(0.,-28.));
#11268 = VECTOR('',#11269,1.);
#11269 = DIRECTION('',(1.,0.));
#11270 = ( GEOMETRIC_REPRESENTATION_CONTEXT(2) 
PARAMETRIC_REPRESENTATION_CONTEXT() REPRESENTATION_CONTEXT('2D SPACE',''
  ) );
#11271 = ORIENTED_EDGE('',*,*,#11272,.T.);
#11272 = EDGE_CURVE('',#11250,#11273,#11275,.T.);
#11273 = VERTEX_POINT('',#11274);
#11274 = CARTESIAN_POINT('',(14.,6.323272396532,-77.24160942263));
#11275 = SURFACE_CURVE('',#11276,(#11280,#11287),.PCURVE_S1.);
#11276 = LINE('',#11277,#11278);
#11277 = CARTESIAN_POINT('',(14.,4.137414437719,-71.75581806913));
#11278 = VECTOR('',#11279,1.);
#11279 = DIRECTION('',(0.,0.370155532862,-0.928969795791));
#11280 = PCURVE('',#72,#11281);
#11281 = DEFINITIONAL_REPRESENTATION('',(#11282),#11286);
#11282 = LINE('',#11283,#11284);
#11283 = CARTESIAN_POINT('',(-71.75581806913,-4.137414437719));
#11284 = VECTOR('',#11285,1.);
#11285 = DIRECTION('',(-0.928969795791,-0.370155532862));
#11286 = ( GEOMETRIC_REPRESENTATION_CONTEXT(2) 
PARAMETRIC_REPRESENTATION_CONTEXT() REPRESENTATION_CONTEXT('2D SPACE',''
  ) );
#11287 = PCURVE('',#5402,#11288);
#11288 = DEFINITIONAL_REPRESENTATION('',(#11289),#11293);
#11289 = LINE('',#11290,#11291);
#11290 = CARTESIAN_POINT('',(0.,-28.));
#11291 = VECTOR('',#11292,1.);
#11292 = DIRECTION('',(1.,0.));
#11293 = ( GEOMETRIC_REPRESENTATION_CONTEXT(2) 
PARAMETRIC_REPRESENTATION_CONTEXT() REPRESENTATION_CONTEXT('2D SPACE',''
  ) );
#11294 = ORIENTED_EDGE('',*,*,#11295,.T.);
#11295 = EDGE_CURVE('',#11273,#11296,#11298,.T.);
#11296 = VERTEX_POINT('',#11297);
#11297 = CARTESIAN_POINT('',(14.,9.874339893091,-76.86837718903));
#11298 = SURFACE_CURVE('',#11299,(#11303,#11310),.PCURVE_S1.);
#11299 = LINE('',#11300,#11301);
#11300 = CARTESIAN_POINT('',(14.,6.323272396532,-77.24160942263));
#11301 = VECTOR('',#11302,1.);
#11302 = DIRECTION('',(0.,0.994521895368,0.104528463268));
#11303 = PCURVE('',#72,#11304);
#11304 = DEFINITIONAL_REPRESENTATION('',(#11305),#11309);
#11305 = LINE('',#11306,#11307);
#11306 = CARTESIAN_POINT('',(-77.24160942263,-6.323272396532));
#11307 = VECTOR('',#11308,1.);
#11308 = DIRECTION('',(0.104528463268,-0.994521895368));
#11309 = ( GEOMETRIC_REPRESENTATION_CONTEXT(2) 
PARAMETRIC_REPRESENTATION_CONTEXT() REPRESENTATION_CONTEXT('2D SPACE',''
  ) );
#11310 = PCURVE('',#5430,#11311);
#11311 = DEFINITIONAL_REPRESENTATION('',(#11312),#11316);
#11312 = LINE('',#11313,#11314);
#11313 = CARTESIAN_POINT('',(0.,-28.));
#11314 = VECTOR('',#11315,1.);
#11315 = DIRECTION('',(1.,0.));
#11316 = ( GEOMETRIC_REPRESENTATION_CONTEXT(2) 
PARAMETRIC_REPRESENTATION_CONTEXT() REPRESENTATION_CONTEXT('2D SPACE',''
  ) );
#11317 = ORIENTED_EDGE('',*,*,#11318,.T.);
#11318 = EDGE_CURVE('',#11296,#11319,#11321,.T.);
#11319 = VERTEX_POINT('',#11320);
#11320 = CARTESIAN_POINT('',(14.,10.871871455269,-71.04799811437));
#11321 = SURFACE_CURVE('',#11322,(#11326,#11333),.PCURVE_S1.);
#11322 = LINE('',#11323,#11324);
#11323 = CARTESIAN_POINT('',(14.,9.874339893091,-76.86837718903));
#11324 = VECTOR('',#11325,1.);
#11325 = DIRECTION('',(0.,0.168923065406,0.98562923961));
#11326 = PCURVE('',#72,#11327);
#11327 = DEFINITIONAL_REPRESENTATION('',(#11328),#11332);
#11328 = LINE('',#11329,#11330);
#11329 = CARTESIAN_POINT('',(-76.86837718903,-9.874339893091));
#11330 = VECTOR('',#11331,1.);
#11331 = DIRECTION('',(0.98562923961,-0.168923065406));
#11332 = ( GEOMETRIC_REPRESENTATION_CONTEXT(2) 
PARAMETRIC_REPRESENTATION_CONTEXT() REPRESENTATION_CONTEXT('2D SPACE',''
  ) );
#11333 = PCURVE('',#5458,#11334);
#11334 = DEFINITIONAL_REPRESENTATION('',(#11335),#11339);
#11335 = LINE('',#11336,#11337);
#11336 = CARTESIAN_POINT('',(0.,-28.));
#11337 = VECTOR('',#11338,1.);
#11338 = DIRECTION('',(1.,0.));
#11339 = ( GEOMETRIC_REPRESENTATION_CONTEXT(2) 
PARAMETRIC_REPRESENTATION_CONTEXT() REPRESENTATION_CONTEXT('2D SPACE',''
  ) );
#11340 = ORIENTED_EDGE('',*,*,#11341,.T.);
#11341 = EDGE_CURVE('',#11319,#11342,#11344,.T.);
#11342 = VERTEX_POINT('',#11343);
#11343 = CARTESIAN_POINT('',(14.,11.615274641804,-70.93025461673));
#11344 = SURFACE_CURVE('',#11345,(#11349,#11356),.PCURVE_S1.);
#11345 = LINE('',#11346,#11347);
#11346 = CARTESIAN_POINT('',(14.,10.871871455269,-71.04799811437));
#11347 = VECTOR('',#11348,1.);
#11348 = DIRECTION('',(0.,0.987688340595,0.15643446504));
#11349 = PCURVE('',#72,#11350);
#11350 = DEFINITIONAL_REPRESENTATION('',(#11351),#11355);
#11351 = LINE('',#11352,#11353);
#11352 = CARTESIAN_POINT('',(-71.04799811437,-10.87187145526));
#11353 = VECTOR('',#11354,1.);
#11354 = DIRECTION('',(0.15643446504,-0.987688340595));
#11355 = ( GEOMETRIC_REPRESENTATION_CONTEXT(2) 
PARAMETRIC_REPRESENTATION_CONTEXT() REPRESENTATION_CONTEXT('2D SPACE',''
  ) );
#11356 = PCURVE('',#5486,#11357);
#11357 = DEFINITIONAL_REPRESENTATION('',(#11358),#11362);
#11358 = LINE('',#11359,#11360);
#11359 = CARTESIAN_POINT('',(0.,-28.));
#11360 = VECTOR('',#11361,1.);
#11361 = DIRECTION('',(1.,0.));
#11362 = ( GEOMETRIC_REPRESENTATION_CONTEXT(2) 
PARAMETRIC_REPRESENTATION_CONTEXT() REPRESENTATION_CONTEXT('2D SPACE',''
  ) );
#11363 = ORIENTED_EDGE('',*,*,#11364,.T.);
#11364 = EDGE_CURVE('',#11342,#11365,#11367,.T.);
#11365 = VERTEX_POINT('',#11366);
#11366 = CARTESIAN_POINT('',(14.,14.362579581998,-76.15750985786));
#11367 = SURFACE_CURVE('',#11368,(#11372,#11379),.PCURVE_S1.);
#11368 = LINE('',#11369,#11370);
#11369 = CARTESIAN_POINT('',(14.,11.615274641804,-70.93025461673));
#11370 = VECTOR('',#11371,1.);
#11371 = DIRECTION('',(0.,0.465231567299,-0.88518901303));
#11372 = PCURVE('',#72,#11373);
#11373 = DEFINITIONAL_REPRESENTATION('',(#11374),#11378);
#11374 = LINE('',#11375,#11376);
#11375 = CARTESIAN_POINT('',(-70.93025461673,-11.6152746418));
#11376 = VECTOR('',#11377,1.);
#11377 = DIRECTION('',(-0.88518901303,-0.465231567299));
#11378 = ( GEOMETRIC_REPRESENTATION_CONTEXT(2) 
PARAMETRIC_REPRESENTATION_CONTEXT() REPRESENTATION_CONTEXT('2D SPACE',''
  ) );
#11379 = PCURVE('',#5514,#11380);
#11380 = DEFINITIONAL_REPRESENTATION('',(#11381),#11385);
#11381 = LINE('',#11382,#11383);
#11382 = CARTESIAN_POINT('',(0.,-28.));
#11383 = VECTOR('',#11384,1.);
#11384 = DIRECTION('',(1.,0.));
#11385 = ( GEOMETRIC_REPRESENTATION_CONTEXT(2) 
PARAMETRIC_REPRESENTATION_CONTEXT() REPRESENTATION_CONTEXT('2D SPACE',''
  ) );
#11386 = ORIENTED_EDGE('',*,*,#11387,.T.);
#11387 = EDGE_CURVE('',#11365,#11388,#11390,.T.);
#11388 = VERTEX_POINT('',#11389);
#11389 = CARTESIAN_POINT('',(14.,17.855180567436,-75.41513460111));
#11390 = SURFACE_CURVE('',#11391,(#11395,#11402),.PCURVE_S1.);
#11391 = LINE('',#11392,#11393);
#11392 = CARTESIAN_POINT('',(14.,14.362579581998,-76.15750985786));
#11393 = VECTOR('',#11394,1.);
#11394 = DIRECTION('',(0.,0.978147600734,0.207911690818));
#11395 = PCURVE('',#72,#11396);
#11396 = DEFINITIONAL_REPRESENTATION('',(#11397),#11401);
#11397 = LINE('',#11398,#11399);
#11398 = CARTESIAN_POINT('',(-76.15750985786,-14.36257958199));
#11399 = VECTOR('',#11400,1.);
#11400 = DIRECTION('',(0.207911690818,-0.978147600734));
#11401 = ( GEOMETRIC_REPRESENTATION_CONTEXT(2) 
PARAMETRIC_REPRESENTATION_CONTEXT() REPRESENTATION_CONTEXT('2D SPACE',''
  ) );
#11402 = PCURVE('',#5542,#11403);
#11403 = DEFINITIONAL_REPRESENTATION('',(#11404),#11408);
#11404 = LINE('',#11405,#11406);
#11405 = CARTESIAN_POINT('',(0.,-28.));
#11406 = VECTOR('',#11407,1.);
#11407 = DIRECTION('',(1.,0.));
#11408 = ( GEOMETRIC_REPRESENTATION_CONTEXT(2) 
PARAMETRIC_REPRESENTATION_CONTEXT() REPRESENTATION_CONTEXT('2D SPACE',''
  ) );
#11409 = ORIENTED_EDGE('',*,*,#11410,.T.);
#11410 = EDGE_CURVE('',#11388,#11411,#11413,.T.);
#11411 = VERTEX_POINT('',#11412);
#11412 = CARTESIAN_POINT('',(14.,18.238852267033,-69.52236973076));
#11413 = SURFACE_CURVE('',#11414,(#11418,#11425),.PCURVE_S1.);
#11414 = LINE('',#11415,#11416);
#11415 = CARTESIAN_POINT('',(14.,17.855180567436,-75.41513460111));
#11416 = VECTOR('',#11417,1.);
#11417 = DIRECTION('',(0.,6.49713774108E-02,0.997887127945));
#11418 = PCURVE('',#72,#11419);
#11419 = DEFINITIONAL_REPRESENTATION('',(#11420),#11424);
#11420 = LINE('',#11421,#11422);
#11421 = CARTESIAN_POINT('',(-75.41513460111,-17.85518056743));
#11422 = VECTOR('',#11423,1.);
#11423 = DIRECTION('',(0.997887127945,-6.49713774108E-02));
#11424 = ( GEOMETRIC_REPRESENTATION_CONTEXT(2) 
PARAMETRIC_REPRESENTATION_CONTEXT() REPRESENTATION_CONTEXT('2D SPACE',''
  ) );
#11425 = PCURVE('',#5570,#11426);
#11426 = DEFINITIONAL_REPRESENTATION('',(#11427),#11431);
#11427 = LINE('',#11428,#11429);
#11428 = CARTESIAN_POINT('',(0.,-28.));
#11429 = VECTOR('',#11430,1.);
#11430 = DIRECTION('',(1.,0.));
#11431 = ( GEOMETRIC_REPRESENTATION_CONTEXT(2) 
PARAMETRIC_REPRESENTATION_CONTEXT() REPRESENTATION_CONTEXT('2D SPACE',''
  ) );
#11432 = ORIENTED_EDGE('',*,*,#11433,.T.);
#11433 = EDGE_CURVE('',#11411,#11434,#11436,.T.);
#11434 = VERTEX_POINT('',#11435);
#11435 = CARTESIAN_POINT('',(14.,18.965875466261,-69.32756445165));
#11436 = SURFACE_CURVE('',#11437,(#11441,#11448),.PCURVE_S1.);
#11437 = LINE('',#11438,#11439);
#11438 = CARTESIAN_POINT('',(14.,18.238852267033,-69.52236973076));
#11439 = VECTOR('',#11440,1.);
#11440 = DIRECTION('',(0.,0.965925826289,0.258819045103));
#11441 = PCURVE('',#72,#11442);
#11442 = DEFINITIONAL_REPRESENTATION('',(#11443),#11447);
#11443 = LINE('',#11444,#11445);
#11444 = CARTESIAN_POINT('',(-69.52236973076,-18.23885226703));
#11445 = VECTOR('',#11446,1.);
#11446 = DIRECTION('',(0.258819045103,-0.965925826289));
#11447 = ( GEOMETRIC_REPRESENTATION_CONTEXT(2) 
PARAMETRIC_REPRESENTATION_CONTEXT() REPRESENTATION_CONTEXT('2D SPACE',''
  ) );
#11448 = PCURVE('',#5598,#11449);
#11449 = DEFINITIONAL_REPRESENTATION('',(#11450),#11454);
#11450 = LINE('',#11451,#11452);
#11451 = CARTESIAN_POINT('',(0.,-28.));
#11452 = VECTOR('',#11453,1.);
#11453 = DIRECTION('',(1.,0.));
#11454 = ( GEOMETRIC_REPRESENTATION_CONTEXT(2) 
PARAMETRIC_REPRESENTATION_CONTEXT() REPRESENTATION_CONTEXT('2D SPACE',''
  ) );
#11455 = ORIENTED_EDGE('',*,*,#11456,.T.);
#11456 = EDGE_CURVE('',#11434,#11457,#11459,.T.);
#11457 = VERTEX_POINT('',#11458);
#11458 = CARTESIAN_POINT('',(14.,22.24452734,-74.2390126781));
#11459 = SURFACE_CURVE('',#11460,(#11464,#11471),.PCURVE_S1.);
#11460 = LINE('',#11461,#11462);
#11461 = CARTESIAN_POINT('',(14.,18.965875466261,-69.32756445165));
#11462 = VECTOR('',#11463,1.);
#11463 = DIRECTION('',(0.,0.555210427329,-0.831709914204));
#11464 = PCURVE('',#72,#11465);
#11465 = DEFINITIONAL_REPRESENTATION('',(#11466),#11470);
#11466 = LINE('',#11467,#11468);
#11467 = CARTESIAN_POINT('',(-69.32756445165,-18.96587546626));
#11468 = VECTOR('',#11469,1.);
#11469 = DIRECTION('',(-0.831709914204,-0.555210427329));
#11470 = ( GEOMETRIC_REPRESENTATION_CONTEXT(2) 
PARAMETRIC_REPRESENTATION_CONTEXT() REPRESENTATION_CONTEXT('2D SPACE',''
  ) );
#11471 = PCURVE('',#5626,#11472);
#11472 = DEFINITIONAL_REPRESENTATION('',(#11473),#11477);
#11473 = LINE('',#11474,#11475);
#11474 = CARTESIAN_POINT('',(0.,-28.));
#11475 = VECTOR('',#11476,1.);
#11476 = DIRECTION('',(1.,0.));
#11477 = ( GEOMETRIC_REPRESENTATION_CONTEXT(2) 
PARAMETRIC_REPRESENTATION_CONTEXT() REPRESENTATION_CONTEXT('2D SPACE',''
  ) );
#11478 = ORIENTED_EDGE('',*,*,#11479,.T.);
#11479 = EDGE_CURVE('',#11457,#11480,#11482,.T.);
#11480 = VERTEX_POINT('',#11481);
#11481 = CARTESIAN_POINT('',(14.,25.640396147047,-73.13562801687));
#11482 = SURFACE_CURVE('',#11483,(#11487,#11494),.PCURVE_S1.);
#11483 = LINE('',#11484,#11485);
#11484 = CARTESIAN_POINT('',(14.,22.24452734,-74.2390126781));
#11485 = VECTOR('',#11486,1.);
#11486 = DIRECTION('',(0.,0.951056516295,0.309016994375));
#11487 = PCURVE('',#72,#11488);
#11488 = DEFINITIONAL_REPRESENTATION('',(#11489),#11493);
#11489 = LINE('',#11490,#11491);
#11490 = CARTESIAN_POINT('',(-74.2390126781,-22.24452734));
#11491 = VECTOR('',#11492,1.);
#11492 = DIRECTION('',(0.309016994375,-0.951056516295));
#11493 = ( GEOMETRIC_REPRESENTATION_CONTEXT(2) 
PARAMETRIC_REPRESENTATION_CONTEXT() REPRESENTATION_CONTEXT('2D SPACE',''
  ) );
#11494 = PCURVE('',#5654,#11495);
#11495 = DEFINITIONAL_REPRESENTATION('',(#11496),#11500);
#11496 = LINE('',#11497,#11498);
#11497 = CARTESIAN_POINT('',(0.,-28.));
#11498 = VECTOR('',#11499,1.);
#11499 = DIRECTION('',(1.,0.));
#11500 = ( GEOMETRIC_REPRESENTATION_CONTEXT(2) 
PARAMETRIC_REPRESENTATION_CONTEXT() REPRESENTATION_CONTEXT('2D SPACE',''
  ) );
#11501 = ORIENTED_EDGE('',*,*,#11502,.T.);
#11502 = EDGE_CURVE('',#11480,#11503,#11505,.T.);
#11503 = VERTEX_POINT('',#11504);
#11504 = CARTESIAN_POINT('',(14.,25.406004396634,-67.23503971589));
#11505 = SURFACE_CURVE('',#11506,(#11510,#11517),.PCURVE_S1.);
#11506 = LINE('',#11507,#11508);
#11507 = CARTESIAN_POINT('',(14.,25.640396147047,-73.13562801687));
#11508 = VECTOR('',#11509,1.);
#11509 = DIRECTION('',(0.,-3.969215059133E-02,0.999211956084));
#11510 = PCURVE('',#72,#11511);
#11511 = DEFINITIONAL_REPRESENTATION('',(#11512),#11516);
#11512 = LINE('',#11513,#11514);
#11513 = CARTESIAN_POINT('',(-73.13562801687,-25.64039614704));
#11514 = VECTOR('',#11515,1.);
#11515 = DIRECTION('',(0.999211956084,3.969215059133E-02));
#11516 = ( GEOMETRIC_REPRESENTATION_CONTEXT(2) 
PARAMETRIC_REPRESENTATION_CONTEXT() REPRESENTATION_CONTEXT('2D SPACE',''
  ) );
#11517 = PCURVE('',#5682,#11518);
#11518 = DEFINITIONAL_REPRESENTATION('',(#11519),#11523);
#11519 = LINE('',#11520,#11521);
#11520 = CARTESIAN_POINT('',(0.,-28.));
#11521 = VECTOR('',#11522,1.);
#11522 = DIRECTION('',(1.,0.));
#11523 = ( GEOMETRIC_REPRESENTATION_CONTEXT(2) 
PARAMETRIC_REPRESENTATION_CONTEXT() REPRESENTATION_CONTEXT('2D SPACE',''
  ) );
#11524 = ORIENTED_EDGE('',*,*,#11525,.T.);
#11525 = EDGE_CURVE('',#11503,#11526,#11528,.T.);
#11526 = VERTEX_POINT('',#11527);
#11527 = CARTESIAN_POINT('',(14.,26.108682190245,-66.96530698271));
#11528 = SURFACE_CURVE('',#11529,(#11533,#11540),.PCURVE_S1.);
#11529 = LINE('',#11530,#11531);
#11530 = CARTESIAN_POINT('',(14.,25.406004396634,-67.23503971589));
#11531 = VECTOR('',#11532,1.);
#11532 = DIRECTION('',(0.,0.933580426497,0.358367949545));
#11533 = PCURVE('',#72,#11534);
#11534 = DEFINITIONAL_REPRESENTATION('',(#11535),#11539);
#11535 = LINE('',#11536,#11537);
#11536 = CARTESIAN_POINT('',(-67.23503971589,-25.40600439663));
#11537 = VECTOR('',#11538,1.);
#11538 = DIRECTION('',(0.358367949545,-0.933580426497));
#11539 = ( GEOMETRIC_REPRESENTATION_CONTEXT(2) 
PARAMETRIC_REPRESENTATION_CONTEXT() REPRESENTATION_CONTEXT('2D SPACE',''
  ) );
#11540 = PCURVE('',#5710,#11541);
#11541 = DEFINITIONAL_REPRESENTATION('',(#11542),#11546);
#11542 = LINE('',#11543,#11544);
#11543 = CARTESIAN_POINT('',(0.,-28.));
#11544 = VECTOR('',#11545,1.);
#11545 = DIRECTION('',(1.,0.));
#11546 = ( GEOMETRIC_REPRESENTATION_CONTEXT(2) 
PARAMETRIC_REPRESENTATION_CONTEXT() REPRESENTATION_CONTEXT('2D SPACE',''
  ) );
#11547 = ORIENTED_EDGE('',*,*,#11548,.T.);
#11548 = EDGE_CURVE('',#11526,#11549,#11551,.T.);
#11549 = VERTEX_POINT('',#11550);
#11550 = CARTESIAN_POINT('',(14.,29.882759401498,-71.50713733993));
#11551 = SURFACE_CURVE('',#11552,(#11556,#11563),.PCURVE_S1.);
#11552 = LINE('',#11553,#11554);
#11553 = CARTESIAN_POINT('',(14.,26.108682190245,-66.96530698271));
#11554 = VECTOR('',#11555,1.);
#11555 = DIRECTION('',(0.,0.639106285732,-0.769118427512));
#11556 = PCURVE('',#72,#11557);
#11557 = DEFINITIONAL_REPRESENTATION('',(#11558),#11562);
#11558 = LINE('',#11559,#11560);
#11559 = CARTESIAN_POINT('',(-66.96530698271,-26.10868219024));
#11560 = VECTOR('',#11561,1.);
#11561 = DIRECTION('',(-0.769118427512,-0.639106285732));
#11562 = ( GEOMETRIC_REPRESENTATION_CONTEXT(2) 
PARAMETRIC_REPRESENTATION_CONTEXT() REPRESENTATION_CONTEXT('2D SPACE',''
  ) );
#11563 = PCURVE('',#5738,#11564);
#11564 = DEFINITIONAL_REPRESENTATION('',(#11565),#11569);
#11565 = LINE('',#11566,#11567);
#11566 = CARTESIAN_POINT('',(0.,-28.));
#11567 = VECTOR('',#11568,1.);
#11568 = DIRECTION('',(1.,0.));
#11569 = ( GEOMETRIC_REPRESENTATION_CONTEXT(2) 
PARAMETRIC_REPRESENTATION_CONTEXT() REPRESENTATION_CONTEXT('2D SPACE',''
  ) );
#11570 = ORIENTED_EDGE('',*,*,#11571,.T.);
#11571 = EDGE_CURVE('',#11549,#11572,#11574,.T.);
#11572 = VERTEX_POINT('',#11573);
#11573 = CARTESIAN_POINT('',(14.,33.144690180873,-70.05483218746));
#11574 = SURFACE_CURVE('',#11575,(#11579,#11586),.PCURVE_S1.);
#11575 = LINE('',#11576,#11577);
#11576 = CARTESIAN_POINT('',(14.,29.882759401498,-71.50713733993));
#11577 = VECTOR('',#11578,1.);
#11578 = DIRECTION('',(0.,0.913545457643,0.406736643076));
#11579 = PCURVE('',#72,#11580);
#11580 = DEFINITIONAL_REPRESENTATION('',(#11581),#11585);
#11581 = LINE('',#11582,#11583);
#11582 = CARTESIAN_POINT('',(-71.50713733993,-29.88275940149));
#11583 = VECTOR('',#11584,1.);
#11584 = DIRECTION('',(0.406736643076,-0.913545457643));
#11585 = ( GEOMETRIC_REPRESENTATION_CONTEXT(2) 
PARAMETRIC_REPRESENTATION_CONTEXT() REPRESENTATION_CONTEXT('2D SPACE',''
  ) );
#11586 = PCURVE('',#5766,#11587);
#11587 = DEFINITIONAL_REPRESENTATION('',(#11588),#11592);
#11588 = LINE('',#11589,#11590);
#11589 = CARTESIAN_POINT('',(0.,-28.));
#11590 = VECTOR('',#11591,1.);
#11591 = DIRECTION('',(1.,0.));
#11592 = ( GEOMETRIC_REPRESENTATION_CONTEXT(2) 
PARAMETRIC_REPRESENTATION_CONTEXT() REPRESENTATION_CONTEXT('2D SPACE',''
  ) );
#11593 = ORIENTED_EDGE('',*,*,#11594,.T.);
#11594 = EDGE_CURVE('',#11572,#11595,#11597,.T.);
#11595 = VERTEX_POINT('',#11596);
#11596 = CARTESIAN_POINT('',(14.,32.294803025518,-64.21106853606));
#11597 = SURFACE_CURVE('',#11598,(#11602,#11609),.PCURVE_S1.);
#11598 = LINE('',#11599,#11600);
#11599 = CARTESIAN_POINT('',(14.,33.144690180873,-70.05483218746));
#11600 = VECTOR('',#11601,1.);
#11601 = DIRECTION('',(0.,-0.143920803085,0.989589208934));
#11602 = PCURVE('',#72,#11603);
#11603 = DEFINITIONAL_REPRESENTATION('',(#11604),#11608);
#11604 = LINE('',#11605,#11606);
#11605 = CARTESIAN_POINT('',(-70.05483218746,-33.14469018087));
#11606 = VECTOR('',#11607,1.);
#11607 = DIRECTION('',(0.989589208934,0.143920803085));
#11608 = ( GEOMETRIC_REPRESENTATION_CONTEXT(2) 
PARAMETRIC_REPRESENTATION_CONTEXT() REPRESENTATION_CONTEXT('2D SPACE',''
  ) );
#11609 = PCURVE('',#5794,#11610);
#11610 = DEFINITIONAL_REPRESENTATION('',(#11611),#11615);
#11611 = LINE('',#11612,#11613);
#11612 = CARTESIAN_POINT('',(0.,-28.));
#11613 = VECTOR('',#11614,1.);
#11614 = DIRECTION('',(1.,0.));
#11615 = ( GEOMETRIC_REPRESENTATION_CONTEXT(2) 
PARAMETRIC_REPRESENTATION_CONTEXT() REPRESENTATION_CONTEXT('2D SPACE',''
  ) );
#11616 = ORIENTED_EDGE('',*,*,#11617,.T.);
#11617 = EDGE_CURVE('',#11595,#11618,#11620,.T.);
#11618 = VERTEX_POINT('',#11619);
#11619 = CARTESIAN_POINT('',(14.,32.96543672856,-63.86936359707));
#11620 = SURFACE_CURVE('',#11621,(#11625,#11632),.PCURVE_S1.);
#11621 = LINE('',#11622,#11623);
#11622 = CARTESIAN_POINT('',(14.,32.294803025518,-64.21106853606));
#11623 = VECTOR('',#11624,1.);
#11624 = DIRECTION('',(0.,0.891006524188,0.45399049974));
#11625 = PCURVE('',#72,#11626);
#11626 = DEFINITIONAL_REPRESENTATION('',(#11627),#11631);
#11627 = LINE('',#11628,#11629);
#11628 = CARTESIAN_POINT('',(-64.21106853606,-32.29480302551));
#11629 = VECTOR('',#11630,1.);
#11630 = DIRECTION('',(0.45399049974,-0.891006524188));
#11631 = ( GEOMETRIC_REPRESENTATION_CONTEXT(2) 
PARAMETRIC_REPRESENTATION_CONTEXT() REPRESENTATION_CONTEXT('2D SPACE',''
  ) );
#11632 = PCURVE('',#5822,#11633);
#11633 = DEFINITIONAL_REPRESENTATION('',(#11634),#11638);
#11634 = LINE('',#11635,#11636);
#11635 = CARTESIAN_POINT('',(0.,-28.));
#11636 = VECTOR('',#11637,1.);
#11637 = DIRECTION('',(1.,0.));
#11638 = ( GEOMETRIC_REPRESENTATION_CONTEXT(2) 
PARAMETRIC_REPRESENTATION_CONTEXT() REPRESENTATION_CONTEXT('2D SPACE',''
  ) );
#11639 = ORIENTED_EDGE('',*,*,#11640,.T.);
#11640 = EDGE_CURVE('',#11618,#11641,#11643,.T.);
#11641 = VERTEX_POINT('',#11642);
#11642 = CARTESIAN_POINT('',(14.,37.193589697624,-67.99181484123));
#11643 = SURFACE_CURVE('',#11644,(#11648,#11655),.PCURVE_S1.);
#11644 = LINE('',#11645,#11646);
#11645 = CARTESIAN_POINT('',(14.,32.96543672856,-63.86936359707));
#11646 = VECTOR('',#11647,1.);
#11647 = DIRECTION('',(0.,0.715999961926,-0.69810031838));
#11648 = PCURVE('',#72,#11649);
#11649 = DEFINITIONAL_REPRESENTATION('',(#11650),#11654);
#11650 = LINE('',#11651,#11652);
#11651 = CARTESIAN_POINT('',(-63.86936359707,-32.96543672856));
#11652 = VECTOR('',#11653,1.);
#11653 = DIRECTION('',(-0.69810031838,-0.715999961926));
#11654 = ( GEOMETRIC_REPRESENTATION_CONTEXT(2) 
PARAMETRIC_REPRESENTATION_CONTEXT() REPRESENTATION_CONTEXT('2D SPACE',''
  ) );
#11655 = PCURVE('',#5850,#11656);
#11656 = DEFINITIONAL_REPRESENTATION('',(#11657),#11661);
#11657 = LINE('',#11658,#11659);
#11658 = CARTESIAN_POINT('',(0.,-28.));
#11659 = VECTOR('',#11660,1.);
#11660 = DIRECTION('',(1.,0.));
#11661 = ( GEOMETRIC_REPRESENTATION_CONTEXT(2) 
PARAMETRIC_REPRESENTATION_CONTEXT() REPRESENTATION_CONTEXT('2D SPACE',''
  ) );
#11662 = ORIENTED_EDGE('',*,*,#11663,.T.);
#11663 = EDGE_CURVE('',#11641,#11664,#11666,.T.);
#11664 = VERTEX_POINT('',#11665);
#11665 = CARTESIAN_POINT('',(14.,40.285844053105,-66.20650095669));
#11666 = SURFACE_CURVE('',#11667,(#11671,#11678),.PCURVE_S1.);
#11667 = LINE('',#11668,#11669);
#11668 = CARTESIAN_POINT('',(14.,37.193589697624,-67.99181484123));
#11669 = VECTOR('',#11670,1.);
#11670 = DIRECTION('',(0.,0.866025403784,0.5));
#11671 = PCURVE('',#72,#11672);
#11672 = DEFINITIONAL_REPRESENTATION('',(#11673),#11677);
#11673 = LINE('',#11674,#11675);
#11674 = CARTESIAN_POINT('',(-67.99181484123,-37.19358969762));
#11675 = VECTOR('',#11676,1.);
#11676 = DIRECTION('',(0.5,-0.866025403784));
#11677 = ( GEOMETRIC_REPRESENTATION_CONTEXT(2) 
PARAMETRIC_REPRESENTATION_CONTEXT() REPRESENTATION_CONTEXT('2D SPACE',''
  ) );
#11678 = PCURVE('',#5878,#11679);
#11679 = DEFINITIONAL_REPRESENTATION('',(#11680),#11684);
#11680 = LINE('',#11681,#11682);
#11681 = CARTESIAN_POINT('',(0.,-28.));
#11682 = VECTOR('',#11683,1.);
#11683 = DIRECTION('',(1.,0.));
#11684 = ( GEOMETRIC_REPRESENTATION_CONTEXT(2) 
PARAMETRIC_REPRESENTATION_CONTEXT() REPRESENTATION_CONTEXT('2D SPACE',''
  ) );
#11685 = ORIENTED_EDGE('',*,*,#11686,.T.);
#11686 = EDGE_CURVE('',#11664,#11687,#11689,.T.);
#11687 = VERTEX_POINT('',#11688);
#11688 = CARTESIAN_POINT('',(14.,38.829773034331,-60.48358745231));
#11689 = SURFACE_CURVE('',#11690,(#11694,#11701),.PCURVE_S1.);
#11690 = LINE('',#11691,#11692);
#11691 = CARTESIAN_POINT('',(14.,40.285844053105,-66.20650095669));
#11692 = VECTOR('',#11693,1.);
#11693 = DIRECTION('',(0.,-0.246572629144,0.969124315327));
#11694 = PCURVE('',#72,#11695);
#11695 = DEFINITIONAL_REPRESENTATION('',(#11696),#11700);
#11696 = LINE('',#11697,#11698);
#11697 = CARTESIAN_POINT('',(-66.20650095669,-40.2858440531));
#11698 = VECTOR('',#11699,1.);
#11699 = DIRECTION('',(0.969124315327,0.246572629144));
#11700 = ( GEOMETRIC_REPRESENTATION_CONTEXT(2) 
PARAMETRIC_REPRESENTATION_CONTEXT() REPRESENTATION_CONTEXT('2D SPACE',''
  ) );
#11701 = PCURVE('',#5906,#11702);
#11702 = DEFINITIONAL_REPRESENTATION('',(#11703),#11707);
#11703 = LINE('',#11704,#11705);
#11704 = CARTESIAN_POINT('',(0.,-28.));
#11705 = VECTOR('',#11706,1.);
#11706 = DIRECTION('',(1.,0.));
#11707 = ( GEOMETRIC_REPRESENTATION_CONTEXT(2) 
PARAMETRIC_REPRESENTATION_CONTEXT() REPRESENTATION_CONTEXT('2D SPACE',''
  ) );
#11708 = ORIENTED_EDGE('',*,*,#11709,.T.);
#11709 = EDGE_CURVE('',#11687,#11710,#11712,.T.);
#11710 = VERTEX_POINT('',#11711);
#11711 = CARTESIAN_POINT('',(14.,39.461015043616,-60.07365409834));
#11712 = SURFACE_CURVE('',#11713,(#11717,#11724),.PCURVE_S1.);
#11713 = LINE('',#11714,#11715);
#11714 = CARTESIAN_POINT('',(14.,38.829773034331,-60.48358745231));
#11715 = VECTOR('',#11716,1.);
#11716 = DIRECTION('',(0.,0.838670567945,0.544639035015));
#11717 = PCURVE('',#72,#11718);
#11718 = DEFINITIONAL_REPRESENTATION('',(#11719),#11723);
#11719 = LINE('',#11720,#11721);
#11720 = CARTESIAN_POINT('',(-60.48358745231,-38.82977303433));
#11721 = VECTOR('',#11722,1.);
#11722 = DIRECTION('',(0.544639035015,-0.838670567945));
#11723 = ( GEOMETRIC_REPRESENTATION_CONTEXT(2) 
PARAMETRIC_REPRESENTATION_CONTEXT() REPRESENTATION_CONTEXT('2D SPACE',''
  ) );
#11724 = PCURVE('',#5934,#11725);
#11725 = DEFINITIONAL_REPRESENTATION('',(#11726),#11730);
#11726 = LINE('',#11727,#11728);
#11727 = CARTESIAN_POINT('',(0.,-28.));
#11728 = VECTOR('',#11729,1.);
#11729 = DIRECTION('',(1.,0.));
#11730 = ( GEOMETRIC_REPRESENTATION_CONTEXT(2) 
PARAMETRIC_REPRESENTATION_CONTEXT() REPRESENTATION_CONTEXT('2D SPACE',''
  ) );
#11731 = ORIENTED_EDGE('',*,*,#11732,.T.);
#11732 = EDGE_CURVE('',#11710,#11733,#11735,.T.);
#11733 = VERTEX_POINT('',#11734);
#11734 = CARTESIAN_POINT('',(14.,44.096919241764,-63.73155979093));
#11735 = SURFACE_CURVE('',#11736,(#11740,#11747),.PCURVE_S1.);
#11736 = LINE('',#11737,#11738);
#11737 = CARTESIAN_POINT('',(14.,39.461015043616,-60.07365409834));
#11738 = VECTOR('',#11739,1.);
#11739 = DIRECTION('',(0.,0.785048992705,-0.619433676072));
#11740 = PCURVE('',#72,#11741);
#11741 = DEFINITIONAL_REPRESENTATION('',(#11742),#11746);
#11742 = LINE('',#11743,#11744);
#11743 = CARTESIAN_POINT('',(-60.07365409834,-39.46101504361));
#11744 = VECTOR('',#11745,1.);
#11745 = DIRECTION('',(-0.619433676072,-0.785048992705));
#11746 = ( GEOMETRIC_REPRESENTATION_CONTEXT(2) 
PARAMETRIC_REPRESENTATION_CONTEXT() REPRESENTATION_CONTEXT('2D SPACE',''
  ) );
#11747 = PCURVE('',#5962,#11748);
#11748 = DEFINITIONAL_REPRESENTATION('',(#11749),#11753);
#11749 = LINE('',#11750,#11751);
#11750 = CARTESIAN_POINT('',(0.,-28.));
#11751 = VECTOR('',#11752,1.);
#11752 = DIRECTION('',(1.,0.));
#11753 = ( GEOMETRIC_REPRESENTATION_CONTEXT(2) 
PARAMETRIC_REPRESENTATION_CONTEXT() REPRESENTATION_CONTEXT('2D SPACE',''
  ) );
#11754 = ORIENTED_EDGE('',*,*,#11755,.T.);
#11755 = EDGE_CURVE('',#11733,#11756,#11758,.T.);
#11756 = VERTEX_POINT('',#11757);
#11757 = CARTESIAN_POINT('',(14.,46.985617787536,-61.63279744684));
#11758 = SURFACE_CURVE('',#11759,(#11763,#11770),.PCURVE_S1.);
#11759 = LINE('',#11760,#11761);
#11760 = CARTESIAN_POINT('',(14.,44.096919241764,-63.73155979093));
#11761 = VECTOR('',#11762,1.);
#11762 = DIRECTION('',(0.,0.809016994375,0.587785252292));
#11763 = PCURVE('',#72,#11764);
#11764 = DEFINITIONAL_REPRESENTATION('',(#11765),#11769);
#11765 = LINE('',#11766,#11767);
#11766 = CARTESIAN_POINT('',(-63.73155979093,-44.09691924176));
#11767 = VECTOR('',#11768,1.);
#11768 = DIRECTION('',(0.587785252292,-0.809016994375));
#11769 = ( GEOMETRIC_REPRESENTATION_CONTEXT(2) 
PARAMETRIC_REPRESENTATION_CONTEXT() REPRESENTATION_CONTEXT('2D SPACE',''
  ) );
#11770 = PCURVE('',#5990,#11771);
#11771 = DEFINITIONAL_REPRESENTATION('',(#11772),#11776);
#11772 = LINE('',#11773,#11774);
#11773 = CARTESIAN_POINT('',(0.,-28.));
#11774 = VECTOR('',#11775,1.);
#11775 = DIRECTION('',(1.,0.));
#11776 = ( GEOMETRIC_REPRESENTATION_CONTEXT(2) 
PARAMETRIC_REPRESENTATION_CONTEXT() REPRESENTATION_CONTEXT('2D SPACE',''
  ) );
#11777 = ORIENTED_EDGE('',*,*,#11778,.T.);
#11778 = EDGE_CURVE('',#11756,#11779,#11781,.T.);
#11779 = VERTEX_POINT('',#11780);
#11780 = CARTESIAN_POINT('',(14.,44.939315924129,-56.09343552744));
#11781 = SURFACE_CURVE('',#11782,(#11786,#11793),.PCURVE_S1.);
#11782 = LINE('',#11783,#11784);
#11783 = CARTESIAN_POINT('',(14.,46.985617787536,-61.63279744684));
#11784 = VECTOR('',#11785,1.);
#11785 = DIRECTION('',(0.,-0.346522953878,0.938041492918));
#11786 = PCURVE('',#72,#11787);
#11787 = DEFINITIONAL_REPRESENTATION('',(#11788),#11792);
#11788 = LINE('',#11789,#11790);
#11789 = CARTESIAN_POINT('',(-61.63279744684,-46.98561778753));
#11790 = VECTOR('',#11791,1.);
#11791 = DIRECTION('',(0.938041492918,0.346522953878));
#11792 = ( GEOMETRIC_REPRESENTATION_CONTEXT(2) 
PARAMETRIC_REPRESENTATION_CONTEXT() REPRESENTATION_CONTEXT('2D SPACE',''
  ) );
#11793 = PCURVE('',#6018,#11794);
#11794 = DEFINITIONAL_REPRESENTATION('',(#11795),#11799);
#11795 = LINE('',#11796,#11797);
#11796 = CARTESIAN_POINT('',(0.,-28.));
#11797 = VECTOR('',#11798,1.);
#11798 = DIRECTION('',(1.,0.));
#11799 = ( GEOMETRIC_REPRESENTATION_CONTEXT(2) 
PARAMETRIC_REPRESENTATION_CONTEXT() REPRESENTATION_CONTEXT('2D SPACE',''
  ) );
#11800 = ORIENTED_EDGE('',*,*,#11801,.T.);
#11801 = EDGE_CURVE('',#11779,#11802,#11804,.T.);
#11802 = VERTEX_POINT('',#11803);
#11803 = CARTESIAN_POINT('',(14.,45.524250220105,-55.61976507409));
#11804 = SURFACE_CURVE('',#11805,(#11809,#11816),.PCURVE_S1.);
#11805 = LINE('',#11806,#11807);
#11806 = CARTESIAN_POINT('',(14.,44.939315924129,-56.09343552744));
#11807 = VECTOR('',#11808,1.);
#11808 = DIRECTION('',(0.,0.777145961457,0.62932039105));
#11809 = PCURVE('',#72,#11810);
#11810 = DEFINITIONAL_REPRESENTATION('',(#11811),#11815);
#11811 = LINE('',#11812,#11813);
#11812 = CARTESIAN_POINT('',(-56.09343552744,-44.93931592412));
#11813 = VECTOR('',#11814,1.);
#11814 = DIRECTION('',(0.62932039105,-0.777145961457));
#11815 = ( GEOMETRIC_REPRESENTATION_CONTEXT(2) 
PARAMETRIC_REPRESENTATION_CONTEXT() REPRESENTATION_CONTEXT('2D SPACE',''
  ) );
#11816 = PCURVE('',#6046,#11817);
#11817 = DEFINITIONAL_REPRESENTATION('',(#11818),#11822);
#11818 = LINE('',#11819,#11820);
#11819 = CARTESIAN_POINT('',(0.,-28.));
#11820 = VECTOR('',#11821,1.);
#11821 = DIRECTION('',(1.,0.));
#11822 = ( GEOMETRIC_REPRESENTATION_CONTEXT(2) 
PARAMETRIC_REPRESENTATION_CONTEXT() REPRESENTATION_CONTEXT('2D SPACE',''
  ) );
#11823 = ORIENTED_EDGE('',*,*,#11824,.T.);
#11824 = EDGE_CURVE('',#11802,#11825,#11827,.T.);
#11825 = VERTEX_POINT('',#11826);
#11826 = CARTESIAN_POINT('',(14.,50.517113710818,-58.77304843487));
#11827 = SURFACE_CURVE('',#11828,(#11832,#11839),.PCURVE_S1.);
#11828 = LINE('',#11829,#11830);
#11829 = CARTESIAN_POINT('',(14.,45.524250220105,-55.61976507409));
#11830 = VECTOR('',#11831,1.);
#11831 = DIRECTION('',(0.,0.845496862438,-0.533980388785));
#11832 = PCURVE('',#72,#11833);
#11833 = DEFINITIONAL_REPRESENTATION('',(#11834),#11838);
#11834 = LINE('',#11835,#11836);
#11835 = CARTESIAN_POINT('',(-55.61976507409,-45.5242502201));
#11836 = VECTOR('',#11837,1.);
#11837 = DIRECTION('',(-0.533980388785,-0.845496862438));
#11838 = ( GEOMETRIC_REPRESENTATION_CONTEXT(2) 
PARAMETRIC_REPRESENTATION_CONTEXT() REPRESENTATION_CONTEXT('2D SPACE',''
  ) );
#11839 = PCURVE('',#6074,#11840);
#11840 = DEFINITIONAL_REPRESENTATION('',(#11841),#11845);
#11841 = LINE('',#11842,#11843);
#11842 = CARTESIAN_POINT('',(0.,-28.));
#11843 = VECTOR('',#11844,1.);
#11844 = DIRECTION('',(1.,0.));
#11845 = ( GEOMETRIC_REPRESENTATION_CONTEXT(2) 
PARAMETRIC_REPRESENTATION_CONTEXT() REPRESENTATION_CONTEXT('2D SPACE',''
  ) );
#11846 = ORIENTED_EDGE('',*,*,#11847,.T.);
#11847 = EDGE_CURVE('',#11825,#11848,#11850,.T.);
#11848 = VERTEX_POINT('',#11849);
#11849 = CARTESIAN_POINT('',(14.,53.170607261115,-56.38383211067));
#11850 = SURFACE_CURVE('',#11851,(#11855,#11862),.PCURVE_S1.);
#11851 = LINE('',#11852,#11853);
#11852 = CARTESIAN_POINT('',(14.,50.517113710818,-58.77304843487));
#11853 = VECTOR('',#11854,1.);
#11854 = DIRECTION('',(0.,0.743144825477,0.669130606359));
#11855 = PCURVE('',#72,#11856);
#11856 = DEFINITIONAL_REPRESENTATION('',(#11857),#11861);
#11857 = LINE('',#11858,#11859);
#11858 = CARTESIAN_POINT('',(-58.77304843487,-50.51711371081));
#11859 = VECTOR('',#11860,1.);
#11860 = DIRECTION('',(0.669130606359,-0.743144825477));
#11861 = ( GEOMETRIC_REPRESENTATION_CONTEXT(2) 
PARAMETRIC_REPRESENTATION_CONTEXT() REPRESENTATION_CONTEXT('2D SPACE',''
  ) );
#11862 = PCURVE('',#6102,#11863);
#11863 = DEFINITIONAL_REPRESENTATION('',(#11864),#11868);
#11864 = LINE('',#11865,#11866);
#11865 = CARTESIAN_POINT('',(0.,-28.));
#11866 = VECTOR('',#11867,1.);
#11867 = DIRECTION('',(1.,0.));
#11868 = ( GEOMETRIC_REPRESENTATION_CONTEXT(2) 
PARAMETRIC_REPRESENTATION_CONTEXT() REPRESENTATION_CONTEXT('2D SPACE',''
  ) );
#11869 = ORIENTED_EDGE('',*,*,#11870,.T.);
#11870 = EDGE_CURVE('',#11848,#11871,#11873,.T.);
#11871 = VERTEX_POINT('',#11872);
#11872 = CARTESIAN_POINT('',(14.,50.556494264505,-51.08871218462));
#11873 = SURFACE_CURVE('',#11874,(#11878,#11885),.PCURVE_S1.);
#11874 = LINE('',#11875,#11876);
#11875 = CARTESIAN_POINT('',(14.,53.170607261115,-56.38383211067));
#11876 = VECTOR('',#11877,1.);
#11877 = DIRECTION('',(0.,-0.442676700616,0.896681291615));
#11878 = PCURVE('',#72,#11879);
#11879 = DEFINITIONAL_REPRESENTATION('',(#11880),#11884);
#11880 = LINE('',#11881,#11882);
#11881 = CARTESIAN_POINT('',(-56.38383211067,-53.17060726111));
#11882 = VECTOR('',#11883,1.);
#11883 = DIRECTION('',(0.896681291615,0.442676700616));
#11884 = ( GEOMETRIC_REPRESENTATION_CONTEXT(2) 
PARAMETRIC_REPRESENTATION_CONTEXT() REPRESENTATION_CONTEXT('2D SPACE',''
  ) );
#11885 = PCURVE('',#6130,#11886);
#11886 = DEFINITIONAL_REPRESENTATION('',(#11887),#11891);
#11887 = LINE('',#11888,#11889);
#11888 = CARTESIAN_POINT('',(0.,-28.));
#11889 = VECTOR('',#11890,1.);
#11890 = DIRECTION('',(1.,0.));
#11891 = ( GEOMETRIC_REPRESENTATION_CONTEXT(2) 
PARAMETRIC_REPRESENTATION_CONTEXT() REPRESENTATION_CONTEXT('2D SPACE',''
  ) );
#11892 = ORIENTED_EDGE('',*,*,#11893,.T.);
#11893 = EDGE_CURVE('',#11871,#11894,#11896,.T.);
#11894 = VERTEX_POINT('',#11895);
#11895 = CARTESIAN_POINT('',(14.,51.088712184621,-50.5564942645));
#11896 = SURFACE_CURVE('',#11897,(#11901,#11908),.PCURVE_S1.);
#11897 = LINE('',#11898,#11899);
#11898 = CARTESIAN_POINT('',(14.,50.556494264505,-51.08871218462));
#11899 = VECTOR('',#11900,1.);
#11900 = DIRECTION('',(0.,0.707106781187,0.707106781187));
#11901 = PCURVE('',#72,#11902);
#11902 = DEFINITIONAL_REPRESENTATION('',(#11903),#11907);
#11903 = LINE('',#11904,#11905);
#11904 = CARTESIAN_POINT('',(-51.08871218462,-50.5564942645));
#11905 = VECTOR('',#11906,1.);
#11906 = DIRECTION('',(0.707106781187,-0.707106781187));
#11907 = ( GEOMETRIC_REPRESENTATION_CONTEXT(2) 
PARAMETRIC_REPRESENTATION_CONTEXT() REPRESENTATION_CONTEXT('2D SPACE',''
  ) );
#11908 = PCURVE('',#6158,#11909);
#11909 = DEFINITIONAL_REPRESENTATION('',(#11910),#11914);
#11910 = LINE('',#11911,#11912);
#11911 = CARTESIAN_POINT('',(0.,-28.));
#11912 = VECTOR('',#11913,1.);
#11913 = DIRECTION('',(1.,0.));
#11914 = ( GEOMETRIC_REPRESENTATION_CONTEXT(2) 
PARAMETRIC_REPRESENTATION_CONTEXT() REPRESENTATION_CONTEXT('2D SPACE',''
  ) );
#11915 = ORIENTED_EDGE('',*,*,#11916,.T.);
#11916 = EDGE_CURVE('',#11894,#11917,#11919,.T.);
#11917 = VERTEX_POINT('',#11918);
#11918 = CARTESIAN_POINT('',(14.,56.38383211067,-53.17060726111));
#11919 = SURFACE_CURVE('',#11920,(#11924,#11931),.PCURVE_S1.);
#11920 = LINE('',#11921,#11922);
#11921 = CARTESIAN_POINT('',(14.,51.088712184621,-50.5564942645));
#11922 = VECTOR('',#11923,1.);
#11923 = DIRECTION('',(0.,0.896681291615,-0.442676700616));
#11924 = PCURVE('',#72,#11925);
#11925 = DEFINITIONAL_REPRESENTATION('',(#11926),#11930);
#11926 = LINE('',#11927,#11928);
#11927 = CARTESIAN_POINT('',(-50.5564942645,-51.08871218462));
#11928 = VECTOR('',#11929,1.);
#11929 = DIRECTION('',(-0.442676700616,-0.896681291615));
#11930 = ( GEOMETRIC_REPRESENTATION_CONTEXT(2) 
PARAMETRIC_REPRESENTATION_CONTEXT() REPRESENTATION_CONTEXT('2D SPACE',''
  ) );
#11931 = PCURVE('',#6186,#11932);
#11932 = DEFINITIONAL_REPRESENTATION('',(#11933),#11937);
#11933 = LINE('',#11934,#11935);
#11934 = CARTESIAN_POINT('',(0.,-28.));
#11935 = VECTOR('',#11936,1.);
#11936 = DIRECTION('',(1.,0.));
#11937 = ( GEOMETRIC_REPRESENTATION_CONTEXT(2) 
PARAMETRIC_REPRESENTATION_CONTEXT() REPRESENTATION_CONTEXT('2D SPACE',''
  ) );
#11938 = ORIENTED_EDGE('',*,*,#11939,.T.);
#11939 = EDGE_CURVE('',#11917,#11940,#11942,.T.);
#11940 = VERTEX_POINT('',#11941);
#11941 = CARTESIAN_POINT('',(14.,58.773048434876,-50.51711371081));
#11942 = SURFACE_CURVE('',#11943,(#11947,#11954),.PCURVE_S1.);
#11943 = LINE('',#11944,#11945);
#11944 = CARTESIAN_POINT('',(14.,56.38383211067,-53.17060726111));
#11945 = VECTOR('',#11946,1.);
#11946 = DIRECTION('',(0.,0.669130606359,0.743144825477));
#11947 = PCURVE('',#72,#11948);
#11948 = DEFINITIONAL_REPRESENTATION('',(#11949),#11953);
#11949 = LINE('',#11950,#11951);
#11950 = CARTESIAN_POINT('',(-53.17060726111,-56.38383211067));
#11951 = VECTOR('',#11952,1.);
#11952 = DIRECTION('',(0.743144825477,-0.669130606359));
#11953 = ( GEOMETRIC_REPRESENTATION_CONTEXT(2) 
PARAMETRIC_REPRESENTATION_CONTEXT() REPRESENTATION_CONTEXT('2D SPACE',''
  ) );
#11954 = PCURVE('',#6214,#11955);
#11955 = DEFINITIONAL_REPRESENTATION('',(#11956),#11960);
#11956 = LINE('',#11957,#11958);
#11957 = CARTESIAN_POINT('',(0.,-28.));
#11958 = VECTOR('',#11959,1.);
#11959 = DIRECTION('',(1.,0.));
#11960 = ( GEOMETRIC_REPRESENTATION_CONTEXT(2) 
PARAMETRIC_REPRESENTATION_CONTEXT() REPRESENTATION_CONTEXT('2D SPACE',''
  ) );
#11961 = ORIENTED_EDGE('',*,*,#11962,.T.);
#11962 = EDGE_CURVE('',#11940,#11963,#11965,.T.);
#11963 = VERTEX_POINT('',#11964);
#11964 = CARTESIAN_POINT('',(14.,55.619765074093,-45.5242502201));
#11965 = SURFACE_CURVE('',#11966,(#11970,#11977),.PCURVE_S1.);
#11966 = LINE('',#11967,#11968);
#11967 = CARTESIAN_POINT('',(14.,58.773048434876,-50.51711371081));
#11968 = VECTOR('',#11969,1.);
#11969 = DIRECTION('',(0.,-0.533980388785,0.845496862438));
#11970 = PCURVE('',#72,#11971);
#11971 = DEFINITIONAL_REPRESENTATION('',(#11972),#11976);
#11972 = LINE('',#11973,#11974);
#11973 = CARTESIAN_POINT('',(-50.51711371081,-58.77304843487));
#11974 = VECTOR('',#11975,1.);
#11975 = DIRECTION('',(0.845496862438,0.533980388785));
#11976 = ( GEOMETRIC_REPRESENTATION_CONTEXT(2) 
PARAMETRIC_REPRESENTATION_CONTEXT() REPRESENTATION_CONTEXT('2D SPACE',''
  ) );
#11977 = PCURVE('',#6242,#11978);
#11978 = DEFINITIONAL_REPRESENTATION('',(#11979),#11983);
#11979 = LINE('',#11980,#11981);
#11980 = CARTESIAN_POINT('',(0.,-28.));
#11981 = VECTOR('',#11982,1.);
#11982 = DIRECTION('',(1.,0.));
#11983 = ( GEOMETRIC_REPRESENTATION_CONTEXT(2) 
PARAMETRIC_REPRESENTATION_CONTEXT() REPRESENTATION_CONTEXT('2D SPACE',''
  ) );
#11984 = ORIENTED_EDGE('',*,*,#11985,.T.);
#11985 = EDGE_CURVE('',#11963,#11986,#11988,.T.);
#11986 = VERTEX_POINT('',#11987);
#11987 = CARTESIAN_POINT('',(14.,56.093435527442,-44.93931592412));
#11988 = SURFACE_CURVE('',#11989,(#11993,#12000),.PCURVE_S1.);
#11989 = LINE('',#11990,#11991);
#11990 = CARTESIAN_POINT('',(14.,55.619765074093,-45.5242502201));
#11991 = VECTOR('',#11992,1.);
#11992 = DIRECTION('',(0.,0.62932039105,0.777145961457));
#11993 = PCURVE('',#72,#11994);
#11994 = DEFINITIONAL_REPRESENTATION('',(#11995),#11999);
#11995 = LINE('',#11996,#11997);
#11996 = CARTESIAN_POINT('',(-45.5242502201,-55.61976507409));
#11997 = VECTOR('',#11998,1.);
#11998 = DIRECTION('',(0.777145961457,-0.62932039105));
#11999 = ( GEOMETRIC_REPRESENTATION_CONTEXT(2) 
PARAMETRIC_REPRESENTATION_CONTEXT() REPRESENTATION_CONTEXT('2D SPACE',''
  ) );
#12000 = PCURVE('',#6270,#12001);
#12001 = DEFINITIONAL_REPRESENTATION('',(#12002),#12006);
#12002 = LINE('',#12003,#12004);
#12003 = CARTESIAN_POINT('',(0.,-28.));
#12004 = VECTOR('',#12005,1.);
#12005 = DIRECTION('',(1.,0.));
#12006 = ( GEOMETRIC_REPRESENTATION_CONTEXT(2) 
PARAMETRIC_REPRESENTATION_CONTEXT() REPRESENTATION_CONTEXT('2D SPACE',''
  ) );
#12007 = ORIENTED_EDGE('',*,*,#12008,.T.);
#12008 = EDGE_CURVE('',#11986,#12009,#12011,.T.);
#12009 = VERTEX_POINT('',#12010);
#12010 = CARTESIAN_POINT('',(14.,61.632797446843,-46.98561778753));
#12011 = SURFACE_CURVE('',#12012,(#12016,#12023),.PCURVE_S1.);
#12012 = LINE('',#12013,#12014);
#12013 = CARTESIAN_POINT('',(14.,56.093435527442,-44.93931592412));
#12014 = VECTOR('',#12015,1.);
#12015 = DIRECTION('',(0.,0.938041492918,-0.346522953878));
#12016 = PCURVE('',#72,#12017);
#12017 = DEFINITIONAL_REPRESENTATION('',(#12018),#12022);
#12018 = LINE('',#12019,#12020);
#12019 = CARTESIAN_POINT('',(-44.93931592412,-56.09343552744));
#12020 = VECTOR('',#12021,1.);
#12021 = DIRECTION('',(-0.346522953878,-0.938041492918));
#12022 = ( GEOMETRIC_REPRESENTATION_CONTEXT(2) 
PARAMETRIC_REPRESENTATION_CONTEXT() REPRESENTATION_CONTEXT('2D SPACE',''
  ) );
#12023 = PCURVE('',#6298,#12024);
#12024 = DEFINITIONAL_REPRESENTATION('',(#12025),#12029);
#12025 = LINE('',#12026,#12027);
#12026 = CARTESIAN_POINT('',(0.,-28.));
#12027 = VECTOR('',#12028,1.);
#12028 = DIRECTION('',(1.,0.));
#12029 = ( GEOMETRIC_REPRESENTATION_CONTEXT(2) 
PARAMETRIC_REPRESENTATION_CONTEXT() REPRESENTATION_CONTEXT('2D SPACE',''
  ) );
#12030 = ORIENTED_EDGE('',*,*,#12031,.T.);
#12031 = EDGE_CURVE('',#12009,#12032,#12034,.T.);
#12032 = VERTEX_POINT('',#12033);
#12033 = CARTESIAN_POINT('',(14.,63.731559790933,-44.09691924176));
#12034 = SURFACE_CURVE('',#12035,(#12039,#12046),.PCURVE_S1.);
#12035 = LINE('',#12036,#12037);
#12036 = CARTESIAN_POINT('',(14.,61.632797446843,-46.98561778753));
#12037 = VECTOR('',#12038,1.);
#12038 = DIRECTION('',(0.,0.587785252292,0.809016994375));
#12039 = PCURVE('',#72,#12040);
#12040 = DEFINITIONAL_REPRESENTATION('',(#12041),#12045);
#12041 = LINE('',#12042,#12043);
#12042 = CARTESIAN_POINT('',(-46.98561778753,-61.63279744684));
#12043 = VECTOR('',#12044,1.);
#12044 = DIRECTION('',(0.809016994375,-0.587785252292));
#12045 = ( GEOMETRIC_REPRESENTATION_CONTEXT(2) 
PARAMETRIC_REPRESENTATION_CONTEXT() REPRESENTATION_CONTEXT('2D SPACE',''
  ) );
#12046 = PCURVE('',#6326,#12047);
#12047 = DEFINITIONAL_REPRESENTATION('',(#12048),#12052);
#12048 = LINE('',#12049,#12050);
#12049 = CARTESIAN_POINT('',(0.,-28.));
#12050 = VECTOR('',#12051,1.);
#12051 = DIRECTION('',(1.,0.));
#12052 = ( GEOMETRIC_REPRESENTATION_CONTEXT(2) 
PARAMETRIC_REPRESENTATION_CONTEXT() REPRESENTATION_CONTEXT('2D SPACE',''
  ) );
#12053 = ORIENTED_EDGE('',*,*,#12054,.T.);
#12054 = EDGE_CURVE('',#12032,#12055,#12057,.T.);
#12055 = VERTEX_POINT('',#12056);
#12056 = CARTESIAN_POINT('',(14.,60.073654098344,-39.46101504361));
#12057 = SURFACE_CURVE('',#12058,(#12062,#12069),.PCURVE_S1.);
#12058 = LINE('',#12059,#12060);
#12059 = CARTESIAN_POINT('',(14.,63.731559790933,-44.09691924176));
#12060 = VECTOR('',#12061,1.);
#12061 = DIRECTION('',(0.,-0.619433676072,0.785048992705));
#12062 = PCURVE('',#72,#12063);
#12063 = DEFINITIONAL_REPRESENTATION('',(#12064),#12068);
#12064 = LINE('',#12065,#12066);
#12065 = CARTESIAN_POINT('',(-44.09691924176,-63.73155979093));
#12066 = VECTOR('',#12067,1.);
#12067 = DIRECTION('',(0.785048992705,0.619433676072));
#12068 = ( GEOMETRIC_REPRESENTATION_CONTEXT(2) 
PARAMETRIC_REPRESENTATION_CONTEXT() REPRESENTATION_CONTEXT('2D SPACE',''
  ) );
#12069 = PCURVE('',#6354,#12070);
#12070 = DEFINITIONAL_REPRESENTATION('',(#12071),#12075);
#12071 = LINE('',#12072,#12073);
#12072 = CARTESIAN_POINT('',(0.,-28.));
#12073 = VECTOR('',#12074,1.);
#12074 = DIRECTION('',(1.,0.));
#12075 = ( GEOMETRIC_REPRESENTATION_CONTEXT(2) 
PARAMETRIC_REPRESENTATION_CONTEXT() REPRESENTATION_CONTEXT('2D SPACE',''
  ) );
#12076 = ORIENTED_EDGE('',*,*,#12077,.T.);
#12077 = EDGE_CURVE('',#12055,#12078,#12080,.T.);
#12078 = VERTEX_POINT('',#12079);
#12079 = CARTESIAN_POINT('',(14.,60.483587452319,-38.82977303433));
#12080 = SURFACE_CURVE('',#12081,(#12085,#12092),.PCURVE_S1.);
#12081 = LINE('',#12082,#12083);
#12082 = CARTESIAN_POINT('',(14.,60.073654098344,-39.46101504361));
#12083 = VECTOR('',#12084,1.);
#12084 = DIRECTION('',(0.,0.544639035015,0.838670567945));
#12085 = PCURVE('',#72,#12086);
#12086 = DEFINITIONAL_REPRESENTATION('',(#12087),#12091);
#12087 = LINE('',#12088,#12089);
#12088 = CARTESIAN_POINT('',(-39.46101504361,-60.07365409834));
#12089 = VECTOR('',#12090,1.);
#12090 = DIRECTION('',(0.838670567945,-0.544639035015));
#12091 = ( GEOMETRIC_REPRESENTATION_CONTEXT(2) 
PARAMETRIC_REPRESENTATION_CONTEXT() REPRESENTATION_CONTEXT('2D SPACE',''
  ) );
#12092 = PCURVE('',#6382,#12093);
#12093 = DEFINITIONAL_REPRESENTATION('',(#12094),#12098);
#12094 = LINE('',#12095,#12096);
#12095 = CARTESIAN_POINT('',(0.,-28.));
#12096 = VECTOR('',#12097,1.);
#12097 = DIRECTION('',(1.,0.));
#12098 = ( GEOMETRIC_REPRESENTATION_CONTEXT(2) 
PARAMETRIC_REPRESENTATION_CONTEXT() REPRESENTATION_CONTEXT('2D SPACE',''
  ) );
#12099 = ORIENTED_EDGE('',*,*,#12100,.T.);
#12100 = EDGE_CURVE('',#12078,#12101,#12103,.T.);
#12101 = VERTEX_POINT('',#12102);
#12102 = CARTESIAN_POINT('',(14.,66.206500956695,-40.2858440531));
#12103 = SURFACE_CURVE('',#12104,(#12108,#12115),.PCURVE_S1.);
#12104 = LINE('',#12105,#12106);
#12105 = CARTESIAN_POINT('',(14.,60.483587452319,-38.82977303433));
#12106 = VECTOR('',#12107,1.);
#12107 = DIRECTION('',(0.,0.969124315327,-0.246572629144));
#12108 = PCURVE('',#72,#12109);
#12109 = DEFINITIONAL_REPRESENTATION('',(#12110),#12114);
#12110 = LINE('',#12111,#12112);
#12111 = CARTESIAN_POINT('',(-38.82977303433,-60.48358745231));
#12112 = VECTOR('',#12113,1.);
#12113 = DIRECTION('',(-0.246572629144,-0.969124315327));
#12114 = ( GEOMETRIC_REPRESENTATION_CONTEXT(2) 
PARAMETRIC_REPRESENTATION_CONTEXT() REPRESENTATION_CONTEXT('2D SPACE',''
  ) );
#12115 = PCURVE('',#6410,#12116);
#12116 = DEFINITIONAL_REPRESENTATION('',(#12117),#12121);
#12117 = LINE('',#12118,#12119);
#12118 = CARTESIAN_POINT('',(0.,-28.));
#12119 = VECTOR('',#12120,1.);
#12120 = DIRECTION('',(1.,0.));
#12121 = ( GEOMETRIC_REPRESENTATION_CONTEXT(2) 
PARAMETRIC_REPRESENTATION_CONTEXT() REPRESENTATION_CONTEXT('2D SPACE',''
  ) );
#12122 = ORIENTED_EDGE('',*,*,#12123,.T.);
#12123 = EDGE_CURVE('',#12101,#12124,#12126,.T.);
#12124 = VERTEX_POINT('',#12125);
#12125 = CARTESIAN_POINT('',(14.,67.991814841235,-37.19358969762));
#12126 = SURFACE_CURVE('',#12127,(#12131,#12138),.PCURVE_S1.);
#12127 = LINE('',#12128,#12129);
#12128 = CARTESIAN_POINT('',(14.,66.206500956695,-40.2858440531));
#12129 = VECTOR('',#12130,1.);
#12130 = DIRECTION('',(0.,0.5,0.866025403784));
#12131 = PCURVE('',#72,#12132);
#12132 = DEFINITIONAL_REPRESENTATION('',(#12133),#12137);
#12133 = LINE('',#12134,#12135);
#12134 = CARTESIAN_POINT('',(-40.2858440531,-66.20650095669));
#12135 = VECTOR('',#12136,1.);
#12136 = DIRECTION('',(0.866025403784,-0.5));
#12137 = ( GEOMETRIC_REPRESENTATION_CONTEXT(2) 
PARAMETRIC_REPRESENTATION_CONTEXT() REPRESENTATION_CONTEXT('2D SPACE',''
  ) );
#12138 = PCURVE('',#6438,#12139);
#12139 = DEFINITIONAL_REPRESENTATION('',(#12140),#12144);
#12140 = LINE('',#12141,#12142);
#12141 = CARTESIAN_POINT('',(0.,-28.));
#12142 = VECTOR('',#12143,1.);
#12143 = DIRECTION('',(1.,0.));
#12144 = ( GEOMETRIC_REPRESENTATION_CONTEXT(2) 
PARAMETRIC_REPRESENTATION_CONTEXT() REPRESENTATION_CONTEXT('2D SPACE',''
  ) );
#12145 = ORIENTED_EDGE('',*,*,#12146,.T.);
#12146 = EDGE_CURVE('',#12124,#12147,#12149,.T.);
#12147 = VERTEX_POINT('',#12148);
#12148 = CARTESIAN_POINT('',(14.,63.869363597074,-32.96543672856));
#12149 = SURFACE_CURVE('',#12150,(#12154,#12161),.PCURVE_S1.);
#12150 = LINE('',#12151,#12152);
#12151 = CARTESIAN_POINT('',(14.,67.991814841235,-37.19358969762));
#12152 = VECTOR('',#12153,1.);
#12153 = DIRECTION('',(0.,-0.69810031838,0.715999961926));
#12154 = PCURVE('',#72,#12155);
#12155 = DEFINITIONAL_REPRESENTATION('',(#12156),#12160);
#12156 = LINE('',#12157,#12158);
#12157 = CARTESIAN_POINT('',(-37.19358969762,-67.99181484123));
#12158 = VECTOR('',#12159,1.);
#12159 = DIRECTION('',(0.715999961926,0.69810031838));
#12160 = ( GEOMETRIC_REPRESENTATION_CONTEXT(2) 
PARAMETRIC_REPRESENTATION_CONTEXT() REPRESENTATION_CONTEXT('2D SPACE',''
  ) );
#12161 = PCURVE('',#6466,#12162);
#12162 = DEFINITIONAL_REPRESENTATION('',(#12163),#12167);
#12163 = LINE('',#12164,#12165);
#12164 = CARTESIAN_POINT('',(0.,-28.));
#12165 = VECTOR('',#12166,1.);
#12166 = DIRECTION('',(1.,0.));
#12167 = ( GEOMETRIC_REPRESENTATION_CONTEXT(2) 
PARAMETRIC_REPRESENTATION_CONTEXT() REPRESENTATION_CONTEXT('2D SPACE',''
  ) );
#12168 = ORIENTED_EDGE('',*,*,#12169,.T.);
#12169 = EDGE_CURVE('',#12147,#12170,#12172,.T.);
#12170 = VERTEX_POINT('',#12171);
#12171 = CARTESIAN_POINT('',(14.,64.211068536063,-32.29480302551));
#12172 = SURFACE_CURVE('',#12173,(#12177,#12184),.PCURVE_S1.);
#12173 = LINE('',#12174,#12175);
#12174 = CARTESIAN_POINT('',(14.,63.869363597074,-32.96543672856));
#12175 = VECTOR('',#12176,1.);
#12176 = DIRECTION('',(0.,0.45399049974,0.891006524188));
#12177 = PCURVE('',#72,#12178);
#12178 = DEFINITIONAL_REPRESENTATION('',(#12179),#12183);
#12179 = LINE('',#12180,#12181);
#12180 = CARTESIAN_POINT('',(-32.96543672856,-63.86936359707));
#12181 = VECTOR('',#12182,1.);
#12182 = DIRECTION('',(0.891006524188,-0.45399049974));
#12183 = ( GEOMETRIC_REPRESENTATION_CONTEXT(2) 
PARAMETRIC_REPRESENTATION_CONTEXT() REPRESENTATION_CONTEXT('2D SPACE',''
  ) );
#12184 = PCURVE('',#6494,#12185);
#12185 = DEFINITIONAL_REPRESENTATION('',(#12186),#12190);
#12186 = LINE('',#12187,#12188);
#12187 = CARTESIAN_POINT('',(0.,-28.));
#12188 = VECTOR('',#12189,1.);
#12189 = DIRECTION('',(1.,0.));
#12190 = ( GEOMETRIC_REPRESENTATION_CONTEXT(2) 
PARAMETRIC_REPRESENTATION_CONTEXT() REPRESENTATION_CONTEXT('2D SPACE',''
  ) );
#12191 = ORIENTED_EDGE('',*,*,#12192,.T.);
#12192 = EDGE_CURVE('',#12170,#12193,#12195,.T.);
#12193 = VERTEX_POINT('',#12194);
#12194 = CARTESIAN_POINT('',(14.,70.054832187465,-33.14469018087));
#12195 = SURFACE_CURVE('',#12196,(#12200,#12207),.PCURVE_S1.);
#12196 = LINE('',#12197,#12198);
#12197 = CARTESIAN_POINT('',(14.,64.211068536063,-32.29480302551));
#12198 = VECTOR('',#12199,1.);
#12199 = DIRECTION('',(0.,0.989589208934,-0.143920803085));
#12200 = PCURVE('',#72,#12201);
#12201 = DEFINITIONAL_REPRESENTATION('',(#12202),#12206);
#12202 = LINE('',#12203,#12204);
#12203 = CARTESIAN_POINT('',(-32.29480302551,-64.21106853606));
#12204 = VECTOR('',#12205,1.);
#12205 = DIRECTION('',(-0.143920803085,-0.989589208934));
#12206 = ( GEOMETRIC_REPRESENTATION_CONTEXT(2) 
PARAMETRIC_REPRESENTATION_CONTEXT() REPRESENTATION_CONTEXT('2D SPACE',''
  ) );
#12207 = PCURVE('',#6522,#12208);
#12208 = DEFINITIONAL_REPRESENTATION('',(#12209),#12213);
#12209 = LINE('',#12210,#12211);
#12210 = CARTESIAN_POINT('',(0.,-28.));
#12211 = VECTOR('',#12212,1.);
#12212 = DIRECTION('',(1.,0.));
#12213 = ( GEOMETRIC_REPRESENTATION_CONTEXT(2) 
PARAMETRIC_REPRESENTATION_CONTEXT() REPRESENTATION_CONTEXT('2D SPACE',''
  ) );
#12214 = ORIENTED_EDGE('',*,*,#12215,.T.);
#12215 = EDGE_CURVE('',#12193,#12216,#12218,.T.);
#12216 = VERTEX_POINT('',#12217);
#12217 = CARTESIAN_POINT('',(14.,71.507137339934,-29.88275940149));
#12218 = SURFACE_CURVE('',#12219,(#12223,#12230),.PCURVE_S1.);
#12219 = LINE('',#12220,#12221);
#12220 = CARTESIAN_POINT('',(14.,70.054832187465,-33.14469018087));
#12221 = VECTOR('',#12222,1.);
#12222 = DIRECTION('',(0.,0.406736643076,0.913545457643));
#12223 = PCURVE('',#72,#12224);
#12224 = DEFINITIONAL_REPRESENTATION('',(#12225),#12229);
#12225 = LINE('',#12226,#12227);
#12226 = CARTESIAN_POINT('',(-33.14469018087,-70.05483218746));
#12227 = VECTOR('',#12228,1.);
#12228 = DIRECTION('',(0.913545457643,-0.406736643076));
#12229 = ( GEOMETRIC_REPRESENTATION_CONTEXT(2) 
PARAMETRIC_REPRESENTATION_CONTEXT() REPRESENTATION_CONTEXT('2D SPACE',''
  ) );
#12230 = PCURVE('',#6550,#12231);
#12231 = DEFINITIONAL_REPRESENTATION('',(#12232),#12236);
#12232 = LINE('',#12233,#12234);
#12233 = CARTESIAN_POINT('',(0.,-28.));
#12234 = VECTOR('',#12235,1.);
#12235 = DIRECTION('',(1.,0.));
#12236 = ( GEOMETRIC_REPRESENTATION_CONTEXT(2) 
PARAMETRIC_REPRESENTATION_CONTEXT() REPRESENTATION_CONTEXT('2D SPACE',''
  ) );
#12237 = ORIENTED_EDGE('',*,*,#12238,.T.);
#12238 = EDGE_CURVE('',#12216,#12239,#12241,.T.);
#12239 = VERTEX_POINT('',#12240);
#12240 = CARTESIAN_POINT('',(14.,66.965306982711,-26.10868219024));
#12241 = SURFACE_CURVE('',#12242,(#12246,#12253),.PCURVE_S1.);
#12242 = LINE('',#12243,#12244);
#12243 = CARTESIAN_POINT('',(14.,71.507137339934,-29.88275940149));
#12244 = VECTOR('',#12245,1.);
#12245 = DIRECTION('',(0.,-0.769118427512,0.639106285732));
#12246 = PCURVE('',#72,#12247);
#12247 = DEFINITIONAL_REPRESENTATION('',(#12248),#12252);
#12248 = LINE('',#12249,#12250);
#12249 = CARTESIAN_POINT('',(-29.88275940149,-71.50713733993));
#12250 = VECTOR('',#12251,1.);
#12251 = DIRECTION('',(0.639106285732,0.769118427512));
#12252 = ( GEOMETRIC_REPRESENTATION_CONTEXT(2) 
PARAMETRIC_REPRESENTATION_CONTEXT() REPRESENTATION_CONTEXT('2D SPACE',''
  ) );
#12253 = PCURVE('',#6578,#12254);
#12254 = DEFINITIONAL_REPRESENTATION('',(#12255),#12259);
#12255 = LINE('',#12256,#12257);
#12256 = CARTESIAN_POINT('',(0.,-28.));
#12257 = VECTOR('',#12258,1.);
#12258 = DIRECTION('',(1.,0.));
#12259 = ( GEOMETRIC_REPRESENTATION_CONTEXT(2) 
PARAMETRIC_REPRESENTATION_CONTEXT() REPRESENTATION_CONTEXT('2D SPACE',''
  ) );
#12260 = ORIENTED_EDGE('',*,*,#12261,.T.);
#12261 = EDGE_CURVE('',#12239,#12262,#12264,.T.);
#12262 = VERTEX_POINT('',#12263);
#12263 = CARTESIAN_POINT('',(14.,67.235039715897,-25.40600439663));
#12264 = SURFACE_CURVE('',#12265,(#12269,#12276),.PCURVE_S1.);
#12265 = LINE('',#12266,#12267);
#12266 = CARTESIAN_POINT('',(14.,66.965306982711,-26.10868219024));
#12267 = VECTOR('',#12268,1.);
#12268 = DIRECTION('',(0.,0.358367949545,0.933580426497));
#12269 = PCURVE('',#72,#12270);
#12270 = DEFINITIONAL_REPRESENTATION('',(#12271),#12275);
#12271 = LINE('',#12272,#12273);
#12272 = CARTESIAN_POINT('',(-26.10868219024,-66.96530698271));
#12273 = VECTOR('',#12274,1.);
#12274 = DIRECTION('',(0.933580426497,-0.358367949545));
#12275 = ( GEOMETRIC_REPRESENTATION_CONTEXT(2) 
PARAMETRIC_REPRESENTATION_CONTEXT() REPRESENTATION_CONTEXT('2D SPACE',''
  ) );
#12276 = PCURVE('',#6606,#12277);
#12277 = DEFINITIONAL_REPRESENTATION('',(#12278),#12282);
#12278 = LINE('',#12279,#12280);
#12279 = CARTESIAN_POINT('',(0.,-28.));
#12280 = VECTOR('',#12281,1.);
#12281 = DIRECTION('',(1.,0.));
#12282 = ( GEOMETRIC_REPRESENTATION_CONTEXT(2) 
PARAMETRIC_REPRESENTATION_CONTEXT() REPRESENTATION_CONTEXT('2D SPACE',''
  ) );
#12283 = ORIENTED_EDGE('',*,*,#12284,.T.);
#12284 = EDGE_CURVE('',#12262,#12285,#12287,.T.);
#12285 = VERTEX_POINT('',#12286);
#12286 = CARTESIAN_POINT('',(14.,73.135628016874,-25.64039614704));
#12287 = SURFACE_CURVE('',#12288,(#12292,#12299),.PCURVE_S1.);
#12288 = LINE('',#12289,#12290);
#12289 = CARTESIAN_POINT('',(14.,67.235039715897,-25.40600439663));
#12290 = VECTOR('',#12291,1.);
#12291 = DIRECTION('',(0.,0.999211956084,-3.969215059134E-02));
#12292 = PCURVE('',#72,#12293);
#12293 = DEFINITIONAL_REPRESENTATION('',(#12294),#12298);
#12294 = LINE('',#12295,#12296);
#12295 = CARTESIAN_POINT('',(-25.40600439663,-67.23503971589));
#12296 = VECTOR('',#12297,1.);
#12297 = DIRECTION('',(-3.969215059134E-02,-0.999211956084));
#12298 = ( GEOMETRIC_REPRESENTATION_CONTEXT(2) 
PARAMETRIC_REPRESENTATION_CONTEXT() REPRESENTATION_CONTEXT('2D SPACE',''
  ) );
#12299 = PCURVE('',#6634,#12300);
#12300 = DEFINITIONAL_REPRESENTATION('',(#12301),#12305);
#12301 = LINE('',#12302,#12303);
#12302 = CARTESIAN_POINT('',(0.,-28.));
#12303 = VECTOR('',#12304,1.);
#12304 = DIRECTION('',(1.,0.));
#12305 = ( GEOMETRIC_REPRESENTATION_CONTEXT(2) 
PARAMETRIC_REPRESENTATION_CONTEXT() REPRESENTATION_CONTEXT('2D SPACE',''
  ) );
#12306 = ORIENTED_EDGE('',*,*,#12307,.T.);
#12307 = EDGE_CURVE('',#12285,#12308,#12310,.T.);
#12308 = VERTEX_POINT('',#12309);
#12309 = CARTESIAN_POINT('',(14.,74.239012678106,-22.24452734));
#12310 = SURFACE_CURVE('',#12311,(#12315,#12322),.PCURVE_S1.);
#12311 = LINE('',#12312,#12313);
#12312 = CARTESIAN_POINT('',(14.,73.135628016874,-25.64039614704));
#12313 = VECTOR('',#12314,1.);
#12314 = DIRECTION('',(0.,0.309016994375,0.951056516295));
#12315 = PCURVE('',#72,#12316);
#12316 = DEFINITIONAL_REPRESENTATION('',(#12317),#12321);
#12317 = LINE('',#12318,#12319);
#12318 = CARTESIAN_POINT('',(-25.64039614704,-73.13562801687));
#12319 = VECTOR('',#12320,1.);
#12320 = DIRECTION('',(0.951056516295,-0.309016994375));
#12321 = ( GEOMETRIC_REPRESENTATION_CONTEXT(2) 
PARAMETRIC_REPRESENTATION_CONTEXT() REPRESENTATION_CONTEXT('2D SPACE',''
  ) );
#12322 = PCURVE('',#6662,#12323);
#12323 = DEFINITIONAL_REPRESENTATION('',(#12324),#12328);
#12324 = LINE('',#12325,#12326);
#12325 = CARTESIAN_POINT('',(0.,-28.));
#12326 = VECTOR('',#12327,1.);
#12327 = DIRECTION('',(1.,0.));
#12328 = ( GEOMETRIC_REPRESENTATION_CONTEXT(2) 
PARAMETRIC_REPRESENTATION_CONTEXT() REPRESENTATION_CONTEXT('2D SPACE',''
  ) );
#12329 = ORIENTED_EDGE('',*,*,#12330,.T.);
#12330 = EDGE_CURVE('',#12308,#12331,#12333,.T.);
#12331 = VERTEX_POINT('',#12332);
#12332 = CARTESIAN_POINT('',(14.,69.327564451654,-18.96587546626));
#12333 = SURFACE_CURVE('',#12334,(#12338,#12345),.PCURVE_S1.);
#12334 = LINE('',#12335,#12336);
#12335 = CARTESIAN_POINT('',(14.,74.239012678106,-22.24452734));
#12336 = VECTOR('',#12337,1.);
#12337 = DIRECTION('',(0.,-0.831709914204,0.555210427329));
#12338 = PCURVE('',#72,#12339);
#12339 = DEFINITIONAL_REPRESENTATION('',(#12340),#12344);
#12340 = LINE('',#12341,#12342);
#12341 = CARTESIAN_POINT('',(-22.24452734,-74.2390126781));
#12342 = VECTOR('',#12343,1.);
#12343 = DIRECTION('',(0.555210427329,0.831709914204));
#12344 = ( GEOMETRIC_REPRESENTATION_CONTEXT(2) 
PARAMETRIC_REPRESENTATION_CONTEXT() REPRESENTATION_CONTEXT('2D SPACE',''
  ) );
#12345 = PCURVE('',#6690,#12346);
#12346 = DEFINITIONAL_REPRESENTATION('',(#12347),#12351);
#12347 = LINE('',#12348,#12349);
#12348 = CARTESIAN_POINT('',(0.,-28.));
#12349 = VECTOR('',#12350,1.);
#12350 = DIRECTION('',(1.,0.));
#12351 = ( GEOMETRIC_REPRESENTATION_CONTEXT(2) 
PARAMETRIC_REPRESENTATION_CONTEXT() REPRESENTATION_CONTEXT('2D SPACE',''
  ) );
#12352 = ORIENTED_EDGE('',*,*,#12353,.T.);
#12353 = EDGE_CURVE('',#12331,#12354,#12356,.T.);
#12354 = VERTEX_POINT('',#12355);
#12355 = CARTESIAN_POINT('',(14.,69.522369730766,-18.23885226703));
#12356 = SURFACE_CURVE('',#12357,(#12361,#12368),.PCURVE_S1.);
#12357 = LINE('',#12358,#12359);
#12358 = CARTESIAN_POINT('',(14.,69.327564451654,-18.96587546626));
#12359 = VECTOR('',#12360,1.);
#12360 = DIRECTION('',(0.,0.258819045103,0.965925826289));
#12361 = PCURVE('',#72,#12362);
#12362 = DEFINITIONAL_REPRESENTATION('',(#12363),#12367);
#12363 = LINE('',#12364,#12365);
#12364 = CARTESIAN_POINT('',(-18.96587546626,-69.32756445165));
#12365 = VECTOR('',#12366,1.);
#12366 = DIRECTION('',(0.965925826289,-0.258819045103));
#12367 = ( GEOMETRIC_REPRESENTATION_CONTEXT(2) 
PARAMETRIC_REPRESENTATION_CONTEXT() REPRESENTATION_CONTEXT('2D SPACE',''
  ) );
#12368 = PCURVE('',#6718,#12369);
#12369 = DEFINITIONAL_REPRESENTATION('',(#12370),#12374);
#12370 = LINE('',#12371,#12372);
#12371 = CARTESIAN_POINT('',(0.,-28.));
#12372 = VECTOR('',#12373,1.);
#12373 = DIRECTION('',(1.,0.));
#12374 = ( GEOMETRIC_REPRESENTATION_CONTEXT(2) 
PARAMETRIC_REPRESENTATION_CONTEXT() REPRESENTATION_CONTEXT('2D SPACE',''
  ) );
#12375 = ORIENTED_EDGE('',*,*,#12376,.T.);
#12376 = EDGE_CURVE('',#12354,#12377,#12379,.T.);
#12377 = VERTEX_POINT('',#12378);
#12378 = CARTESIAN_POINT('',(14.,75.415134601115,-17.85518056743));
#12379 = SURFACE_CURVE('',#12380,(#12384,#12391),.PCURVE_S1.);
#12380 = LINE('',#12381,#12382);
#12381 = CARTESIAN_POINT('',(14.,69.522369730766,-18.23885226703));
#12382 = VECTOR('',#12383,1.);
#12383 = DIRECTION('',(0.,0.997887127945,6.49713774108E-02));
#12384 = PCURVE('',#72,#12385);
#12385 = DEFINITIONAL_REPRESENTATION('',(#12386),#12390);
#12386 = LINE('',#12387,#12388);
#12387 = CARTESIAN_POINT('',(-18.23885226703,-69.52236973076));
#12388 = VECTOR('',#12389,1.);
#12389 = DIRECTION('',(6.49713774108E-02,-0.997887127945));
#12390 = ( GEOMETRIC_REPRESENTATION_CONTEXT(2) 
PARAMETRIC_REPRESENTATION_CONTEXT() REPRESENTATION_CONTEXT('2D SPACE',''
  ) );
#12391 = PCURVE('',#6746,#12392);
#12392 = DEFINITIONAL_REPRESENTATION('',(#12393),#12397);
#12393 = LINE('',#12394,#12395);
#12394 = CARTESIAN_POINT('',(0.,-28.));
#12395 = VECTOR('',#12396,1.);
#12396 = DIRECTION('',(1.,0.));
#12397 = ( GEOMETRIC_REPRESENTATION_CONTEXT(2) 
PARAMETRIC_REPRESENTATION_CONTEXT() REPRESENTATION_CONTEXT('2D SPACE',''
  ) );
#12398 = ORIENTED_EDGE('',*,*,#12399,.T.);
#12399 = EDGE_CURVE('',#12377,#12400,#12402,.T.);
#12400 = VERTEX_POINT('',#12401);
#12401 = CARTESIAN_POINT('',(14.,76.157509857865,-14.36257958199));
#12402 = SURFACE_CURVE('',#12403,(#12407,#12414),.PCURVE_S1.);
#12403 = LINE('',#12404,#12405);
#12404 = CARTESIAN_POINT('',(14.,75.415134601115,-17.85518056743));
#12405 = VECTOR('',#12406,1.);
#12406 = DIRECTION('',(0.,0.207911690818,0.978147600734));
#12407 = PCURVE('',#72,#12408);
#12408 = DEFINITIONAL_REPRESENTATION('',(#12409),#12413);
#12409 = LINE('',#12410,#12411);
#12410 = CARTESIAN_POINT('',(-17.85518056743,-75.41513460111));
#12411 = VECTOR('',#12412,1.);
#12412 = DIRECTION('',(0.978147600734,-0.207911690818));
#12413 = ( GEOMETRIC_REPRESENTATION_CONTEXT(2) 
PARAMETRIC_REPRESENTATION_CONTEXT() REPRESENTATION_CONTEXT('2D SPACE',''
  ) );
#12414 = PCURVE('',#6774,#12415);
#12415 = DEFINITIONAL_REPRESENTATION('',(#12416),#12420);
#12416 = LINE('',#12417,#12418);
#12417 = CARTESIAN_POINT('',(0.,-28.));
#12418 = VECTOR('',#12419,1.);
#12419 = DIRECTION('',(1.,0.));
#12420 = ( GEOMETRIC_REPRESENTATION_CONTEXT(2) 
PARAMETRIC_REPRESENTATION_CONTEXT() REPRESENTATION_CONTEXT('2D SPACE',''
  ) );
#12421 = ORIENTED_EDGE('',*,*,#12422,.T.);
#12422 = EDGE_CURVE('',#12400,#12423,#12425,.T.);
#12423 = VERTEX_POINT('',#12424);
#12424 = CARTESIAN_POINT('',(14.,70.930254616739,-11.6152746418));
#12425 = SURFACE_CURVE('',#12426,(#12430,#12437),.PCURVE_S1.);
#12426 = LINE('',#12427,#12428);
#12427 = CARTESIAN_POINT('',(14.,76.157509857865,-14.36257958199));
#12428 = VECTOR('',#12429,1.);
#12429 = DIRECTION('',(0.,-0.88518901303,0.465231567299));
#12430 = PCURVE('',#72,#12431);
#12431 = DEFINITIONAL_REPRESENTATION('',(#12432),#12436);
#12432 = LINE('',#12433,#12434);
#12433 = CARTESIAN_POINT('',(-14.36257958199,-76.15750985786));
#12434 = VECTOR('',#12435,1.);
#12435 = DIRECTION('',(0.465231567299,0.88518901303));
#12436 = ( GEOMETRIC_REPRESENTATION_CONTEXT(2) 
PARAMETRIC_REPRESENTATION_CONTEXT() REPRESENTATION_CONTEXT('2D SPACE',''
  ) );
#12437 = PCURVE('',#6802,#12438);
#12438 = DEFINITIONAL_REPRESENTATION('',(#12439),#12443);
#12439 = LINE('',#12440,#12441);
#12440 = CARTESIAN_POINT('',(0.,-28.));
#12441 = VECTOR('',#12442,1.);
#12442 = DIRECTION('',(1.,0.));
#12443 = ( GEOMETRIC_REPRESENTATION_CONTEXT(2) 
PARAMETRIC_REPRESENTATION_CONTEXT() REPRESENTATION_CONTEXT('2D SPACE',''
  ) );
#12444 = ORIENTED_EDGE('',*,*,#12445,.T.);
#12445 = EDGE_CURVE('',#12423,#12446,#12448,.T.);
#12446 = VERTEX_POINT('',#12447);
#12447 = CARTESIAN_POINT('',(14.,71.047998114374,-10.87187145526));
#12448 = SURFACE_CURVE('',#12449,(#12453,#12460),.PCURVE_S1.);
#12449 = LINE('',#12450,#12451);
#12450 = CARTESIAN_POINT('',(14.,70.930254616739,-11.6152746418));
#12451 = VECTOR('',#12452,1.);
#12452 = DIRECTION('',(0.,0.15643446504,0.987688340595));
#12453 = PCURVE('',#72,#12454);
#12454 = DEFINITIONAL_REPRESENTATION('',(#12455),#12459);
#12455 = LINE('',#12456,#12457);
#12456 = CARTESIAN_POINT('',(-11.6152746418,-70.93025461673));
#12457 = VECTOR('',#12458,1.);
#12458 = DIRECTION('',(0.987688340595,-0.15643446504));
#12459 = ( GEOMETRIC_REPRESENTATION_CONTEXT(2) 
PARAMETRIC_REPRESENTATION_CONTEXT() REPRESENTATION_CONTEXT('2D SPACE',''
  ) );
#12460 = PCURVE('',#6830,#12461);
#12461 = DEFINITIONAL_REPRESENTATION('',(#12462),#12466);
#12462 = LINE('',#12463,#12464);
#12463 = CARTESIAN_POINT('',(0.,-28.));
#12464 = VECTOR('',#12465,1.);
#12465 = DIRECTION('',(1.,0.));
#12466 = ( GEOMETRIC_REPRESENTATION_CONTEXT(2) 
PARAMETRIC_REPRESENTATION_CONTEXT() REPRESENTATION_CONTEXT('2D SPACE',''
  ) );
#12467 = ORIENTED_EDGE('',*,*,#12468,.T.);
#12468 = EDGE_CURVE('',#12446,#12469,#12471,.T.);
#12469 = VERTEX_POINT('',#12470);
#12470 = CARTESIAN_POINT('',(14.,76.868377189035,-9.874339893091));
#12471 = SURFACE_CURVE('',#12472,(#12476,#12483),.PCURVE_S1.);
#12472 = LINE('',#12473,#12474);
#12473 = CARTESIAN_POINT('',(14.,71.047998114374,-10.87187145526));
#12474 = VECTOR('',#12475,1.);
#12475 = DIRECTION('',(0.,0.98562923961,0.168923065406));
#12476 = PCURVE('',#72,#12477);
#12477 = DEFINITIONAL_REPRESENTATION('',(#12478),#12482);
#12478 = LINE('',#12479,#12480);
#12479 = CARTESIAN_POINT('',(-10.87187145526,-71.04799811437));
#12480 = VECTOR('',#12481,1.);
#12481 = DIRECTION('',(0.168923065406,-0.98562923961));
#12482 = ( GEOMETRIC_REPRESENTATION_CONTEXT(2) 
PARAMETRIC_REPRESENTATION_CONTEXT() REPRESENTATION_CONTEXT('2D SPACE',''
  ) );
#12483 = PCURVE('',#6858,#12484);
#12484 = DEFINITIONAL_REPRESENTATION('',(#12485),#12489);
#12485 = LINE('',#12486,#12487);
#12486 = CARTESIAN_POINT('',(0.,-28.));
#12487 = VECTOR('',#12488,1.);
#12488 = DIRECTION('',(1.,0.));
#12489 = ( GEOMETRIC_REPRESENTATION_CONTEXT(2) 
PARAMETRIC_REPRESENTATION_CONTEXT() REPRESENTATION_CONTEXT('2D SPACE',''
  ) );
#12490 = ORIENTED_EDGE('',*,*,#12491,.T.);
#12491 = EDGE_CURVE('',#12469,#12492,#12494,.T.);
#12492 = VERTEX_POINT('',#12493);
#12493 = CARTESIAN_POINT('',(14.,77.241609422637,-6.323272396532));
#12494 = SURFACE_CURVE('',#12495,(#12499,#12506),.PCURVE_S1.);
#12495 = LINE('',#12496,#12497);
#12496 = CARTESIAN_POINT('',(14.,76.868377189035,-9.874339893091));
#12497 = VECTOR('',#12498,1.);
#12498 = DIRECTION('',(0.,0.104528463268,0.994521895368));
#12499 = PCURVE('',#72,#12500);
#12500 = DEFINITIONAL_REPRESENTATION('',(#12501),#12505);
#12501 = LINE('',#12502,#12503);
#12502 = CARTESIAN_POINT('',(-9.874339893091,-76.86837718903));
#12503 = VECTOR('',#12504,1.);
#12504 = DIRECTION('',(0.994521895368,-0.104528463268));
#12505 = ( GEOMETRIC_REPRESENTATION_CONTEXT(2) 
PARAMETRIC_REPRESENTATION_CONTEXT() REPRESENTATION_CONTEXT('2D SPACE',''
  ) );
#12506 = PCURVE('',#6886,#12507);
#12507 = DEFINITIONAL_REPRESENTATION('',(#12508),#12512);
#12508 = LINE('',#12509,#12510);
#12509 = CARTESIAN_POINT('',(0.,-28.));
#12510 = VECTOR('',#12511,1.);
#12511 = DIRECTION('',(1.,0.));
#12512 = ( GEOMETRIC_REPRESENTATION_CONTEXT(2) 
PARAMETRIC_REPRESENTATION_CONTEXT() REPRESENTATION_CONTEXT('2D SPACE',''
  ) );
#12513 = ORIENTED_EDGE('',*,*,#12514,.T.);
#12514 = EDGE_CURVE('',#12492,#144,#12515,.T.);
#12515 = SURFACE_CURVE('',#12516,(#12520,#12527),.PCURVE_S1.);
#12516 = LINE('',#12517,#12518);
#12517 = CARTESIAN_POINT('',(14.,77.241609422637,-6.323272396532));
#12518 = VECTOR('',#12519,1.);
#12519 = DIRECTION('',(0.,-0.928969795791,0.370155532862));
#12520 = PCURVE('',#72,#12521);
#12521 = DEFINITIONAL_REPRESENTATION('',(#12522),#12526);
#12522 = LINE('',#12523,#12524);
#12523 = CARTESIAN_POINT('',(-6.323272396532,-77.24160942263));
#12524 = VECTOR('',#12525,1.);
#12525 = DIRECTION('',(0.370155532862,0.928969795791));
#12526 = ( GEOMETRIC_REPRESENTATION_CONTEXT(2) 
PARAMETRIC_REPRESENTATION_CONTEXT() REPRESENTATION_CONTEXT('2D SPACE',''
  ) );
#12527 = PCURVE('',#159,#12528);
#12528 = DEFINITIONAL_REPRESENTATION('',(#12529),#12533);
#12529 = LINE('',#12530,#12531);
#12530 = CARTESIAN_POINT('',(0.,-28.));
#12531 = VECTOR('',#12532,1.);
#12532 = DIRECTION('',(1.,0.));
#12533 = ( GEOMETRIC_REPRESENTATION_CONTEXT(2) 
PARAMETRIC_REPRESENTATION_CONTEXT() REPRESENTATION_CONTEXT('2D SPACE',''
  ) );
#12534 = ORIENTED_EDGE('',*,*,#171,.T.);
#12535 = FACE_BOUND('',#12536,.T.);
#12536 = EDGE_LOOP('',(#12537,#12567,#12588,#12609,#12630,#12651));
#12537 = ORIENTED_EDGE('',*,*,#12538,.T.);
#12538 = EDGE_CURVE('',#12539,#12541,#12543,.T.);
#12539 = VERTEX_POINT('',#12540);
#12540 = CARTESIAN_POINT('',(14.,2.683281573,17.9));
#12541 = VERTEX_POINT('',#12542);
#12542 = CARTESIAN_POINT('',(14.,-2.683281573,17.9));
#12543 = SURFACE_CURVE('',#12544,(#12549,#12560),.PCURVE_S1.);
#12544 = CIRCLE('',#12545,18.1);
#12545 = AXIS2_PLACEMENT_3D('',#12546,#12547,#12548);
#12546 = CARTESIAN_POINT('',(14.,0.,0.));
#12547 = DIRECTION('',(-1.,0.,0.));
#12548 = DIRECTION('',(0.,0.148247600718,0.988950276243));
#12549 = PCURVE('',#72,#12550);
#12550 = DEFINITIONAL_REPRESENTATION('',(#12551),#12559);
#12551 = ( BOUNDED_CURVE() B_SPLINE_CURVE(2,(#12552,#12553,#12554,#12555
    ,#12556,#12557,#12558),.UNSPECIFIED.,.T.,.F.) 
B_SPLINE_CURVE_WITH_KNOTS((1,2,2,2,2,1),(-2.094395102393,0.,
    2.094395102393,4.188790204786,6.28318530718,8.377580409573),
.UNSPECIFIED.) CURVE() GEOMETRIC_REPRESENTATION_ITEM() 
RATIONAL_B_SPLINE_CURVE((1.,0.5,1.,0.5,1.,0.5,1.)) REPRESENTATION_ITEM(
  '') );
#12552 = CARTESIAN_POINT('',(17.9,-2.683281573));
#12553 = CARTESIAN_POINT('',(13.252419984551,-33.68699102848));
#12554 = CARTESIAN_POINT('',(-11.27379000772,-14.16021394124));
#12555 = CARTESIAN_POINT('',(-35.8,5.366563146));
#12556 = CARTESIAN_POINT('',(-6.626209992276,16.843495514241));
#12557 = CARTESIAN_POINT('',(22.547580015449,28.320427882483));
#12558 = CARTESIAN_POINT('',(17.9,-2.683281573));
#12559 = ( GEOMETRIC_REPRESENTATION_CONTEXT(2) 
PARAMETRIC_REPRESENTATION_CONTEXT() REPRESENTATION_CONTEXT('2D SPACE',''
  ) );
#12560 = PCURVE('',#6967,#12561);
#12561 = DEFINITIONAL_REPRESENTATION('',(#12562),#12566);
#12562 = LINE('',#12563,#12564);
#12563 = CARTESIAN_POINT('',(-7.705185576693,-29.));
#12564 = VECTOR('',#12565,1.);
#12565 = DIRECTION('',(1.,-0.));
#12566 = ( GEOMETRIC_REPRESENTATION_CONTEXT(2) 
PARAMETRIC_REPRESENTATION_CONTEXT() REPRESENTATION_CONTEXT('2D SPACE',''
  ) );
#12567 = ORIENTED_EDGE('',*,*,#12568,.T.);
#12568 = EDGE_CURVE('',#12541,#12569,#12571,.T.);
#12569 = VERTEX_POINT('',#12570);
#12570 = CARTESIAN_POINT('',(14.,-5.1,17.9));
#12571 = SURFACE_CURVE('',#12572,(#12576,#12582),.PCURVE_S1.);
#12572 = LINE('',#12573,#12574);
#12573 = CARTESIAN_POINT('',(14.,-2.55,17.9));
#12574 = VECTOR('',#12575,1.);
#12575 = DIRECTION('',(0.,-1.,0.));
#12576 = PCURVE('',#72,#12577);
#12577 = DEFINITIONAL_REPRESENTATION('',(#12578),#12581);
#12578 = B_SPLINE_CURVE_WITH_KNOTS('',1,(#12579,#12580),.UNSPECIFIED.,
  .F.,.F.,(2,2),(-7.65,2.55),.PIECEWISE_BEZIER_KNOTS.);
#12579 = CARTESIAN_POINT('',(17.9,-5.1));
#12580 = CARTESIAN_POINT('',(17.9,5.1));
#12581 = ( GEOMETRIC_REPRESENTATION_CONTEXT(2) 
PARAMETRIC_REPRESENTATION_CONTEXT() REPRESENTATION_CONTEXT('2D SPACE',''
  ) );
#12582 = PCURVE('',#6994,#12583);
#12583 = DEFINITIONAL_REPRESENTATION('',(#12584),#12587);
#12584 = B_SPLINE_CURVE_WITH_KNOTS('',1,(#12585,#12586),.UNSPECIFIED.,
  .F.,.F.,(2,2),(-7.65,2.55),.PIECEWISE_BEZIER_KNOTS.);
#12585 = CARTESIAN_POINT('',(29.,10.2));
#12586 = CARTESIAN_POINT('',(29.,0.));
#12587 = ( GEOMETRIC_REPRESENTATION_CONTEXT(2) 
PARAMETRIC_REPRESENTATION_CONTEXT() REPRESENTATION_CONTEXT('2D SPACE',''
  ) );
#12588 = ORIENTED_EDGE('',*,*,#12589,.T.);
#12589 = EDGE_CURVE('',#12569,#12590,#12592,.T.);
#12590 = VERTEX_POINT('',#12591);
#12591 = CARTESIAN_POINT('',(14.,-5.1,22.3));
#12592 = SURFACE_CURVE('',#12593,(#12597,#12603),.PCURVE_S1.);
#12593 = LINE('',#12594,#12595);
#12594 = CARTESIAN_POINT('',(14.,-5.1,8.95));
#12595 = VECTOR('',#12596,1.);
#12596 = DIRECTION('',(0.,0.,1.));
#12597 = PCURVE('',#72,#12598);
#12598 = DEFINITIONAL_REPRESENTATION('',(#12599),#12602);
#12599 = B_SPLINE_CURVE_WITH_KNOTS('',1,(#12600,#12601),.UNSPECIFIED.,
  .F.,.F.,(2,2),(8.95,13.35),.PIECEWISE_BEZIER_KNOTS.);
#12600 = CARTESIAN_POINT('',(17.9,5.1));
#12601 = CARTESIAN_POINT('',(22.3,5.1));
#12602 = ( GEOMETRIC_REPRESENTATION_CONTEXT(2) 
PARAMETRIC_REPRESENTATION_CONTEXT() REPRESENTATION_CONTEXT('2D SPACE',''
  ) );
#12603 = PCURVE('',#7020,#12604);
#12604 = DEFINITIONAL_REPRESENTATION('',(#12605),#12608);
#12605 = B_SPLINE_CURVE_WITH_KNOTS('',1,(#12606,#12607),.UNSPECIFIED.,
  .F.,.F.,(2,2),(8.95,13.35),.PIECEWISE_BEZIER_KNOTS.);
#12606 = CARTESIAN_POINT('',(0.,29.));
#12607 = CARTESIAN_POINT('',(4.4,29.));
#12608 = ( GEOMETRIC_REPRESENTATION_CONTEXT(2) 
PARAMETRIC_REPRESENTATION_CONTEXT() REPRESENTATION_CONTEXT('2D SPACE',''
  ) );
#12609 = ORIENTED_EDGE('',*,*,#12610,.F.);
#12610 = EDGE_CURVE('',#12611,#12590,#12613,.T.);
#12611 = VERTEX_POINT('',#12612);
#12612 = CARTESIAN_POINT('',(14.,5.1,22.3));
#12613 = SURFACE_CURVE('',#12614,(#12618,#12624),.PCURVE_S1.);
#12614 = LINE('',#12615,#12616);
#12615 = CARTESIAN_POINT('',(14.,-2.55,22.3));
#12616 = VECTOR('',#12617,1.);
#12617 = DIRECTION('',(0.,-1.,0.));
#12618 = PCURVE('',#72,#12619);
#12619 = DEFINITIONAL_REPRESENTATION('',(#12620),#12623);
#12620 = B_SPLINE_CURVE_WITH_KNOTS('',1,(#12621,#12622),.UNSPECIFIED.,
  .F.,.F.,(2,2),(-7.65,2.55),.PIECEWISE_BEZIER_KNOTS.);
#12621 = CARTESIAN_POINT('',(22.3,-5.1));
#12622 = CARTESIAN_POINT('',(22.3,5.1));
#12623 = ( GEOMETRIC_REPRESENTATION_CONTEXT(2) 
PARAMETRIC_REPRESENTATION_CONTEXT() REPRESENTATION_CONTEXT('2D SPACE',''
  ) );
#12624 = PCURVE('',#7046,#12625);
#12625 = DEFINITIONAL_REPRESENTATION('',(#12626),#12629);
#12626 = B_SPLINE_CURVE_WITH_KNOTS('',1,(#12627,#12628),.UNSPECIFIED.,
  .F.,.F.,(2,2),(-7.65,2.55),.PIECEWISE_BEZIER_KNOTS.);
#12627 = CARTESIAN_POINT('',(29.,10.2));
#12628 = CARTESIAN_POINT('',(29.,0.));
#12629 = ( GEOMETRIC_REPRESENTATION_CONTEXT(2) 
PARAMETRIC_REPRESENTATION_CONTEXT() REPRESENTATION_CONTEXT('2D SPACE',''
  ) );
#12630 = ORIENTED_EDGE('',*,*,#12631,.F.);
#12631 = EDGE_CURVE('',#12632,#12611,#12634,.T.);
#12632 = VERTEX_POINT('',#12633);
#12633 = CARTESIAN_POINT('',(14.,5.1,17.9));
#12634 = SURFACE_CURVE('',#12635,(#12639,#12645),.PCURVE_S1.);
#12635 = LINE('',#12636,#12637);
#12636 = CARTESIAN_POINT('',(14.,5.1,8.95));
#12637 = VECTOR('',#12638,1.);
#12638 = DIRECTION('',(0.,0.,1.));
#12639 = PCURVE('',#72,#12640);
#12640 = DEFINITIONAL_REPRESENTATION('',(#12641),#12644);
#12641 = B_SPLINE_CURVE_WITH_KNOTS('',1,(#12642,#12643),.UNSPECIFIED.,
  .F.,.F.,(2,2),(8.95,13.35),.PIECEWISE_BEZIER_KNOTS.);
#12642 = CARTESIAN_POINT('',(17.9,-5.1));
#12643 = CARTESIAN_POINT('',(22.3,-5.1));
#12644 = ( GEOMETRIC_REPRESENTATION_CONTEXT(2) 
PARAMETRIC_REPRESENTATION_CONTEXT() REPRESENTATION_CONTEXT('2D SPACE',''
  ) );
#12645 = PCURVE('',#7070,#12646);
#12646 = DEFINITIONAL_REPRESENTATION('',(#12647),#12650);
#12647 = B_SPLINE_CURVE_WITH_KNOTS('',1,(#12648,#12649),.UNSPECIFIED.,
  .F.,.F.,(2,2),(8.95,13.35),.PIECEWISE_BEZIER_KNOTS.);
#12648 = CARTESIAN_POINT('',(0.,29.));
#12649 = CARTESIAN_POINT('',(4.4,29.));
#12650 = ( GEOMETRIC_REPRESENTATION_CONTEXT(2) 
PARAMETRIC_REPRESENTATION_CONTEXT() REPRESENTATION_CONTEXT('2D SPACE',''
  ) );
#12651 = ORIENTED_EDGE('',*,*,#12652,.T.);
#12652 = EDGE_CURVE('',#12632,#12539,#12653,.T.);
#12653 = SURFACE_CURVE('',#12654,(#12658,#12664),.PCURVE_S1.);
#12654 = LINE('',#12655,#12656);
#12655 = CARTESIAN_POINT('',(14.,-2.55,17.9));
#12656 = VECTOR('',#12657,1.);
#12657 = DIRECTION('',(0.,-1.,0.));
#12658 = PCURVE('',#72,#12659);
#12659 = DEFINITIONAL_REPRESENTATION('',(#12660),#12663);
#12660 = B_SPLINE_CURVE_WITH_KNOTS('',1,(#12661,#12662),.UNSPECIFIED.,
  .F.,.F.,(2,2),(-7.65,2.55),.PIECEWISE_BEZIER_KNOTS.);
#12661 = CARTESIAN_POINT('',(17.9,-5.1));
#12662 = CARTESIAN_POINT('',(17.9,5.1));
#12663 = ( GEOMETRIC_REPRESENTATION_CONTEXT(2) 
PARAMETRIC_REPRESENTATION_CONTEXT() REPRESENTATION_CONTEXT('2D SPACE',''
  ) );
#12664 = PCURVE('',#6939,#12665);
#12665 = DEFINITIONAL_REPRESENTATION('',(#12666),#12669);
#12666 = B_SPLINE_CURVE_WITH_KNOTS('',1,(#12667,#12668),.UNSPECIFIED.,
  .F.,.F.,(2,2),(-7.65,2.55),.PIECEWISE_BEZIER_KNOTS.);
#12667 = CARTESIAN_POINT('',(29.,10.2));
#12668 = CARTESIAN_POINT('',(29.,0.));
#12669 = ( GEOMETRIC_REPRESENTATION_CONTEXT(2) 
PARAMETRIC_REPRESENTATION_CONTEXT() REPRESENTATION_CONTEXT('2D SPACE',''
  ) );
#12670 = ADVANCED_FACE('',(#12671),#159,.F.);
#12671 = FACE_BOUND('',#12672,.F.);
#12672 = EDGE_LOOP('',(#12673,#12694,#12695,#12696));
#12673 = ORIENTED_EDGE('',*,*,#12674,.T.);
#12674 = EDGE_CURVE('',#6871,#12492,#12675,.T.);
#12675 = SURFACE_CURVE('',#12676,(#12680,#12687),.PCURVE_S1.);
#12676 = LINE('',#12677,#12678);
#12677 = CARTESIAN_POINT('',(-14.,77.241609422637,-6.323272396532));
#12678 = VECTOR('',#12679,1.);
#12679 = DIRECTION('',(1.,0.,0.));
#12680 = PCURVE('',#159,#12681);
#12681 = DEFINITIONAL_REPRESENTATION('',(#12682),#12686);
#12682 = LINE('',#12683,#12684);
#12683 = CARTESIAN_POINT('',(0.,0.));
#12684 = VECTOR('',#12685,1.);
#12685 = DIRECTION('',(0.,-1.));
#12686 = ( GEOMETRIC_REPRESENTATION_CONTEXT(2) 
PARAMETRIC_REPRESENTATION_CONTEXT() REPRESENTATION_CONTEXT('2D SPACE',''
  ) );
#12687 = PCURVE('',#6886,#12688);
#12688 = DEFINITIONAL_REPRESENTATION('',(#12689),#12693);
#12689 = LINE('',#12690,#12691);
#12690 = CARTESIAN_POINT('',(3.570627769079,0.));
#12691 = VECTOR('',#12692,1.);
#12692 = DIRECTION('',(0.,-1.));
#12693 = ( GEOMETRIC_REPRESENTATION_CONTEXT(2) 
PARAMETRIC_REPRESENTATION_CONTEXT() REPRESENTATION_CONTEXT('2D SPACE',''
  ) );
#12694 = ORIENTED_EDGE('',*,*,#12514,.T.);
#12695 = ORIENTED_EDGE('',*,*,#141,.F.);
#12696 = ORIENTED_EDGE('',*,*,#6898,.F.);
#12697 = ADVANCED_FACE('',(#12698),#257,.F.);
#12698 = FACE_BOUND('',#12699,.F.);
#12699 = EDGE_LOOP('',(#12700,#12701,#12702,#12723));
#12700 = ORIENTED_EDGE('',*,*,#241,.T.);
#12701 = ORIENTED_EDGE('',*,*,#7086,.T.);
#12702 = ORIENTED_EDGE('',*,*,#12703,.F.);
#12703 = EDGE_CURVE('',#296,#7087,#12704,.T.);
#12704 = SURFACE_CURVE('',#12705,(#12709,#12716),.PCURVE_S1.);
#12705 = LINE('',#12706,#12707);
#12706 = CARTESIAN_POINT('',(-14.,71.795209762892,3.385776144756));
#12707 = VECTOR('',#12708,1.);
#12708 = DIRECTION('',(1.,0.,0.));
#12709 = PCURVE('',#257,#12710);
#12710 = DEFINITIONAL_REPRESENTATION('',(#12711),#12715);
#12711 = LINE('',#12712,#12713);
#12712 = CARTESIAN_POINT('',(5.905241890921,0.));
#12713 = VECTOR('',#12714,1.);
#12714 = DIRECTION('',(0.,-1.));
#12715 = ( GEOMETRIC_REPRESENTATION_CONTEXT(2) 
PARAMETRIC_REPRESENTATION_CONTEXT() REPRESENTATION_CONTEXT('2D SPACE',''
  ) );
#12716 = PCURVE('',#334,#12717);
#12717 = DEFINITIONAL_REPRESENTATION('',(#12718),#12722);
#12718 = LINE('',#12719,#12720);
#12719 = CARTESIAN_POINT('',(0.,0.));
#12720 = VECTOR('',#12721,1.);
#12721 = DIRECTION('',(0.,-1.));
#12722 = ( GEOMETRIC_REPRESENTATION_CONTEXT(2) 
PARAMETRIC_REPRESENTATION_CONTEXT() REPRESENTATION_CONTEXT('2D SPACE',''
  ) );
#12723 = ORIENTED_EDGE('',*,*,#295,.F.);
#12724 = ADVANCED_FACE('',(#12725),#6886,.F.);
#12725 = FACE_BOUND('',#12726,.F.);
#12726 = EDGE_LOOP('',(#12727,#12748,#12749,#12750));
#12727 = ORIENTED_EDGE('',*,*,#12728,.T.);
#12728 = EDGE_CURVE('',#6843,#12469,#12729,.T.);
#12729 = SURFACE_CURVE('',#12730,(#12734,#12741),.PCURVE_S1.);
#12730 = LINE('',#12731,#12732);
#12731 = CARTESIAN_POINT('',(-14.,76.868377189035,-9.874339893091));
#12732 = VECTOR('',#12733,1.);
#12733 = DIRECTION('',(1.,0.,0.));
#12734 = PCURVE('',#6886,#12735);
#12735 = DEFINITIONAL_REPRESENTATION('',(#12736),#12740);
#12736 = LINE('',#12737,#12738);
#12737 = CARTESIAN_POINT('',(0.,0.));
#12738 = VECTOR('',#12739,1.);
#12739 = DIRECTION('',(0.,-1.));
#12740 = ( GEOMETRIC_REPRESENTATION_CONTEXT(2) 
PARAMETRIC_REPRESENTATION_CONTEXT() REPRESENTATION_CONTEXT('2D SPACE',''
  ) );
#12741 = PCURVE('',#6858,#12742);
#12742 = DEFINITIONAL_REPRESENTATION('',(#12743),#12747);
#12743 = LINE('',#12744,#12745);
#12744 = CARTESIAN_POINT('',(5.905241890921,0.));
#12745 = VECTOR('',#12746,1.);
#12746 = DIRECTION('',(0.,-1.));
#12747 = ( GEOMETRIC_REPRESENTATION_CONTEXT(2) 
PARAMETRIC_REPRESENTATION_CONTEXT() REPRESENTATION_CONTEXT('2D SPACE',''
  ) );
#12748 = ORIENTED_EDGE('',*,*,#12491,.T.);
#12749 = ORIENTED_EDGE('',*,*,#12674,.F.);
#12750 = ORIENTED_EDGE('',*,*,#6870,.F.);
#12751 = ADVANCED_FACE('',(#12752),#334,.F.);
#12752 = FACE_BOUND('',#12753,.F.);
#12753 = EDGE_LOOP('',(#12754,#12755,#12756,#12777));
#12754 = ORIENTED_EDGE('',*,*,#12703,.T.);
#12755 = ORIENTED_EDGE('',*,*,#7109,.T.);
#12756 = ORIENTED_EDGE('',*,*,#12757,.F.);
#12757 = EDGE_CURVE('',#319,#7110,#12758,.T.);
#12758 = SURFACE_CURVE('',#12759,(#12763,#12770),.PCURVE_S1.);
#12759 = LINE('',#12760,#12761);
#12760 = CARTESIAN_POINT('',(-14.,71.755818069133,4.137414437719));
#12761 = VECTOR('',#12762,1.);
#12762 = DIRECTION('',(1.,0.,0.));
#12763 = PCURVE('',#334,#12764);
#12764 = DEFINITIONAL_REPRESENTATION('',(#12765),#12769);
#12765 = LINE('',#12766,#12767);
#12766 = CARTESIAN_POINT('',(0.752669800767,0.));
#12767 = VECTOR('',#12768,1.);
#12768 = DIRECTION('',(0.,-1.));
#12769 = ( GEOMETRIC_REPRESENTATION_CONTEXT(2) 
PARAMETRIC_REPRESENTATION_CONTEXT() REPRESENTATION_CONTEXT('2D SPACE',''
  ) );
#12770 = PCURVE('',#362,#12771);
#12771 = DEFINITIONAL_REPRESENTATION('',(#12772),#12776);
#12772 = LINE('',#12773,#12774);
#12773 = CARTESIAN_POINT('',(0.,0.));
#12774 = VECTOR('',#12775,1.);
#12775 = DIRECTION('',(0.,-1.));
#12776 = ( GEOMETRIC_REPRESENTATION_CONTEXT(2) 
PARAMETRIC_REPRESENTATION_CONTEXT() REPRESENTATION_CONTEXT('2D SPACE',''
  ) );
#12777 = ORIENTED_EDGE('',*,*,#318,.F.);
#12778 = ADVANCED_FACE('',(#12779),#6858,.F.);
#12779 = FACE_BOUND('',#12780,.F.);
#12780 = EDGE_LOOP('',(#12781,#12802,#12803,#12804));
#12781 = ORIENTED_EDGE('',*,*,#12782,.T.);
#12782 = EDGE_CURVE('',#6815,#12446,#12783,.T.);
#12783 = SURFACE_CURVE('',#12784,(#12788,#12795),.PCURVE_S1.);
#12784 = LINE('',#12785,#12786);
#12785 = CARTESIAN_POINT('',(-14.,71.047998114374,-10.87187145526));
#12786 = VECTOR('',#12787,1.);
#12787 = DIRECTION('',(1.,0.,0.));
#12788 = PCURVE('',#6858,#12789);
#12789 = DEFINITIONAL_REPRESENTATION('',(#12790),#12794);
#12790 = LINE('',#12791,#12792);
#12791 = CARTESIAN_POINT('',(0.,0.));
#12792 = VECTOR('',#12793,1.);
#12793 = DIRECTION('',(0.,-1.));
#12794 = ( GEOMETRIC_REPRESENTATION_CONTEXT(2) 
PARAMETRIC_REPRESENTATION_CONTEXT() REPRESENTATION_CONTEXT('2D SPACE',''
  ) );
#12795 = PCURVE('',#6830,#12796);
#12796 = DEFINITIONAL_REPRESENTATION('',(#12797),#12801);
#12797 = LINE('',#12798,#12799);
#12798 = CARTESIAN_POINT('',(0.752669800767,0.));
#12799 = VECTOR('',#12800,1.);
#12800 = DIRECTION('',(0.,-1.));
#12801 = ( GEOMETRIC_REPRESENTATION_CONTEXT(2) 
PARAMETRIC_REPRESENTATION_CONTEXT() REPRESENTATION_CONTEXT('2D SPACE',''
  ) );
#12802 = ORIENTED_EDGE('',*,*,#12468,.T.);
#12803 = ORIENTED_EDGE('',*,*,#12728,.F.);
#12804 = ORIENTED_EDGE('',*,*,#6842,.F.);
#12805 = ADVANCED_FACE('',(#12806),#362,.F.);
#12806 = FACE_BOUND('',#12807,.F.);
#12807 = EDGE_LOOP('',(#12808,#12809,#12810,#12831));
#12808 = ORIENTED_EDGE('',*,*,#12757,.T.);
#12809 = ORIENTED_EDGE('',*,*,#7132,.T.);
#12810 = ORIENTED_EDGE('',*,*,#12811,.F.);
#12811 = EDGE_CURVE('',#347,#7133,#12812,.T.);
#12812 = SURFACE_CURVE('',#12813,(#12817,#12824),.PCURVE_S1.);
#12813 = LINE('',#12814,#12815);
#12814 = CARTESIAN_POINT('',(-14.,77.241609422637,6.323272396532));
#12815 = VECTOR('',#12816,1.);
#12816 = DIRECTION('',(1.,0.,0.));
#12817 = PCURVE('',#362,#12818);
#12818 = DEFINITIONAL_REPRESENTATION('',(#12819),#12823);
#12819 = LINE('',#12820,#12821);
#12820 = CARTESIAN_POINT('',(5.905241890921,0.));
#12821 = VECTOR('',#12822,1.);
#12822 = DIRECTION('',(0.,-1.));
#12823 = ( GEOMETRIC_REPRESENTATION_CONTEXT(2) 
PARAMETRIC_REPRESENTATION_CONTEXT() REPRESENTATION_CONTEXT('2D SPACE',''
  ) );
#12824 = PCURVE('',#390,#12825);
#12825 = DEFINITIONAL_REPRESENTATION('',(#12826),#12830);
#12826 = LINE('',#12827,#12828);
#12827 = CARTESIAN_POINT('',(0.,0.));
#12828 = VECTOR('',#12829,1.);
#12829 = DIRECTION('',(0.,-1.));
#12830 = ( GEOMETRIC_REPRESENTATION_CONTEXT(2) 
PARAMETRIC_REPRESENTATION_CONTEXT() REPRESENTATION_CONTEXT('2D SPACE',''
  ) );
#12831 = ORIENTED_EDGE('',*,*,#346,.F.);
#12832 = ADVANCED_FACE('',(#12833),#6830,.F.);
#12833 = FACE_BOUND('',#12834,.F.);
#12834 = EDGE_LOOP('',(#12835,#12856,#12857,#12858));
#12835 = ORIENTED_EDGE('',*,*,#12836,.T.);
#12836 = EDGE_CURVE('',#6787,#12423,#12837,.T.);
#12837 = SURFACE_CURVE('',#12838,(#12842,#12849),.PCURVE_S1.);
#12838 = LINE('',#12839,#12840);
#12839 = CARTESIAN_POINT('',(-14.,70.930254616739,-11.6152746418));
#12840 = VECTOR('',#12841,1.);
#12841 = DIRECTION('',(1.,0.,0.));
#12842 = PCURVE('',#6830,#12843);
#12843 = DEFINITIONAL_REPRESENTATION('',(#12844),#12848);
#12844 = LINE('',#12845,#12846);
#12845 = CARTESIAN_POINT('',(0.,0.));
#12846 = VECTOR('',#12847,1.);
#12847 = DIRECTION('',(0.,-1.));
#12848 = ( GEOMETRIC_REPRESENTATION_CONTEXT(2) 
PARAMETRIC_REPRESENTATION_CONTEXT() REPRESENTATION_CONTEXT('2D SPACE',''
  ) );
#12849 = PCURVE('',#6802,#12850);
#12850 = DEFINITIONAL_REPRESENTATION('',(#12851),#12855);
#12851 = LINE('',#12852,#12853);
#12852 = CARTESIAN_POINT('',(5.905241890921,0.));
#12853 = VECTOR('',#12854,1.);
#12854 = DIRECTION('',(0.,-1.));
#12855 = ( GEOMETRIC_REPRESENTATION_CONTEXT(2) 
PARAMETRIC_REPRESENTATION_CONTEXT() REPRESENTATION_CONTEXT('2D SPACE',''
  ) );
#12856 = ORIENTED_EDGE('',*,*,#12445,.T.);
#12857 = ORIENTED_EDGE('',*,*,#12782,.F.);
#12858 = ORIENTED_EDGE('',*,*,#6814,.F.);
#12859 = ADVANCED_FACE('',(#12860),#390,.F.);
#12860 = FACE_BOUND('',#12861,.F.);
#12861 = EDGE_LOOP('',(#12862,#12863,#12864,#12885));
#12862 = ORIENTED_EDGE('',*,*,#12811,.T.);
#12863 = ORIENTED_EDGE('',*,*,#7155,.T.);
#12864 = ORIENTED_EDGE('',*,*,#12865,.F.);
#12865 = EDGE_CURVE('',#375,#7156,#12866,.T.);
#12866 = SURFACE_CURVE('',#12867,(#12871,#12878),.PCURVE_S1.);
#12867 = LINE('',#12868,#12869);
#12868 = CARTESIAN_POINT('',(-14.,76.868377189035,9.874339893091));
#12869 = VECTOR('',#12870,1.);
#12870 = DIRECTION('',(1.,0.,0.));
#12871 = PCURVE('',#390,#12872);
#12872 = DEFINITIONAL_REPRESENTATION('',(#12873),#12877);
#12873 = LINE('',#12874,#12875);
#12874 = CARTESIAN_POINT('',(3.570627769079,0.));
#12875 = VECTOR('',#12876,1.);
#12876 = DIRECTION('',(0.,-1.));
#12877 = ( GEOMETRIC_REPRESENTATION_CONTEXT(2) 
PARAMETRIC_REPRESENTATION_CONTEXT() REPRESENTATION_CONTEXT('2D SPACE',''
  ) );
#12878 = PCURVE('',#418,#12879);
#12879 = DEFINITIONAL_REPRESENTATION('',(#12880),#12884);
#12880 = LINE('',#12881,#12882);
#12881 = CARTESIAN_POINT('',(0.,0.));
#12882 = VECTOR('',#12883,1.);
#12883 = DIRECTION('',(0.,-1.));
#12884 = ( GEOMETRIC_REPRESENTATION_CONTEXT(2) 
PARAMETRIC_REPRESENTATION_CONTEXT() REPRESENTATION_CONTEXT('2D SPACE',''
  ) );
#12885 = ORIENTED_EDGE('',*,*,#374,.F.);
#12886 = ADVANCED_FACE('',(#12887),#6802,.F.);
#12887 = FACE_BOUND('',#12888,.F.);
#12888 = EDGE_LOOP('',(#12889,#12910,#12911,#12912));
#12889 = ORIENTED_EDGE('',*,*,#12890,.T.);
#12890 = EDGE_CURVE('',#6759,#12400,#12891,.T.);
#12891 = SURFACE_CURVE('',#12892,(#12896,#12903),.PCURVE_S1.);
#12892 = LINE('',#12893,#12894);
#12893 = CARTESIAN_POINT('',(-14.,76.157509857865,-14.36257958199));
#12894 = VECTOR('',#12895,1.);
#12895 = DIRECTION('',(1.,0.,0.));
#12896 = PCURVE('',#6802,#12897);
#12897 = DEFINITIONAL_REPRESENTATION('',(#12898),#12902);
#12898 = LINE('',#12899,#12900);
#12899 = CARTESIAN_POINT('',(0.,0.));
#12900 = VECTOR('',#12901,1.);
#12901 = DIRECTION('',(0.,-1.));
#12902 = ( GEOMETRIC_REPRESENTATION_CONTEXT(2) 
PARAMETRIC_REPRESENTATION_CONTEXT() REPRESENTATION_CONTEXT('2D SPACE',''
  ) );
#12903 = PCURVE('',#6774,#12904);
#12904 = DEFINITIONAL_REPRESENTATION('',(#12905),#12909);
#12905 = LINE('',#12906,#12907);
#12906 = CARTESIAN_POINT('',(3.570627769079,0.));
#12907 = VECTOR('',#12908,1.);
#12908 = DIRECTION('',(0.,-1.));
#12909 = ( GEOMETRIC_REPRESENTATION_CONTEXT(2) 
PARAMETRIC_REPRESENTATION_CONTEXT() REPRESENTATION_CONTEXT('2D SPACE',''
  ) );
#12910 = ORIENTED_EDGE('',*,*,#12422,.T.);
#12911 = ORIENTED_EDGE('',*,*,#12836,.F.);
#12912 = ORIENTED_EDGE('',*,*,#6786,.F.);
#12913 = ADVANCED_FACE('',(#12914),#418,.F.);
#12914 = FACE_BOUND('',#12915,.F.);
#12915 = EDGE_LOOP('',(#12916,#12917,#12918,#12939));
#12916 = ORIENTED_EDGE('',*,*,#12865,.T.);
#12917 = ORIENTED_EDGE('',*,*,#7178,.T.);
#12918 = ORIENTED_EDGE('',*,*,#12919,.F.);
#12919 = EDGE_CURVE('',#403,#7179,#12920,.T.);
#12920 = SURFACE_CURVE('',#12921,(#12925,#12932),.PCURVE_S1.);
#12921 = LINE('',#12922,#12923);
#12922 = CARTESIAN_POINT('',(-14.,71.047998114374,10.871871455269));
#12923 = VECTOR('',#12924,1.);
#12924 = DIRECTION('',(1.,0.,0.));
#12925 = PCURVE('',#418,#12926);
#12926 = DEFINITIONAL_REPRESENTATION('',(#12927),#12931);
#12927 = LINE('',#12928,#12929);
#12928 = CARTESIAN_POINT('',(5.905241890921,0.));
#12929 = VECTOR('',#12930,1.);
#12930 = DIRECTION('',(0.,-1.));
#12931 = ( GEOMETRIC_REPRESENTATION_CONTEXT(2) 
PARAMETRIC_REPRESENTATION_CONTEXT() REPRESENTATION_CONTEXT('2D SPACE',''
  ) );
#12932 = PCURVE('',#446,#12933);
#12933 = DEFINITIONAL_REPRESENTATION('',(#12934),#12938);
#12934 = LINE('',#12935,#12936);
#12935 = CARTESIAN_POINT('',(0.,0.));
#12936 = VECTOR('',#12937,1.);
#12937 = DIRECTION('',(0.,-1.));
#12938 = ( GEOMETRIC_REPRESENTATION_CONTEXT(2) 
PARAMETRIC_REPRESENTATION_CONTEXT() REPRESENTATION_CONTEXT('2D SPACE',''
  ) );
#12939 = ORIENTED_EDGE('',*,*,#402,.F.);
#12940 = ADVANCED_FACE('',(#12941),#6774,.F.);
#12941 = FACE_BOUND('',#12942,.F.);
#12942 = EDGE_LOOP('',(#12943,#12964,#12965,#12966));
#12943 = ORIENTED_EDGE('',*,*,#12944,.T.);
#12944 = EDGE_CURVE('',#6731,#12377,#12945,.T.);
#12945 = SURFACE_CURVE('',#12946,(#12950,#12957),.PCURVE_S1.);
#12946 = LINE('',#12947,#12948);
#12947 = CARTESIAN_POINT('',(-14.,75.415134601115,-17.85518056743));
#12948 = VECTOR('',#12949,1.);
#12949 = DIRECTION('',(1.,0.,0.));
#12950 = PCURVE('',#6774,#12951);
#12951 = DEFINITIONAL_REPRESENTATION('',(#12952),#12956);
#12952 = LINE('',#12953,#12954);
#12953 = CARTESIAN_POINT('',(0.,0.));
#12954 = VECTOR('',#12955,1.);
#12955 = DIRECTION('',(0.,-1.));
#12956 = ( GEOMETRIC_REPRESENTATION_CONTEXT(2) 
PARAMETRIC_REPRESENTATION_CONTEXT() REPRESENTATION_CONTEXT('2D SPACE',''
  ) );
#12957 = PCURVE('',#6746,#12958);
#12958 = DEFINITIONAL_REPRESENTATION('',(#12959),#12963);
#12959 = LINE('',#12960,#12961);
#12960 = CARTESIAN_POINT('',(5.905241890921,0.));
#12961 = VECTOR('',#12962,1.);
#12962 = DIRECTION('',(0.,-1.));
#12963 = ( GEOMETRIC_REPRESENTATION_CONTEXT(2) 
PARAMETRIC_REPRESENTATION_CONTEXT() REPRESENTATION_CONTEXT('2D SPACE',''
  ) );
#12964 = ORIENTED_EDGE('',*,*,#12399,.T.);
#12965 = ORIENTED_EDGE('',*,*,#12890,.F.);
#12966 = ORIENTED_EDGE('',*,*,#6758,.F.);
#12967 = ADVANCED_FACE('',(#12968),#446,.F.);
#12968 = FACE_BOUND('',#12969,.F.);
#12969 = EDGE_LOOP('',(#12970,#12971,#12972,#12993));
#12970 = ORIENTED_EDGE('',*,*,#12919,.T.);
#12971 = ORIENTED_EDGE('',*,*,#7201,.T.);
#12972 = ORIENTED_EDGE('',*,*,#12973,.F.);
#12973 = EDGE_CURVE('',#431,#7202,#12974,.T.);
#12974 = SURFACE_CURVE('',#12975,(#12979,#12986),.PCURVE_S1.);
#12975 = LINE('',#12976,#12977);
#12976 = CARTESIAN_POINT('',(-14.,70.930254616739,11.615274641804));
#12977 = VECTOR('',#12978,1.);
#12978 = DIRECTION('',(1.,0.,0.));
#12979 = PCURVE('',#446,#12980);
#12980 = DEFINITIONAL_REPRESENTATION('',(#12981),#12985);
#12981 = LINE('',#12982,#12983);
#12982 = CARTESIAN_POINT('',(0.752669800767,0.));
#12983 = VECTOR('',#12984,1.);
#12984 = DIRECTION('',(0.,-1.));
#12985 = ( GEOMETRIC_REPRESENTATION_CONTEXT(2) 
PARAMETRIC_REPRESENTATION_CONTEXT() REPRESENTATION_CONTEXT('2D SPACE',''
  ) );
#12986 = PCURVE('',#474,#12987);
#12987 = DEFINITIONAL_REPRESENTATION('',(#12988),#12992);
#12988 = LINE('',#12989,#12990);
#12989 = CARTESIAN_POINT('',(0.,0.));
#12990 = VECTOR('',#12991,1.);
#12991 = DIRECTION('',(0.,-1.));
#12992 = ( GEOMETRIC_REPRESENTATION_CONTEXT(2) 
PARAMETRIC_REPRESENTATION_CONTEXT() REPRESENTATION_CONTEXT('2D SPACE',''
  ) );
#12993 = ORIENTED_EDGE('',*,*,#430,.F.);
#12994 = ADVANCED_FACE('',(#12995),#6746,.F.);
#12995 = FACE_BOUND('',#12996,.F.);
#12996 = EDGE_LOOP('',(#12997,#13018,#13019,#13020));
#12997 = ORIENTED_EDGE('',*,*,#12998,.T.);
#12998 = EDGE_CURVE('',#6703,#12354,#12999,.T.);
#12999 = SURFACE_CURVE('',#13000,(#13004,#13011),.PCURVE_S1.);
#13000 = LINE('',#13001,#13002);
#13001 = CARTESIAN_POINT('',(-14.,69.522369730766,-18.23885226703));
#13002 = VECTOR('',#13003,1.);
#13003 = DIRECTION('',(1.,0.,0.));
#13004 = PCURVE('',#6746,#13005);
#13005 = DEFINITIONAL_REPRESENTATION('',(#13006),#13010);
#13006 = LINE('',#13007,#13008);
#13007 = CARTESIAN_POINT('',(0.,0.));
#13008 = VECTOR('',#13009,1.);
#13009 = DIRECTION('',(0.,-1.));
#13010 = ( GEOMETRIC_REPRESENTATION_CONTEXT(2) 
PARAMETRIC_REPRESENTATION_CONTEXT() REPRESENTATION_CONTEXT('2D SPACE',''
  ) );
#13011 = PCURVE('',#6718,#13012);
#13012 = DEFINITIONAL_REPRESENTATION('',(#13013),#13017);
#13013 = LINE('',#13014,#13015);
#13014 = CARTESIAN_POINT('',(0.752669800767,0.));
#13015 = VECTOR('',#13016,1.);
#13016 = DIRECTION('',(0.,-1.));
#13017 = ( GEOMETRIC_REPRESENTATION_CONTEXT(2) 
PARAMETRIC_REPRESENTATION_CONTEXT() REPRESENTATION_CONTEXT('2D SPACE',''
  ) );
#13018 = ORIENTED_EDGE('',*,*,#12376,.T.);
#13019 = ORIENTED_EDGE('',*,*,#12944,.F.);
#13020 = ORIENTED_EDGE('',*,*,#6730,.F.);
#13021 = ADVANCED_FACE('',(#13022),#474,.F.);
#13022 = FACE_BOUND('',#13023,.F.);
#13023 = EDGE_LOOP('',(#13024,#13025,#13026,#13047));
#13024 = ORIENTED_EDGE('',*,*,#12973,.T.);
#13025 = ORIENTED_EDGE('',*,*,#7224,.T.);
#13026 = ORIENTED_EDGE('',*,*,#13027,.F.);
#13027 = EDGE_CURVE('',#459,#7225,#13028,.T.);
#13028 = SURFACE_CURVE('',#13029,(#13033,#13040),.PCURVE_S1.);
#13029 = LINE('',#13030,#13031);
#13030 = CARTESIAN_POINT('',(-14.,76.157509857865,14.362579581998));
#13031 = VECTOR('',#13032,1.);
#13032 = DIRECTION('',(1.,0.,0.));
#13033 = PCURVE('',#474,#13034);
#13034 = DEFINITIONAL_REPRESENTATION('',(#13035),#13039);
#13035 = LINE('',#13036,#13037);
#13036 = CARTESIAN_POINT('',(5.905241890921,0.));
#13037 = VECTOR('',#13038,1.);
#13038 = DIRECTION('',(0.,-1.));
#13039 = ( GEOMETRIC_REPRESENTATION_CONTEXT(2) 
PARAMETRIC_REPRESENTATION_CONTEXT() REPRESENTATION_CONTEXT('2D SPACE',''
  ) );
#13040 = PCURVE('',#502,#13041);
#13041 = DEFINITIONAL_REPRESENTATION('',(#13042),#13046);
#13042 = LINE('',#13043,#13044);
#13043 = CARTESIAN_POINT('',(0.,0.));
#13044 = VECTOR('',#13045,1.);
#13045 = DIRECTION('',(0.,-1.));
#13046 = ( GEOMETRIC_REPRESENTATION_CONTEXT(2) 
PARAMETRIC_REPRESENTATION_CONTEXT() REPRESENTATION_CONTEXT('2D SPACE',''
  ) );
#13047 = ORIENTED_EDGE('',*,*,#458,.F.);
#13048 = ADVANCED_FACE('',(#13049),#6718,.F.);
#13049 = FACE_BOUND('',#13050,.F.);
#13050 = EDGE_LOOP('',(#13051,#13072,#13073,#13074));
#13051 = ORIENTED_EDGE('',*,*,#13052,.T.);
#13052 = EDGE_CURVE('',#6675,#12331,#13053,.T.);
#13053 = SURFACE_CURVE('',#13054,(#13058,#13065),.PCURVE_S1.);
#13054 = LINE('',#13055,#13056);
#13055 = CARTESIAN_POINT('',(-14.,69.327564451654,-18.96587546626));
#13056 = VECTOR('',#13057,1.);
#13057 = DIRECTION('',(1.,0.,0.));
#13058 = PCURVE('',#6718,#13059);
#13059 = DEFINITIONAL_REPRESENTATION('',(#13060),#13064);
#13060 = LINE('',#13061,#13062);
#13061 = CARTESIAN_POINT('',(0.,0.));
#13062 = VECTOR('',#13063,1.);
#13063 = DIRECTION('',(0.,-1.));
#13064 = ( GEOMETRIC_REPRESENTATION_CONTEXT(2) 
PARAMETRIC_REPRESENTATION_CONTEXT() REPRESENTATION_CONTEXT('2D SPACE',''
  ) );
#13065 = PCURVE('',#6690,#13066);
#13066 = DEFINITIONAL_REPRESENTATION('',(#13067),#13071);
#13067 = LINE('',#13068,#13069);
#13068 = CARTESIAN_POINT('',(5.905241890921,0.));
#13069 = VECTOR('',#13070,1.);
#13070 = DIRECTION('',(0.,-1.));
#13071 = ( GEOMETRIC_REPRESENTATION_CONTEXT(2) 
PARAMETRIC_REPRESENTATION_CONTEXT() REPRESENTATION_CONTEXT('2D SPACE',''
  ) );
#13072 = ORIENTED_EDGE('',*,*,#12353,.T.);
#13073 = ORIENTED_EDGE('',*,*,#12998,.F.);
#13074 = ORIENTED_EDGE('',*,*,#6702,.F.);
#13075 = ADVANCED_FACE('',(#13076),#502,.F.);
#13076 = FACE_BOUND('',#13077,.F.);
#13077 = EDGE_LOOP('',(#13078,#13079,#13080,#13101));
#13078 = ORIENTED_EDGE('',*,*,#13027,.T.);
#13079 = ORIENTED_EDGE('',*,*,#7247,.T.);
#13080 = ORIENTED_EDGE('',*,*,#13081,.F.);
#13081 = EDGE_CURVE('',#487,#7248,#13082,.T.);
#13082 = SURFACE_CURVE('',#13083,(#13087,#13094),.PCURVE_S1.);
#13083 = LINE('',#13084,#13085);
#13084 = CARTESIAN_POINT('',(-14.,75.415134601115,17.855180567436));
#13085 = VECTOR('',#13086,1.);
#13086 = DIRECTION('',(1.,0.,0.));
#13087 = PCURVE('',#502,#13088);
#13088 = DEFINITIONAL_REPRESENTATION('',(#13089),#13093);
#13089 = LINE('',#13090,#13091);
#13090 = CARTESIAN_POINT('',(3.570627769079,0.));
#13091 = VECTOR('',#13092,1.);
#13092 = DIRECTION('',(0.,-1.));
#13093 = ( GEOMETRIC_REPRESENTATION_CONTEXT(2) 
PARAMETRIC_REPRESENTATION_CONTEXT() REPRESENTATION_CONTEXT('2D SPACE',''
  ) );
#13094 = PCURVE('',#530,#13095);
#13095 = DEFINITIONAL_REPRESENTATION('',(#13096),#13100);
#13096 = LINE('',#13097,#13098);
#13097 = CARTESIAN_POINT('',(0.,0.));
#13098 = VECTOR('',#13099,1.);
#13099 = DIRECTION('',(0.,-1.));
#13100 = ( GEOMETRIC_REPRESENTATION_CONTEXT(2) 
PARAMETRIC_REPRESENTATION_CONTEXT() REPRESENTATION_CONTEXT('2D SPACE',''
  ) );
#13101 = ORIENTED_EDGE('',*,*,#486,.F.);
#13102 = ADVANCED_FACE('',(#13103),#6690,.F.);
#13103 = FACE_BOUND('',#13104,.F.);
#13104 = EDGE_LOOP('',(#13105,#13126,#13127,#13128));
#13105 = ORIENTED_EDGE('',*,*,#13106,.T.);
#13106 = EDGE_CURVE('',#6647,#12308,#13107,.T.);
#13107 = SURFACE_CURVE('',#13108,(#13112,#13119),.PCURVE_S1.);
#13108 = LINE('',#13109,#13110);
#13109 = CARTESIAN_POINT('',(-14.,74.239012678106,-22.24452734));
#13110 = VECTOR('',#13111,1.);
#13111 = DIRECTION('',(1.,0.,0.));
#13112 = PCURVE('',#6690,#13113);
#13113 = DEFINITIONAL_REPRESENTATION('',(#13114),#13118);
#13114 = LINE('',#13115,#13116);
#13115 = CARTESIAN_POINT('',(0.,0.));
#13116 = VECTOR('',#13117,1.);
#13117 = DIRECTION('',(0.,-1.));
#13118 = ( GEOMETRIC_REPRESENTATION_CONTEXT(2) 
PARAMETRIC_REPRESENTATION_CONTEXT() REPRESENTATION_CONTEXT('2D SPACE',''
  ) );
#13119 = PCURVE('',#6662,#13120);
#13120 = DEFINITIONAL_REPRESENTATION('',(#13121),#13125);
#13121 = LINE('',#13122,#13123);
#13122 = CARTESIAN_POINT('',(3.570627769079,0.));
#13123 = VECTOR('',#13124,1.);
#13124 = DIRECTION('',(0.,-1.));
#13125 = ( GEOMETRIC_REPRESENTATION_CONTEXT(2) 
PARAMETRIC_REPRESENTATION_CONTEXT() REPRESENTATION_CONTEXT('2D SPACE',''
  ) );
#13126 = ORIENTED_EDGE('',*,*,#12330,.T.);
#13127 = ORIENTED_EDGE('',*,*,#13052,.F.);
#13128 = ORIENTED_EDGE('',*,*,#6674,.F.);
#13129 = ADVANCED_FACE('',(#13130),#530,.F.);
#13130 = FACE_BOUND('',#13131,.F.);
#13131 = EDGE_LOOP('',(#13132,#13133,#13134,#13155));
#13132 = ORIENTED_EDGE('',*,*,#13081,.T.);
#13133 = ORIENTED_EDGE('',*,*,#7270,.T.);
#13134 = ORIENTED_EDGE('',*,*,#13135,.F.);
#13135 = EDGE_CURVE('',#515,#7271,#13136,.T.);
#13136 = SURFACE_CURVE('',#13137,(#13141,#13148),.PCURVE_S1.);
#13137 = LINE('',#13138,#13139);
#13138 = CARTESIAN_POINT('',(-14.,69.522369730766,18.238852267033));
#13139 = VECTOR('',#13140,1.);
#13140 = DIRECTION('',(1.,0.,0.));
#13141 = PCURVE('',#530,#13142);
#13142 = DEFINITIONAL_REPRESENTATION('',(#13143),#13147);
#13143 = LINE('',#13144,#13145);
#13144 = CARTESIAN_POINT('',(5.905241890921,0.));
#13145 = VECTOR('',#13146,1.);
#13146 = DIRECTION('',(0.,-1.));
#13147 = ( GEOMETRIC_REPRESENTATION_CONTEXT(2) 
PARAMETRIC_REPRESENTATION_CONTEXT() REPRESENTATION_CONTEXT('2D SPACE',''
  ) );
#13148 = PCURVE('',#558,#13149);
#13149 = DEFINITIONAL_REPRESENTATION('',(#13150),#13154);
#13150 = LINE('',#13151,#13152);
#13151 = CARTESIAN_POINT('',(0.,0.));
#13152 = VECTOR('',#13153,1.);
#13153 = DIRECTION('',(0.,-1.));
#13154 = ( GEOMETRIC_REPRESENTATION_CONTEXT(2) 
PARAMETRIC_REPRESENTATION_CONTEXT() REPRESENTATION_CONTEXT('2D SPACE',''
  ) );
#13155 = ORIENTED_EDGE('',*,*,#514,.F.);
#13156 = ADVANCED_FACE('',(#13157),#6662,.F.);
#13157 = FACE_BOUND('',#13158,.F.);
#13158 = EDGE_LOOP('',(#13159,#13180,#13181,#13182));
#13159 = ORIENTED_EDGE('',*,*,#13160,.T.);
#13160 = EDGE_CURVE('',#6619,#12285,#13161,.T.);
#13161 = SURFACE_CURVE('',#13162,(#13166,#13173),.PCURVE_S1.);
#13162 = LINE('',#13163,#13164);
#13163 = CARTESIAN_POINT('',(-14.,73.135628016874,-25.64039614704));
#13164 = VECTOR('',#13165,1.);
#13165 = DIRECTION('',(1.,0.,0.));
#13166 = PCURVE('',#6662,#13167);
#13167 = DEFINITIONAL_REPRESENTATION('',(#13168),#13172);
#13168 = LINE('',#13169,#13170);
#13169 = CARTESIAN_POINT('',(0.,0.));
#13170 = VECTOR('',#13171,1.);
#13171 = DIRECTION('',(0.,-1.));
#13172 = ( GEOMETRIC_REPRESENTATION_CONTEXT(2) 
PARAMETRIC_REPRESENTATION_CONTEXT() REPRESENTATION_CONTEXT('2D SPACE',''
  ) );
#13173 = PCURVE('',#6634,#13174);
#13174 = DEFINITIONAL_REPRESENTATION('',(#13175),#13179);
#13175 = LINE('',#13176,#13177);
#13176 = CARTESIAN_POINT('',(5.905241890921,0.));
#13177 = VECTOR('',#13178,1.);
#13178 = DIRECTION('',(0.,-1.));
#13179 = ( GEOMETRIC_REPRESENTATION_CONTEXT(2) 
PARAMETRIC_REPRESENTATION_CONTEXT() REPRESENTATION_CONTEXT('2D SPACE',''
  ) );
#13180 = ORIENTED_EDGE('',*,*,#12307,.T.);
#13181 = ORIENTED_EDGE('',*,*,#13106,.F.);
#13182 = ORIENTED_EDGE('',*,*,#6646,.F.);
#13183 = ADVANCED_FACE('',(#13184),#558,.F.);
#13184 = FACE_BOUND('',#13185,.F.);
#13185 = EDGE_LOOP('',(#13186,#13187,#13188,#13209));
#13186 = ORIENTED_EDGE('',*,*,#13135,.T.);
#13187 = ORIENTED_EDGE('',*,*,#7293,.T.);
#13188 = ORIENTED_EDGE('',*,*,#13189,.F.);
#13189 = EDGE_CURVE('',#543,#7294,#13190,.T.);
#13190 = SURFACE_CURVE('',#13191,(#13195,#13202),.PCURVE_S1.);
#13191 = LINE('',#13192,#13193);
#13192 = CARTESIAN_POINT('',(-14.,69.327564451654,18.965875466261));
#13193 = VECTOR('',#13194,1.);
#13194 = DIRECTION('',(1.,0.,0.));
#13195 = PCURVE('',#558,#13196);
#13196 = DEFINITIONAL_REPRESENTATION('',(#13197),#13201);
#13197 = LINE('',#13198,#13199);
#13198 = CARTESIAN_POINT('',(0.752669800767,0.));
#13199 = VECTOR('',#13200,1.);
#13200 = DIRECTION('',(0.,-1.));
#13201 = ( GEOMETRIC_REPRESENTATION_CONTEXT(2) 
PARAMETRIC_REPRESENTATION_CONTEXT() REPRESENTATION_CONTEXT('2D SPACE',''
  ) );
#13202 = PCURVE('',#586,#13203);
#13203 = DEFINITIONAL_REPRESENTATION('',(#13204),#13208);
#13204 = LINE('',#13205,#13206);
#13205 = CARTESIAN_POINT('',(0.,0.));
#13206 = VECTOR('',#13207,1.);
#13207 = DIRECTION('',(0.,-1.));
#13208 = ( GEOMETRIC_REPRESENTATION_CONTEXT(2) 
PARAMETRIC_REPRESENTATION_CONTEXT() REPRESENTATION_CONTEXT('2D SPACE',''
  ) );
#13209 = ORIENTED_EDGE('',*,*,#542,.F.);
#13210 = ADVANCED_FACE('',(#13211),#6634,.F.);
#13211 = FACE_BOUND('',#13212,.F.);
#13212 = EDGE_LOOP('',(#13213,#13234,#13235,#13236));
#13213 = ORIENTED_EDGE('',*,*,#13214,.T.);
#13214 = EDGE_CURVE('',#6591,#12262,#13215,.T.);
#13215 = SURFACE_CURVE('',#13216,(#13220,#13227),.PCURVE_S1.);
#13216 = LINE('',#13217,#13218);
#13217 = CARTESIAN_POINT('',(-14.,67.235039715897,-25.40600439663));
#13218 = VECTOR('',#13219,1.);
#13219 = DIRECTION('',(1.,0.,0.));
#13220 = PCURVE('',#6634,#13221);
#13221 = DEFINITIONAL_REPRESENTATION('',(#13222),#13226);
#13222 = LINE('',#13223,#13224);
#13223 = CARTESIAN_POINT('',(0.,0.));
#13224 = VECTOR('',#13225,1.);
#13225 = DIRECTION('',(0.,-1.));
#13226 = ( GEOMETRIC_REPRESENTATION_CONTEXT(2) 
PARAMETRIC_REPRESENTATION_CONTEXT() REPRESENTATION_CONTEXT('2D SPACE',''
  ) );
#13227 = PCURVE('',#6606,#13228);
#13228 = DEFINITIONAL_REPRESENTATION('',(#13229),#13233);
#13229 = LINE('',#13230,#13231);
#13230 = CARTESIAN_POINT('',(0.752669800767,0.));
#13231 = VECTOR('',#13232,1.);
#13232 = DIRECTION('',(0.,-1.));
#13233 = ( GEOMETRIC_REPRESENTATION_CONTEXT(2) 
PARAMETRIC_REPRESENTATION_CONTEXT() REPRESENTATION_CONTEXT('2D SPACE',''
  ) );
#13234 = ORIENTED_EDGE('',*,*,#12284,.T.);
#13235 = ORIENTED_EDGE('',*,*,#13160,.F.);
#13236 = ORIENTED_EDGE('',*,*,#6618,.F.);
#13237 = ADVANCED_FACE('',(#13238),#586,.F.);
#13238 = FACE_BOUND('',#13239,.F.);
#13239 = EDGE_LOOP('',(#13240,#13241,#13242,#13263));
#13240 = ORIENTED_EDGE('',*,*,#13189,.T.);
#13241 = ORIENTED_EDGE('',*,*,#7316,.T.);
#13242 = ORIENTED_EDGE('',*,*,#13243,.F.);
#13243 = EDGE_CURVE('',#571,#7317,#13244,.T.);
#13244 = SURFACE_CURVE('',#13245,(#13249,#13256),.PCURVE_S1.);
#13245 = LINE('',#13246,#13247);
#13246 = CARTESIAN_POINT('',(-14.,74.239012678106,22.24452734));
#13247 = VECTOR('',#13248,1.);
#13248 = DIRECTION('',(1.,0.,0.));
#13249 = PCURVE('',#586,#13250);
#13250 = DEFINITIONAL_REPRESENTATION('',(#13251),#13255);
#13251 = LINE('',#13252,#13253);
#13252 = CARTESIAN_POINT('',(5.905241890921,0.));
#13253 = VECTOR('',#13254,1.);
#13254 = DIRECTION('',(0.,-1.));
#13255 = ( GEOMETRIC_REPRESENTATION_CONTEXT(2) 
PARAMETRIC_REPRESENTATION_CONTEXT() REPRESENTATION_CONTEXT('2D SPACE',''
  ) );
#13256 = PCURVE('',#614,#13257);
#13257 = DEFINITIONAL_REPRESENTATION('',(#13258),#13262);
#13258 = LINE('',#13259,#13260);
#13259 = CARTESIAN_POINT('',(0.,0.));
#13260 = VECTOR('',#13261,1.);
#13261 = DIRECTION('',(0.,-1.));
#13262 = ( GEOMETRIC_REPRESENTATION_CONTEXT(2) 
PARAMETRIC_REPRESENTATION_CONTEXT() REPRESENTATION_CONTEXT('2D SPACE',''
  ) );
#13263 = ORIENTED_EDGE('',*,*,#570,.F.);
#13264 = ADVANCED_FACE('',(#13265),#6606,.F.);
#13265 = FACE_BOUND('',#13266,.F.);
#13266 = EDGE_LOOP('',(#13267,#13288,#13289,#13290));
#13267 = ORIENTED_EDGE('',*,*,#13268,.T.);
#13268 = EDGE_CURVE('',#6563,#12239,#13269,.T.);
#13269 = SURFACE_CURVE('',#13270,(#13274,#13281),.PCURVE_S1.);
#13270 = LINE('',#13271,#13272);
#13271 = CARTESIAN_POINT('',(-14.,66.965306982711,-26.10868219024));
#13272 = VECTOR('',#13273,1.);
#13273 = DIRECTION('',(1.,0.,0.));
#13274 = PCURVE('',#6606,#13275);
#13275 = DEFINITIONAL_REPRESENTATION('',(#13276),#13280);
#13276 = LINE('',#13277,#13278);
#13277 = CARTESIAN_POINT('',(0.,0.));
#13278 = VECTOR('',#13279,1.);
#13279 = DIRECTION('',(0.,-1.));
#13280 = ( GEOMETRIC_REPRESENTATION_CONTEXT(2) 
PARAMETRIC_REPRESENTATION_CONTEXT() REPRESENTATION_CONTEXT('2D SPACE',''
  ) );
#13281 = PCURVE('',#6578,#13282);
#13282 = DEFINITIONAL_REPRESENTATION('',(#13283),#13287);
#13283 = LINE('',#13284,#13285);
#13284 = CARTESIAN_POINT('',(5.905241890921,0.));
#13285 = VECTOR('',#13286,1.);
#13286 = DIRECTION('',(0.,-1.));
#13287 = ( GEOMETRIC_REPRESENTATION_CONTEXT(2) 
PARAMETRIC_REPRESENTATION_CONTEXT() REPRESENTATION_CONTEXT('2D SPACE',''
  ) );
#13288 = ORIENTED_EDGE('',*,*,#12261,.T.);
#13289 = ORIENTED_EDGE('',*,*,#13214,.F.);
#13290 = ORIENTED_EDGE('',*,*,#6590,.F.);
#13291 = ADVANCED_FACE('',(#13292),#614,.F.);
#13292 = FACE_BOUND('',#13293,.F.);
#13293 = EDGE_LOOP('',(#13294,#13295,#13296,#13317));
#13294 = ORIENTED_EDGE('',*,*,#13243,.T.);
#13295 = ORIENTED_EDGE('',*,*,#7339,.T.);
#13296 = ORIENTED_EDGE('',*,*,#13297,.F.);
#13297 = EDGE_CURVE('',#599,#7340,#13298,.T.);
#13298 = SURFACE_CURVE('',#13299,(#13303,#13310),.PCURVE_S1.);
#13299 = LINE('',#13300,#13301);
#13300 = CARTESIAN_POINT('',(-14.,73.135628016874,25.640396147047));
#13301 = VECTOR('',#13302,1.);
#13302 = DIRECTION('',(1.,0.,0.));
#13303 = PCURVE('',#614,#13304);
#13304 = DEFINITIONAL_REPRESENTATION('',(#13305),#13309);
#13305 = LINE('',#13306,#13307);
#13306 = CARTESIAN_POINT('',(3.570627769079,0.));
#13307 = VECTOR('',#13308,1.);
#13308 = DIRECTION('',(0.,-1.));
#13309 = ( GEOMETRIC_REPRESENTATION_CONTEXT(2) 
PARAMETRIC_REPRESENTATION_CONTEXT() REPRESENTATION_CONTEXT('2D SPACE',''
  ) );
#13310 = PCURVE('',#642,#13311);
#13311 = DEFINITIONAL_REPRESENTATION('',(#13312),#13316);
#13312 = LINE('',#13313,#13314);
#13313 = CARTESIAN_POINT('',(0.,0.));
#13314 = VECTOR('',#13315,1.);
#13315 = DIRECTION('',(0.,-1.));
#13316 = ( GEOMETRIC_REPRESENTATION_CONTEXT(2) 
PARAMETRIC_REPRESENTATION_CONTEXT() REPRESENTATION_CONTEXT('2D SPACE',''
  ) );
#13317 = ORIENTED_EDGE('',*,*,#598,.F.);
#13318 = ADVANCED_FACE('',(#13319),#6578,.F.);
#13319 = FACE_BOUND('',#13320,.F.);
#13320 = EDGE_LOOP('',(#13321,#13342,#13343,#13344));
#13321 = ORIENTED_EDGE('',*,*,#13322,.T.);
#13322 = EDGE_CURVE('',#6535,#12216,#13323,.T.);
#13323 = SURFACE_CURVE('',#13324,(#13328,#13335),.PCURVE_S1.);
#13324 = LINE('',#13325,#13326);
#13325 = CARTESIAN_POINT('',(-14.,71.507137339934,-29.88275940149));
#13326 = VECTOR('',#13327,1.);
#13327 = DIRECTION('',(1.,0.,0.));
#13328 = PCURVE('',#6578,#13329);
#13329 = DEFINITIONAL_REPRESENTATION('',(#13330),#13334);
#13330 = LINE('',#13331,#13332);
#13331 = CARTESIAN_POINT('',(0.,0.));
#13332 = VECTOR('',#13333,1.);
#13333 = DIRECTION('',(0.,-1.));
#13334 = ( GEOMETRIC_REPRESENTATION_CONTEXT(2) 
PARAMETRIC_REPRESENTATION_CONTEXT() REPRESENTATION_CONTEXT('2D SPACE',''
  ) );
#13335 = PCURVE('',#6550,#13336);
#13336 = DEFINITIONAL_REPRESENTATION('',(#13337),#13341);
#13337 = LINE('',#13338,#13339);
#13338 = CARTESIAN_POINT('',(3.570627769079,0.));
#13339 = VECTOR('',#13340,1.);
#13340 = DIRECTION('',(0.,-1.));
#13341 = ( GEOMETRIC_REPRESENTATION_CONTEXT(2) 
PARAMETRIC_REPRESENTATION_CONTEXT() REPRESENTATION_CONTEXT('2D SPACE',''
  ) );
#13342 = ORIENTED_EDGE('',*,*,#12238,.T.);
#13343 = ORIENTED_EDGE('',*,*,#13268,.F.);
#13344 = ORIENTED_EDGE('',*,*,#6562,.F.);
#13345 = ADVANCED_FACE('',(#13346),#642,.F.);
#13346 = FACE_BOUND('',#13347,.F.);
#13347 = EDGE_LOOP('',(#13348,#13349,#13350,#13371));
#13348 = ORIENTED_EDGE('',*,*,#13297,.T.);
#13349 = ORIENTED_EDGE('',*,*,#7362,.T.);
#13350 = ORIENTED_EDGE('',*,*,#13351,.F.);
#13351 = EDGE_CURVE('',#627,#7363,#13352,.T.);
#13352 = SURFACE_CURVE('',#13353,(#13357,#13364),.PCURVE_S1.);
#13353 = LINE('',#13354,#13355);
#13354 = CARTESIAN_POINT('',(-14.,67.235039715897,25.406004396634));
#13355 = VECTOR('',#13356,1.);
#13356 = DIRECTION('',(1.,0.,0.));
#13357 = PCURVE('',#642,#13358);
#13358 = DEFINITIONAL_REPRESENTATION('',(#13359),#13363);
#13359 = LINE('',#13360,#13361);
#13360 = CARTESIAN_POINT('',(5.905241890921,0.));
#13361 = VECTOR('',#13362,1.);
#13362 = DIRECTION('',(0.,-1.));
#13363 = ( GEOMETRIC_REPRESENTATION_CONTEXT(2) 
PARAMETRIC_REPRESENTATION_CONTEXT() REPRESENTATION_CONTEXT('2D SPACE',''
  ) );
#13364 = PCURVE('',#670,#13365);
#13365 = DEFINITIONAL_REPRESENTATION('',(#13366),#13370);
#13366 = LINE('',#13367,#13368);
#13367 = CARTESIAN_POINT('',(0.,0.));
#13368 = VECTOR('',#13369,1.);
#13369 = DIRECTION('',(0.,-1.));
#13370 = ( GEOMETRIC_REPRESENTATION_CONTEXT(2) 
PARAMETRIC_REPRESENTATION_CONTEXT() REPRESENTATION_CONTEXT('2D SPACE',''
  ) );
#13371 = ORIENTED_EDGE('',*,*,#626,.F.);
#13372 = ADVANCED_FACE('',(#13373),#6550,.F.);
#13373 = FACE_BOUND('',#13374,.F.);
#13374 = EDGE_LOOP('',(#13375,#13396,#13397,#13398));
#13375 = ORIENTED_EDGE('',*,*,#13376,.T.);
#13376 = EDGE_CURVE('',#6507,#12193,#13377,.T.);
#13377 = SURFACE_CURVE('',#13378,(#13382,#13389),.PCURVE_S1.);
#13378 = LINE('',#13379,#13380);
#13379 = CARTESIAN_POINT('',(-14.,70.054832187465,-33.14469018087));
#13380 = VECTOR('',#13381,1.);
#13381 = DIRECTION('',(1.,0.,0.));
#13382 = PCURVE('',#6550,#13383);
#13383 = DEFINITIONAL_REPRESENTATION('',(#13384),#13388);
#13384 = LINE('',#13385,#13386);
#13385 = CARTESIAN_POINT('',(0.,0.));
#13386 = VECTOR('',#13387,1.);
#13387 = DIRECTION('',(0.,-1.));
#13388 = ( GEOMETRIC_REPRESENTATION_CONTEXT(2) 
PARAMETRIC_REPRESENTATION_CONTEXT() REPRESENTATION_CONTEXT('2D SPACE',''
  ) );
#13389 = PCURVE('',#6522,#13390);
#13390 = DEFINITIONAL_REPRESENTATION('',(#13391),#13395);
#13391 = LINE('',#13392,#13393);
#13392 = CARTESIAN_POINT('',(5.905241890921,0.));
#13393 = VECTOR('',#13394,1.);
#13394 = DIRECTION('',(0.,-1.));
#13395 = ( GEOMETRIC_REPRESENTATION_CONTEXT(2) 
PARAMETRIC_REPRESENTATION_CONTEXT() REPRESENTATION_CONTEXT('2D SPACE',''
  ) );
#13396 = ORIENTED_EDGE('',*,*,#12215,.T.);
#13397 = ORIENTED_EDGE('',*,*,#13322,.F.);
#13398 = ORIENTED_EDGE('',*,*,#6534,.F.);
#13399 = ADVANCED_FACE('',(#13400),#670,.F.);
#13400 = FACE_BOUND('',#13401,.F.);
#13401 = EDGE_LOOP('',(#13402,#13403,#13404,#13425));
#13402 = ORIENTED_EDGE('',*,*,#13351,.T.);
#13403 = ORIENTED_EDGE('',*,*,#7385,.T.);
#13404 = ORIENTED_EDGE('',*,*,#13405,.F.);
#13405 = EDGE_CURVE('',#655,#7386,#13406,.T.);
#13406 = SURFACE_CURVE('',#13407,(#13411,#13418),.PCURVE_S1.);
#13407 = LINE('',#13408,#13409);
#13408 = CARTESIAN_POINT('',(-14.,66.965306982711,26.108682190245));
#13409 = VECTOR('',#13410,1.);
#13410 = DIRECTION('',(1.,0.,0.));
#13411 = PCURVE('',#670,#13412);
#13412 = DEFINITIONAL_REPRESENTATION('',(#13413),#13417);
#13413 = LINE('',#13414,#13415);
#13414 = CARTESIAN_POINT('',(0.752669800767,0.));
#13415 = VECTOR('',#13416,1.);
#13416 = DIRECTION('',(0.,-1.));
#13417 = ( GEOMETRIC_REPRESENTATION_CONTEXT(2) 
PARAMETRIC_REPRESENTATION_CONTEXT() REPRESENTATION_CONTEXT('2D SPACE',''
  ) );
#13418 = PCURVE('',#698,#13419);
#13419 = DEFINITIONAL_REPRESENTATION('',(#13420),#13424);
#13420 = LINE('',#13421,#13422);
#13421 = CARTESIAN_POINT('',(0.,0.));
#13422 = VECTOR('',#13423,1.);
#13423 = DIRECTION('',(0.,-1.));
#13424 = ( GEOMETRIC_REPRESENTATION_CONTEXT(2) 
PARAMETRIC_REPRESENTATION_CONTEXT() REPRESENTATION_CONTEXT('2D SPACE',''
  ) );
#13425 = ORIENTED_EDGE('',*,*,#654,.F.);
#13426 = ADVANCED_FACE('',(#13427),#6522,.F.);
#13427 = FACE_BOUND('',#13428,.F.);
#13428 = EDGE_LOOP('',(#13429,#13450,#13451,#13452));
#13429 = ORIENTED_EDGE('',*,*,#13430,.T.);
#13430 = EDGE_CURVE('',#6479,#12170,#13431,.T.);
#13431 = SURFACE_CURVE('',#13432,(#13436,#13443),.PCURVE_S1.);
#13432 = LINE('',#13433,#13434);
#13433 = CARTESIAN_POINT('',(-14.,64.211068536063,-32.29480302551));
#13434 = VECTOR('',#13435,1.);
#13435 = DIRECTION('',(1.,0.,0.));
#13436 = PCURVE('',#6522,#13437);
#13437 = DEFINITIONAL_REPRESENTATION('',(#13438),#13442);
#13438 = LINE('',#13439,#13440);
#13439 = CARTESIAN_POINT('',(0.,0.));
#13440 = VECTOR('',#13441,1.);
#13441 = DIRECTION('',(0.,-1.));
#13442 = ( GEOMETRIC_REPRESENTATION_CONTEXT(2) 
PARAMETRIC_REPRESENTATION_CONTEXT() REPRESENTATION_CONTEXT('2D SPACE',''
  ) );
#13443 = PCURVE('',#6494,#13444);
#13444 = DEFINITIONAL_REPRESENTATION('',(#13445),#13449);
#13445 = LINE('',#13446,#13447);
#13446 = CARTESIAN_POINT('',(0.752669800767,0.));
#13447 = VECTOR('',#13448,1.);
#13448 = DIRECTION('',(0.,-1.));
#13449 = ( GEOMETRIC_REPRESENTATION_CONTEXT(2) 
PARAMETRIC_REPRESENTATION_CONTEXT() REPRESENTATION_CONTEXT('2D SPACE',''
  ) );
#13450 = ORIENTED_EDGE('',*,*,#12192,.T.);
#13451 = ORIENTED_EDGE('',*,*,#13376,.F.);
#13452 = ORIENTED_EDGE('',*,*,#6506,.F.);
#13453 = ADVANCED_FACE('',(#13454),#698,.F.);
#13454 = FACE_BOUND('',#13455,.F.);
#13455 = EDGE_LOOP('',(#13456,#13457,#13458,#13479));
#13456 = ORIENTED_EDGE('',*,*,#13405,.T.);
#13457 = ORIENTED_EDGE('',*,*,#7408,.T.);
#13458 = ORIENTED_EDGE('',*,*,#13459,.F.);
#13459 = EDGE_CURVE('',#683,#7409,#13460,.T.);
#13460 = SURFACE_CURVE('',#13461,(#13465,#13472),.PCURVE_S1.);
#13461 = LINE('',#13462,#13463);
#13462 = CARTESIAN_POINT('',(-14.,71.507137339934,29.882759401498));
#13463 = VECTOR('',#13464,1.);
#13464 = DIRECTION('',(1.,0.,0.));
#13465 = PCURVE('',#698,#13466);
#13466 = DEFINITIONAL_REPRESENTATION('',(#13467),#13471);
#13467 = LINE('',#13468,#13469);
#13468 = CARTESIAN_POINT('',(5.905241890921,0.));
#13469 = VECTOR('',#13470,1.);
#13470 = DIRECTION('',(0.,-1.));
#13471 = ( GEOMETRIC_REPRESENTATION_CONTEXT(2) 
PARAMETRIC_REPRESENTATION_CONTEXT() REPRESENTATION_CONTEXT('2D SPACE',''
  ) );
#13472 = PCURVE('',#726,#13473);
#13473 = DEFINITIONAL_REPRESENTATION('',(#13474),#13478);
#13474 = LINE('',#13475,#13476);
#13475 = CARTESIAN_POINT('',(0.,0.));
#13476 = VECTOR('',#13477,1.);
#13477 = DIRECTION('',(0.,-1.));
#13478 = ( GEOMETRIC_REPRESENTATION_CONTEXT(2) 
PARAMETRIC_REPRESENTATION_CONTEXT() REPRESENTATION_CONTEXT('2D SPACE',''
  ) );
#13479 = ORIENTED_EDGE('',*,*,#682,.F.);
#13480 = ADVANCED_FACE('',(#13481),#6494,.F.);
#13481 = FACE_BOUND('',#13482,.F.);
#13482 = EDGE_LOOP('',(#13483,#13504,#13505,#13506));
#13483 = ORIENTED_EDGE('',*,*,#13484,.T.);
#13484 = EDGE_CURVE('',#6451,#12147,#13485,.T.);
#13485 = SURFACE_CURVE('',#13486,(#13490,#13497),.PCURVE_S1.);
#13486 = LINE('',#13487,#13488);
#13487 = CARTESIAN_POINT('',(-14.,63.869363597074,-32.96543672856));
#13488 = VECTOR('',#13489,1.);
#13489 = DIRECTION('',(1.,0.,0.));
#13490 = PCURVE('',#6494,#13491);
#13491 = DEFINITIONAL_REPRESENTATION('',(#13492),#13496);
#13492 = LINE('',#13493,#13494);
#13493 = CARTESIAN_POINT('',(0.,0.));
#13494 = VECTOR('',#13495,1.);
#13495 = DIRECTION('',(0.,-1.));
#13496 = ( GEOMETRIC_REPRESENTATION_CONTEXT(2) 
PARAMETRIC_REPRESENTATION_CONTEXT() REPRESENTATION_CONTEXT('2D SPACE',''
  ) );
#13497 = PCURVE('',#6466,#13498);
#13498 = DEFINITIONAL_REPRESENTATION('',(#13499),#13503);
#13499 = LINE('',#13500,#13501);
#13500 = CARTESIAN_POINT('',(5.905241890921,0.));
#13501 = VECTOR('',#13502,1.);
#13502 = DIRECTION('',(0.,-1.));
#13503 = ( GEOMETRIC_REPRESENTATION_CONTEXT(2) 
PARAMETRIC_REPRESENTATION_CONTEXT() REPRESENTATION_CONTEXT('2D SPACE',''
  ) );
#13504 = ORIENTED_EDGE('',*,*,#12169,.T.);
#13505 = ORIENTED_EDGE('',*,*,#13430,.F.);
#13506 = ORIENTED_EDGE('',*,*,#6478,.F.);
#13507 = ADVANCED_FACE('',(#13508),#726,.F.);
#13508 = FACE_BOUND('',#13509,.F.);
#13509 = EDGE_LOOP('',(#13510,#13511,#13512,#13533));
#13510 = ORIENTED_EDGE('',*,*,#13459,.T.);
#13511 = ORIENTED_EDGE('',*,*,#7431,.T.);
#13512 = ORIENTED_EDGE('',*,*,#13513,.F.);
#13513 = EDGE_CURVE('',#711,#7432,#13514,.T.);
#13514 = SURFACE_CURVE('',#13515,(#13519,#13526),.PCURVE_S1.);
#13515 = LINE('',#13516,#13517);
#13516 = CARTESIAN_POINT('',(-14.,70.054832187465,33.144690180873));
#13517 = VECTOR('',#13518,1.);
#13518 = DIRECTION('',(1.,0.,0.));
#13519 = PCURVE('',#726,#13520);
#13520 = DEFINITIONAL_REPRESENTATION('',(#13521),#13525);
#13521 = LINE('',#13522,#13523);
#13522 = CARTESIAN_POINT('',(3.570627769079,0.));
#13523 = VECTOR('',#13524,1.);
#13524 = DIRECTION('',(0.,-1.));
#13525 = ( GEOMETRIC_REPRESENTATION_CONTEXT(2) 
PARAMETRIC_REPRESENTATION_CONTEXT() REPRESENTATION_CONTEXT('2D SPACE',''
  ) );
#13526 = PCURVE('',#754,#13527);
#13527 = DEFINITIONAL_REPRESENTATION('',(#13528),#13532);
#13528 = LINE('',#13529,#13530);
#13529 = CARTESIAN_POINT('',(0.,0.));
#13530 = VECTOR('',#13531,1.);
#13531 = DIRECTION('',(0.,-1.));
#13532 = ( GEOMETRIC_REPRESENTATION_CONTEXT(2) 
PARAMETRIC_REPRESENTATION_CONTEXT() REPRESENTATION_CONTEXT('2D SPACE',''
  ) );
#13533 = ORIENTED_EDGE('',*,*,#710,.F.);
#13534 = ADVANCED_FACE('',(#13535),#6466,.F.);
#13535 = FACE_BOUND('',#13536,.F.);
#13536 = EDGE_LOOP('',(#13537,#13558,#13559,#13560));
#13537 = ORIENTED_EDGE('',*,*,#13538,.T.);
#13538 = EDGE_CURVE('',#6423,#12124,#13539,.T.);
#13539 = SURFACE_CURVE('',#13540,(#13544,#13551),.PCURVE_S1.);
#13540 = LINE('',#13541,#13542);
#13541 = CARTESIAN_POINT('',(-14.,67.991814841235,-37.19358969762));
#13542 = VECTOR('',#13543,1.);
#13543 = DIRECTION('',(1.,0.,0.));
#13544 = PCURVE('',#6466,#13545);
#13545 = DEFINITIONAL_REPRESENTATION('',(#13546),#13550);
#13546 = LINE('',#13547,#13548);
#13547 = CARTESIAN_POINT('',(0.,0.));
#13548 = VECTOR('',#13549,1.);
#13549 = DIRECTION('',(0.,-1.));
#13550 = ( GEOMETRIC_REPRESENTATION_CONTEXT(2) 
PARAMETRIC_REPRESENTATION_CONTEXT() REPRESENTATION_CONTEXT('2D SPACE',''
  ) );
#13551 = PCURVE('',#6438,#13552);
#13552 = DEFINITIONAL_REPRESENTATION('',(#13553),#13557);
#13553 = LINE('',#13554,#13555);
#13554 = CARTESIAN_POINT('',(3.570627769079,0.));
#13555 = VECTOR('',#13556,1.);
#13556 = DIRECTION('',(0.,-1.));
#13557 = ( GEOMETRIC_REPRESENTATION_CONTEXT(2) 
PARAMETRIC_REPRESENTATION_CONTEXT() REPRESENTATION_CONTEXT('2D SPACE',''
  ) );
#13558 = ORIENTED_EDGE('',*,*,#12146,.T.);
#13559 = ORIENTED_EDGE('',*,*,#13484,.F.);
#13560 = ORIENTED_EDGE('',*,*,#6450,.F.);
#13561 = ADVANCED_FACE('',(#13562),#754,.F.);
#13562 = FACE_BOUND('',#13563,.F.);
#13563 = EDGE_LOOP('',(#13564,#13565,#13566,#13587));
#13564 = ORIENTED_EDGE('',*,*,#13513,.T.);
#13565 = ORIENTED_EDGE('',*,*,#7454,.T.);
#13566 = ORIENTED_EDGE('',*,*,#13567,.F.);
#13567 = EDGE_CURVE('',#739,#7455,#13568,.T.);
#13568 = SURFACE_CURVE('',#13569,(#13573,#13580),.PCURVE_S1.);
#13569 = LINE('',#13570,#13571);
#13570 = CARTESIAN_POINT('',(-14.,64.211068536063,32.294803025518));
#13571 = VECTOR('',#13572,1.);
#13572 = DIRECTION('',(1.,0.,0.));
#13573 = PCURVE('',#754,#13574);
#13574 = DEFINITIONAL_REPRESENTATION('',(#13575),#13579);
#13575 = LINE('',#13576,#13577);
#13576 = CARTESIAN_POINT('',(5.905241890921,0.));
#13577 = VECTOR('',#13578,1.);
#13578 = DIRECTION('',(0.,-1.));
#13579 = ( GEOMETRIC_REPRESENTATION_CONTEXT(2) 
PARAMETRIC_REPRESENTATION_CONTEXT() REPRESENTATION_CONTEXT('2D SPACE',''
  ) );
#13580 = PCURVE('',#782,#13581);
#13581 = DEFINITIONAL_REPRESENTATION('',(#13582),#13586);
#13582 = LINE('',#13583,#13584);
#13583 = CARTESIAN_POINT('',(0.,0.));
#13584 = VECTOR('',#13585,1.);
#13585 = DIRECTION('',(0.,-1.));
#13586 = ( GEOMETRIC_REPRESENTATION_CONTEXT(2) 
PARAMETRIC_REPRESENTATION_CONTEXT() REPRESENTATION_CONTEXT('2D SPACE',''
  ) );
#13587 = ORIENTED_EDGE('',*,*,#738,.F.);
#13588 = ADVANCED_FACE('',(#13589),#6438,.F.);
#13589 = FACE_BOUND('',#13590,.F.);
#13590 = EDGE_LOOP('',(#13591,#13612,#13613,#13614));
#13591 = ORIENTED_EDGE('',*,*,#13592,.T.);
#13592 = EDGE_CURVE('',#6395,#12101,#13593,.T.);
#13593 = SURFACE_CURVE('',#13594,(#13598,#13605),.PCURVE_S1.);
#13594 = LINE('',#13595,#13596);
#13595 = CARTESIAN_POINT('',(-14.,66.206500956695,-40.2858440531));
#13596 = VECTOR('',#13597,1.);
#13597 = DIRECTION('',(1.,0.,0.));
#13598 = PCURVE('',#6438,#13599);
#13599 = DEFINITIONAL_REPRESENTATION('',(#13600),#13604);
#13600 = LINE('',#13601,#13602);
#13601 = CARTESIAN_POINT('',(0.,0.));
#13602 = VECTOR('',#13603,1.);
#13603 = DIRECTION('',(0.,-1.));
#13604 = ( GEOMETRIC_REPRESENTATION_CONTEXT(2) 
PARAMETRIC_REPRESENTATION_CONTEXT() REPRESENTATION_CONTEXT('2D SPACE',''
  ) );
#13605 = PCURVE('',#6410,#13606);
#13606 = DEFINITIONAL_REPRESENTATION('',(#13607),#13611);
#13607 = LINE('',#13608,#13609);
#13608 = CARTESIAN_POINT('',(5.905241890921,0.));
#13609 = VECTOR('',#13610,1.);
#13610 = DIRECTION('',(0.,-1.));
#13611 = ( GEOMETRIC_REPRESENTATION_CONTEXT(2) 
PARAMETRIC_REPRESENTATION_CONTEXT() REPRESENTATION_CONTEXT('2D SPACE',''
  ) );
#13612 = ORIENTED_EDGE('',*,*,#12123,.T.);
#13613 = ORIENTED_EDGE('',*,*,#13538,.F.);
#13614 = ORIENTED_EDGE('',*,*,#6422,.F.);
#13615 = ADVANCED_FACE('',(#13616),#782,.F.);
#13616 = FACE_BOUND('',#13617,.F.);
#13617 = EDGE_LOOP('',(#13618,#13619,#13620,#13641));
#13618 = ORIENTED_EDGE('',*,*,#13567,.T.);
#13619 = ORIENTED_EDGE('',*,*,#7477,.T.);
#13620 = ORIENTED_EDGE('',*,*,#13621,.F.);
#13621 = EDGE_CURVE('',#767,#7478,#13622,.T.);
#13622 = SURFACE_CURVE('',#13623,(#13627,#13634),.PCURVE_S1.);
#13623 = LINE('',#13624,#13625);
#13624 = CARTESIAN_POINT('',(-14.,63.869363597074,32.96543672856));
#13625 = VECTOR('',#13626,1.);
#13626 = DIRECTION('',(1.,0.,0.));
#13627 = PCURVE('',#782,#13628);
#13628 = DEFINITIONAL_REPRESENTATION('',(#13629),#13633);
#13629 = LINE('',#13630,#13631);
#13630 = CARTESIAN_POINT('',(0.752669800767,0.));
#13631 = VECTOR('',#13632,1.);
#13632 = DIRECTION('',(0.,-1.));
#13633 = ( GEOMETRIC_REPRESENTATION_CONTEXT(2) 
PARAMETRIC_REPRESENTATION_CONTEXT() REPRESENTATION_CONTEXT('2D SPACE',''
  ) );
#13634 = PCURVE('',#810,#13635);
#13635 = DEFINITIONAL_REPRESENTATION('',(#13636),#13640);
#13636 = LINE('',#13637,#13638);
#13637 = CARTESIAN_POINT('',(0.,0.));
#13638 = VECTOR('',#13639,1.);
#13639 = DIRECTION('',(0.,-1.));
#13640 = ( GEOMETRIC_REPRESENTATION_CONTEXT(2) 
PARAMETRIC_REPRESENTATION_CONTEXT() REPRESENTATION_CONTEXT('2D SPACE',''
  ) );
#13641 = ORIENTED_EDGE('',*,*,#766,.F.);
#13642 = ADVANCED_FACE('',(#13643),#6410,.F.);
#13643 = FACE_BOUND('',#13644,.F.);
#13644 = EDGE_LOOP('',(#13645,#13666,#13667,#13668));
#13645 = ORIENTED_EDGE('',*,*,#13646,.T.);
#13646 = EDGE_CURVE('',#6367,#12078,#13647,.T.);
#13647 = SURFACE_CURVE('',#13648,(#13652,#13659),.PCURVE_S1.);
#13648 = LINE('',#13649,#13650);
#13649 = CARTESIAN_POINT('',(-14.,60.483587452319,-38.82977303433));
#13650 = VECTOR('',#13651,1.);
#13651 = DIRECTION('',(1.,0.,0.));
#13652 = PCURVE('',#6410,#13653);
#13653 = DEFINITIONAL_REPRESENTATION('',(#13654),#13658);
#13654 = LINE('',#13655,#13656);
#13655 = CARTESIAN_POINT('',(0.,0.));
#13656 = VECTOR('',#13657,1.);
#13657 = DIRECTION('',(0.,-1.));
#13658 = ( GEOMETRIC_REPRESENTATION_CONTEXT(2) 
PARAMETRIC_REPRESENTATION_CONTEXT() REPRESENTATION_CONTEXT('2D SPACE',''
  ) );
#13659 = PCURVE('',#6382,#13660);
#13660 = DEFINITIONAL_REPRESENTATION('',(#13661),#13665);
#13661 = LINE('',#13662,#13663);
#13662 = CARTESIAN_POINT('',(0.752669800767,0.));
#13663 = VECTOR('',#13664,1.);
#13664 = DIRECTION('',(0.,-1.));
#13665 = ( GEOMETRIC_REPRESENTATION_CONTEXT(2) 
PARAMETRIC_REPRESENTATION_CONTEXT() REPRESENTATION_CONTEXT('2D SPACE',''
  ) );
#13666 = ORIENTED_EDGE('',*,*,#12100,.T.);
#13667 = ORIENTED_EDGE('',*,*,#13592,.F.);
#13668 = ORIENTED_EDGE('',*,*,#6394,.F.);
#13669 = ADVANCED_FACE('',(#13670),#810,.F.);
#13670 = FACE_BOUND('',#13671,.F.);
#13671 = EDGE_LOOP('',(#13672,#13673,#13674,#13695));
#13672 = ORIENTED_EDGE('',*,*,#13621,.T.);
#13673 = ORIENTED_EDGE('',*,*,#7500,.T.);
#13674 = ORIENTED_EDGE('',*,*,#13675,.F.);
#13675 = EDGE_CURVE('',#795,#7501,#13676,.T.);
#13676 = SURFACE_CURVE('',#13677,(#13681,#13688),.PCURVE_S1.);
#13677 = LINE('',#13678,#13679);
#13678 = CARTESIAN_POINT('',(-14.,67.991814841235,37.193589697624));
#13679 = VECTOR('',#13680,1.);
#13680 = DIRECTION('',(1.,0.,0.));
#13681 = PCURVE('',#810,#13682);
#13682 = DEFINITIONAL_REPRESENTATION('',(#13683),#13687);
#13683 = LINE('',#13684,#13685);
#13684 = CARTESIAN_POINT('',(5.905241890921,0.));
#13685 = VECTOR('',#13686,1.);
#13686 = DIRECTION('',(0.,-1.));
#13687 = ( GEOMETRIC_REPRESENTATION_CONTEXT(2) 
PARAMETRIC_REPRESENTATION_CONTEXT() REPRESENTATION_CONTEXT('2D SPACE',''
  ) );
#13688 = PCURVE('',#838,#13689);
#13689 = DEFINITIONAL_REPRESENTATION('',(#13690),#13694);
#13690 = LINE('',#13691,#13692);
#13691 = CARTESIAN_POINT('',(0.,0.));
#13692 = VECTOR('',#13693,1.);
#13693 = DIRECTION('',(0.,-1.));
#13694 = ( GEOMETRIC_REPRESENTATION_CONTEXT(2) 
PARAMETRIC_REPRESENTATION_CONTEXT() REPRESENTATION_CONTEXT('2D SPACE',''
  ) );
#13695 = ORIENTED_EDGE('',*,*,#794,.F.);
#13696 = ADVANCED_FACE('',(#13697),#6382,.F.);
#13697 = FACE_BOUND('',#13698,.F.);
#13698 = EDGE_LOOP('',(#13699,#13720,#13721,#13722));
#13699 = ORIENTED_EDGE('',*,*,#13700,.T.);
#13700 = EDGE_CURVE('',#6339,#12055,#13701,.T.);
#13701 = SURFACE_CURVE('',#13702,(#13706,#13713),.PCURVE_S1.);
#13702 = LINE('',#13703,#13704);
#13703 = CARTESIAN_POINT('',(-14.,60.073654098344,-39.46101504361));
#13704 = VECTOR('',#13705,1.);
#13705 = DIRECTION('',(1.,0.,0.));
#13706 = PCURVE('',#6382,#13707);
#13707 = DEFINITIONAL_REPRESENTATION('',(#13708),#13712);
#13708 = LINE('',#13709,#13710);
#13709 = CARTESIAN_POINT('',(0.,0.));
#13710 = VECTOR('',#13711,1.);
#13711 = DIRECTION('',(0.,-1.));
#13712 = ( GEOMETRIC_REPRESENTATION_CONTEXT(2) 
PARAMETRIC_REPRESENTATION_CONTEXT() REPRESENTATION_CONTEXT('2D SPACE',''
  ) );
#13713 = PCURVE('',#6354,#13714);
#13714 = DEFINITIONAL_REPRESENTATION('',(#13715),#13719);
#13715 = LINE('',#13716,#13717);
#13716 = CARTESIAN_POINT('',(5.905241890921,0.));
#13717 = VECTOR('',#13718,1.);
#13718 = DIRECTION('',(0.,-1.));
#13719 = ( GEOMETRIC_REPRESENTATION_CONTEXT(2) 
PARAMETRIC_REPRESENTATION_CONTEXT() REPRESENTATION_CONTEXT('2D SPACE',''
  ) );
#13720 = ORIENTED_EDGE('',*,*,#12077,.T.);
#13721 = ORIENTED_EDGE('',*,*,#13646,.F.);
#13722 = ORIENTED_EDGE('',*,*,#6366,.F.);
#13723 = ADVANCED_FACE('',(#13724),#838,.F.);
#13724 = FACE_BOUND('',#13725,.F.);
#13725 = EDGE_LOOP('',(#13726,#13727,#13728,#13749));
#13726 = ORIENTED_EDGE('',*,*,#13675,.T.);
#13727 = ORIENTED_EDGE('',*,*,#7523,.T.);
#13728 = ORIENTED_EDGE('',*,*,#13729,.F.);
#13729 = EDGE_CURVE('',#823,#7524,#13730,.T.);
#13730 = SURFACE_CURVE('',#13731,(#13735,#13742),.PCURVE_S1.);
#13731 = LINE('',#13732,#13733);
#13732 = CARTESIAN_POINT('',(-14.,66.206500956695,40.285844053105));
#13733 = VECTOR('',#13734,1.);
#13734 = DIRECTION('',(1.,0.,0.));
#13735 = PCURVE('',#838,#13736);
#13736 = DEFINITIONAL_REPRESENTATION('',(#13737),#13741);
#13737 = LINE('',#13738,#13739);
#13738 = CARTESIAN_POINT('',(3.570627769079,0.));
#13739 = VECTOR('',#13740,1.);
#13740 = DIRECTION('',(0.,-1.));
#13741 = ( GEOMETRIC_REPRESENTATION_CONTEXT(2) 
PARAMETRIC_REPRESENTATION_CONTEXT() REPRESENTATION_CONTEXT('2D SPACE',''
  ) );
#13742 = PCURVE('',#866,#13743);
#13743 = DEFINITIONAL_REPRESENTATION('',(#13744),#13748);
#13744 = LINE('',#13745,#13746);
#13745 = CARTESIAN_POINT('',(0.,0.));
#13746 = VECTOR('',#13747,1.);
#13747 = DIRECTION('',(0.,-1.));
#13748 = ( GEOMETRIC_REPRESENTATION_CONTEXT(2) 
PARAMETRIC_REPRESENTATION_CONTEXT() REPRESENTATION_CONTEXT('2D SPACE',''
  ) );
#13749 = ORIENTED_EDGE('',*,*,#822,.F.);
#13750 = ADVANCED_FACE('',(#13751),#6354,.F.);
#13751 = FACE_BOUND('',#13752,.F.);
#13752 = EDGE_LOOP('',(#13753,#13774,#13775,#13776));
#13753 = ORIENTED_EDGE('',*,*,#13754,.T.);
#13754 = EDGE_CURVE('',#6311,#12032,#13755,.T.);
#13755 = SURFACE_CURVE('',#13756,(#13760,#13767),.PCURVE_S1.);
#13756 = LINE('',#13757,#13758);
#13757 = CARTESIAN_POINT('',(-14.,63.731559790933,-44.09691924176));
#13758 = VECTOR('',#13759,1.);
#13759 = DIRECTION('',(1.,0.,0.));
#13760 = PCURVE('',#6354,#13761);
#13761 = DEFINITIONAL_REPRESENTATION('',(#13762),#13766);
#13762 = LINE('',#13763,#13764);
#13763 = CARTESIAN_POINT('',(0.,0.));
#13764 = VECTOR('',#13765,1.);
#13765 = DIRECTION('',(0.,-1.));
#13766 = ( GEOMETRIC_REPRESENTATION_CONTEXT(2) 
PARAMETRIC_REPRESENTATION_CONTEXT() REPRESENTATION_CONTEXT('2D SPACE',''
  ) );
#13767 = PCURVE('',#6326,#13768);
#13768 = DEFINITIONAL_REPRESENTATION('',(#13769),#13773);
#13769 = LINE('',#13770,#13771);
#13770 = CARTESIAN_POINT('',(3.570627769079,0.));
#13771 = VECTOR('',#13772,1.);
#13772 = DIRECTION('',(0.,-1.));
#13773 = ( GEOMETRIC_REPRESENTATION_CONTEXT(2) 
PARAMETRIC_REPRESENTATION_CONTEXT() REPRESENTATION_CONTEXT('2D SPACE',''
  ) );
#13774 = ORIENTED_EDGE('',*,*,#12054,.T.);
#13775 = ORIENTED_EDGE('',*,*,#13700,.F.);
#13776 = ORIENTED_EDGE('',*,*,#6338,.F.);
#13777 = ADVANCED_FACE('',(#13778),#866,.F.);
#13778 = FACE_BOUND('',#13779,.F.);
#13779 = EDGE_LOOP('',(#13780,#13781,#13782,#13803));
#13780 = ORIENTED_EDGE('',*,*,#13729,.T.);
#13781 = ORIENTED_EDGE('',*,*,#7546,.T.);
#13782 = ORIENTED_EDGE('',*,*,#13783,.F.);
#13783 = EDGE_CURVE('',#851,#7547,#13784,.T.);
#13784 = SURFACE_CURVE('',#13785,(#13789,#13796),.PCURVE_S1.);
#13785 = LINE('',#13786,#13787);
#13786 = CARTESIAN_POINT('',(-14.,60.483587452319,38.829773034331));
#13787 = VECTOR('',#13788,1.);
#13788 = DIRECTION('',(1.,0.,0.));
#13789 = PCURVE('',#866,#13790);
#13790 = DEFINITIONAL_REPRESENTATION('',(#13791),#13795);
#13791 = LINE('',#13792,#13793);
#13792 = CARTESIAN_POINT('',(5.905241890921,0.));
#13793 = VECTOR('',#13794,1.);
#13794 = DIRECTION('',(0.,-1.));
#13795 = ( GEOMETRIC_REPRESENTATION_CONTEXT(2) 
PARAMETRIC_REPRESENTATION_CONTEXT() REPRESENTATION_CONTEXT('2D SPACE',''
  ) );
#13796 = PCURVE('',#894,#13797);
#13797 = DEFINITIONAL_REPRESENTATION('',(#13798),#13802);
#13798 = LINE('',#13799,#13800);
#13799 = CARTESIAN_POINT('',(0.,0.));
#13800 = VECTOR('',#13801,1.);
#13801 = DIRECTION('',(0.,-1.));
#13802 = ( GEOMETRIC_REPRESENTATION_CONTEXT(2) 
PARAMETRIC_REPRESENTATION_CONTEXT() REPRESENTATION_CONTEXT('2D SPACE',''
  ) );
#13803 = ORIENTED_EDGE('',*,*,#850,.F.);
#13804 = ADVANCED_FACE('',(#13805),#6326,.F.);
#13805 = FACE_BOUND('',#13806,.F.);
#13806 = EDGE_LOOP('',(#13807,#13828,#13829,#13830));
#13807 = ORIENTED_EDGE('',*,*,#13808,.T.);
#13808 = EDGE_CURVE('',#6283,#12009,#13809,.T.);
#13809 = SURFACE_CURVE('',#13810,(#13814,#13821),.PCURVE_S1.);
#13810 = LINE('',#13811,#13812);
#13811 = CARTESIAN_POINT('',(-14.,61.632797446843,-46.98561778753));
#13812 = VECTOR('',#13813,1.);
#13813 = DIRECTION('',(1.,0.,0.));
#13814 = PCURVE('',#6326,#13815);
#13815 = DEFINITIONAL_REPRESENTATION('',(#13816),#13820);
#13816 = LINE('',#13817,#13818);
#13817 = CARTESIAN_POINT('',(0.,0.));
#13818 = VECTOR('',#13819,1.);
#13819 = DIRECTION('',(0.,-1.));
#13820 = ( GEOMETRIC_REPRESENTATION_CONTEXT(2) 
PARAMETRIC_REPRESENTATION_CONTEXT() REPRESENTATION_CONTEXT('2D SPACE',''
  ) );
#13821 = PCURVE('',#6298,#13822);
#13822 = DEFINITIONAL_REPRESENTATION('',(#13823),#13827);
#13823 = LINE('',#13824,#13825);
#13824 = CARTESIAN_POINT('',(5.905241890921,0.));
#13825 = VECTOR('',#13826,1.);
#13826 = DIRECTION('',(0.,-1.));
#13827 = ( GEOMETRIC_REPRESENTATION_CONTEXT(2) 
PARAMETRIC_REPRESENTATION_CONTEXT() REPRESENTATION_CONTEXT('2D SPACE',''
  ) );
#13828 = ORIENTED_EDGE('',*,*,#12031,.T.);
#13829 = ORIENTED_EDGE('',*,*,#13754,.F.);
#13830 = ORIENTED_EDGE('',*,*,#6310,.F.);
#13831 = ADVANCED_FACE('',(#13832),#894,.F.);
#13832 = FACE_BOUND('',#13833,.F.);
#13833 = EDGE_LOOP('',(#13834,#13835,#13836,#13857));
#13834 = ORIENTED_EDGE('',*,*,#13783,.T.);
#13835 = ORIENTED_EDGE('',*,*,#7569,.T.);
#13836 = ORIENTED_EDGE('',*,*,#13837,.F.);
#13837 = EDGE_CURVE('',#879,#7570,#13838,.T.);
#13838 = SURFACE_CURVE('',#13839,(#13843,#13850),.PCURVE_S1.);
#13839 = LINE('',#13840,#13841);
#13840 = CARTESIAN_POINT('',(-14.,60.073654098344,39.461015043616));
#13841 = VECTOR('',#13842,1.);
#13842 = DIRECTION('',(1.,0.,0.));
#13843 = PCURVE('',#894,#13844);
#13844 = DEFINITIONAL_REPRESENTATION('',(#13845),#13849);
#13845 = LINE('',#13846,#13847);
#13846 = CARTESIAN_POINT('',(0.752669800767,0.));
#13847 = VECTOR('',#13848,1.);
#13848 = DIRECTION('',(0.,-1.));
#13849 = ( GEOMETRIC_REPRESENTATION_CONTEXT(2) 
PARAMETRIC_REPRESENTATION_CONTEXT() REPRESENTATION_CONTEXT('2D SPACE',''
  ) );
#13850 = PCURVE('',#922,#13851);
#13851 = DEFINITIONAL_REPRESENTATION('',(#13852),#13856);
#13852 = LINE('',#13853,#13854);
#13853 = CARTESIAN_POINT('',(0.,0.));
#13854 = VECTOR('',#13855,1.);
#13855 = DIRECTION('',(0.,-1.));
#13856 = ( GEOMETRIC_REPRESENTATION_CONTEXT(2) 
PARAMETRIC_REPRESENTATION_CONTEXT() REPRESENTATION_CONTEXT('2D SPACE',''
  ) );
#13857 = ORIENTED_EDGE('',*,*,#878,.F.);
#13858 = ADVANCED_FACE('',(#13859),#6298,.F.);
#13859 = FACE_BOUND('',#13860,.F.);
#13860 = EDGE_LOOP('',(#13861,#13882,#13883,#13884));
#13861 = ORIENTED_EDGE('',*,*,#13862,.T.);
#13862 = EDGE_CURVE('',#6255,#11986,#13863,.T.);
#13863 = SURFACE_CURVE('',#13864,(#13868,#13875),.PCURVE_S1.);
#13864 = LINE('',#13865,#13866);
#13865 = CARTESIAN_POINT('',(-14.,56.093435527442,-44.93931592412));
#13866 = VECTOR('',#13867,1.);
#13867 = DIRECTION('',(1.,0.,0.));
#13868 = PCURVE('',#6298,#13869);
#13869 = DEFINITIONAL_REPRESENTATION('',(#13870),#13874);
#13870 = LINE('',#13871,#13872);
#13871 = CARTESIAN_POINT('',(0.,0.));
#13872 = VECTOR('',#13873,1.);
#13873 = DIRECTION('',(0.,-1.));
#13874 = ( GEOMETRIC_REPRESENTATION_CONTEXT(2) 
PARAMETRIC_REPRESENTATION_CONTEXT() REPRESENTATION_CONTEXT('2D SPACE',''
  ) );
#13875 = PCURVE('',#6270,#13876);
#13876 = DEFINITIONAL_REPRESENTATION('',(#13877),#13881);
#13877 = LINE('',#13878,#13879);
#13878 = CARTESIAN_POINT('',(0.752669800767,0.));
#13879 = VECTOR('',#13880,1.);
#13880 = DIRECTION('',(0.,-1.));
#13881 = ( GEOMETRIC_REPRESENTATION_CONTEXT(2) 
PARAMETRIC_REPRESENTATION_CONTEXT() REPRESENTATION_CONTEXT('2D SPACE',''
  ) );
#13882 = ORIENTED_EDGE('',*,*,#12008,.T.);
#13883 = ORIENTED_EDGE('',*,*,#13808,.F.);
#13884 = ORIENTED_EDGE('',*,*,#6282,.F.);
#13885 = ADVANCED_FACE('',(#13886),#922,.F.);
#13886 = FACE_BOUND('',#13887,.F.);
#13887 = EDGE_LOOP('',(#13888,#13889,#13890,#13911));
#13888 = ORIENTED_EDGE('',*,*,#13837,.T.);
#13889 = ORIENTED_EDGE('',*,*,#7592,.T.);
#13890 = ORIENTED_EDGE('',*,*,#13891,.F.);
#13891 = EDGE_CURVE('',#907,#7593,#13892,.T.);
#13892 = SURFACE_CURVE('',#13893,(#13897,#13904),.PCURVE_S1.);
#13893 = LINE('',#13894,#13895);
#13894 = CARTESIAN_POINT('',(-14.,63.731559790933,44.096919241764));
#13895 = VECTOR('',#13896,1.);
#13896 = DIRECTION('',(1.,0.,0.));
#13897 = PCURVE('',#922,#13898);
#13898 = DEFINITIONAL_REPRESENTATION('',(#13899),#13903);
#13899 = LINE('',#13900,#13901);
#13900 = CARTESIAN_POINT('',(5.905241890921,0.));
#13901 = VECTOR('',#13902,1.);
#13902 = DIRECTION('',(0.,-1.));
#13903 = ( GEOMETRIC_REPRESENTATION_CONTEXT(2) 
PARAMETRIC_REPRESENTATION_CONTEXT() REPRESENTATION_CONTEXT('2D SPACE',''
  ) );
#13904 = PCURVE('',#950,#13905);
#13905 = DEFINITIONAL_REPRESENTATION('',(#13906),#13910);
#13906 = LINE('',#13907,#13908);
#13907 = CARTESIAN_POINT('',(0.,0.));
#13908 = VECTOR('',#13909,1.);
#13909 = DIRECTION('',(0.,-1.));
#13910 = ( GEOMETRIC_REPRESENTATION_CONTEXT(2) 
PARAMETRIC_REPRESENTATION_CONTEXT() REPRESENTATION_CONTEXT('2D SPACE',''
  ) );
#13911 = ORIENTED_EDGE('',*,*,#906,.F.);
#13912 = ADVANCED_FACE('',(#13913),#6270,.F.);
#13913 = FACE_BOUND('',#13914,.F.);
#13914 = EDGE_LOOP('',(#13915,#13936,#13937,#13938));
#13915 = ORIENTED_EDGE('',*,*,#13916,.T.);
#13916 = EDGE_CURVE('',#6227,#11963,#13917,.T.);
#13917 = SURFACE_CURVE('',#13918,(#13922,#13929),.PCURVE_S1.);
#13918 = LINE('',#13919,#13920);
#13919 = CARTESIAN_POINT('',(-14.,55.619765074093,-45.5242502201));
#13920 = VECTOR('',#13921,1.);
#13921 = DIRECTION('',(1.,0.,0.));
#13922 = PCURVE('',#6270,#13923);
#13923 = DEFINITIONAL_REPRESENTATION('',(#13924),#13928);
#13924 = LINE('',#13925,#13926);
#13925 = CARTESIAN_POINT('',(0.,0.));
#13926 = VECTOR('',#13927,1.);
#13927 = DIRECTION('',(0.,-1.));
#13928 = ( GEOMETRIC_REPRESENTATION_CONTEXT(2) 
PARAMETRIC_REPRESENTATION_CONTEXT() REPRESENTATION_CONTEXT('2D SPACE',''
  ) );
#13929 = PCURVE('',#6242,#13930);
#13930 = DEFINITIONAL_REPRESENTATION('',(#13931),#13935);
#13931 = LINE('',#13932,#13933);
#13932 = CARTESIAN_POINT('',(5.905241890921,0.));
#13933 = VECTOR('',#13934,1.);
#13934 = DIRECTION('',(0.,-1.));
#13935 = ( GEOMETRIC_REPRESENTATION_CONTEXT(2) 
PARAMETRIC_REPRESENTATION_CONTEXT() REPRESENTATION_CONTEXT('2D SPACE',''
  ) );
#13936 = ORIENTED_EDGE('',*,*,#11985,.T.);
#13937 = ORIENTED_EDGE('',*,*,#13862,.F.);
#13938 = ORIENTED_EDGE('',*,*,#6254,.F.);
#13939 = ADVANCED_FACE('',(#13940),#950,.F.);
#13940 = FACE_BOUND('',#13941,.F.);
#13941 = EDGE_LOOP('',(#13942,#13943,#13944,#13965));
#13942 = ORIENTED_EDGE('',*,*,#13891,.T.);
#13943 = ORIENTED_EDGE('',*,*,#7615,.T.);
#13944 = ORIENTED_EDGE('',*,*,#13945,.F.);
#13945 = EDGE_CURVE('',#935,#7616,#13946,.T.);
#13946 = SURFACE_CURVE('',#13947,(#13951,#13958),.PCURVE_S1.);
#13947 = LINE('',#13948,#13949);
#13948 = CARTESIAN_POINT('',(-14.,61.632797446843,46.985617787536));
#13949 = VECTOR('',#13950,1.);
#13950 = DIRECTION('',(1.,0.,0.));
#13951 = PCURVE('',#950,#13952);
#13952 = DEFINITIONAL_REPRESENTATION('',(#13953),#13957);
#13953 = LINE('',#13954,#13955);
#13954 = CARTESIAN_POINT('',(3.570627769079,0.));
#13955 = VECTOR('',#13956,1.);
#13956 = DIRECTION('',(0.,-1.));
#13957 = ( GEOMETRIC_REPRESENTATION_CONTEXT(2) 
PARAMETRIC_REPRESENTATION_CONTEXT() REPRESENTATION_CONTEXT('2D SPACE',''
  ) );
#13958 = PCURVE('',#978,#13959);
#13959 = DEFINITIONAL_REPRESENTATION('',(#13960),#13964);
#13960 = LINE('',#13961,#13962);
#13961 = CARTESIAN_POINT('',(0.,0.));
#13962 = VECTOR('',#13963,1.);
#13963 = DIRECTION('',(0.,-1.));
#13964 = ( GEOMETRIC_REPRESENTATION_CONTEXT(2) 
PARAMETRIC_REPRESENTATION_CONTEXT() REPRESENTATION_CONTEXT('2D SPACE',''
  ) );
#13965 = ORIENTED_EDGE('',*,*,#934,.F.);
#13966 = ADVANCED_FACE('',(#13967),#6242,.F.);
#13967 = FACE_BOUND('',#13968,.F.);
#13968 = EDGE_LOOP('',(#13969,#13990,#13991,#13992));
#13969 = ORIENTED_EDGE('',*,*,#13970,.T.);
#13970 = EDGE_CURVE('',#6199,#11940,#13971,.T.);
#13971 = SURFACE_CURVE('',#13972,(#13976,#13983),.PCURVE_S1.);
#13972 = LINE('',#13973,#13974);
#13973 = CARTESIAN_POINT('',(-14.,58.773048434876,-50.51711371081));
#13974 = VECTOR('',#13975,1.);
#13975 = DIRECTION('',(1.,0.,0.));
#13976 = PCURVE('',#6242,#13977);
#13977 = DEFINITIONAL_REPRESENTATION('',(#13978),#13982);
#13978 = LINE('',#13979,#13980);
#13979 = CARTESIAN_POINT('',(0.,0.));
#13980 = VECTOR('',#13981,1.);
#13981 = DIRECTION('',(0.,-1.));
#13982 = ( GEOMETRIC_REPRESENTATION_CONTEXT(2) 
PARAMETRIC_REPRESENTATION_CONTEXT() REPRESENTATION_CONTEXT('2D SPACE',''
  ) );
#13983 = PCURVE('',#6214,#13984);
#13984 = DEFINITIONAL_REPRESENTATION('',(#13985),#13989);
#13985 = LINE('',#13986,#13987);
#13986 = CARTESIAN_POINT('',(3.570627769079,0.));
#13987 = VECTOR('',#13988,1.);
#13988 = DIRECTION('',(0.,-1.));
#13989 = ( GEOMETRIC_REPRESENTATION_CONTEXT(2) 
PARAMETRIC_REPRESENTATION_CONTEXT() REPRESENTATION_CONTEXT('2D SPACE',''
  ) );
#13990 = ORIENTED_EDGE('',*,*,#11962,.T.);
#13991 = ORIENTED_EDGE('',*,*,#13916,.F.);
#13992 = ORIENTED_EDGE('',*,*,#6226,.F.);
#13993 = ADVANCED_FACE('',(#13994),#978,.F.);
#13994 = FACE_BOUND('',#13995,.F.);
#13995 = EDGE_LOOP('',(#13996,#13997,#13998,#14019));
#13996 = ORIENTED_EDGE('',*,*,#13945,.T.);
#13997 = ORIENTED_EDGE('',*,*,#7638,.T.);
#13998 = ORIENTED_EDGE('',*,*,#13999,.F.);
#13999 = EDGE_CURVE('',#963,#7639,#14000,.T.);
#14000 = SURFACE_CURVE('',#14001,(#14005,#14012),.PCURVE_S1.);
#14001 = LINE('',#14002,#14003);
#14002 = CARTESIAN_POINT('',(-14.,56.093435527442,44.939315924129));
#14003 = VECTOR('',#14004,1.);
#14004 = DIRECTION('',(1.,0.,0.));
#14005 = PCURVE('',#978,#14006);
#14006 = DEFINITIONAL_REPRESENTATION('',(#14007),#14011);
#14007 = LINE('',#14008,#14009);
#14008 = CARTESIAN_POINT('',(5.905241890921,0.));
#14009 = VECTOR('',#14010,1.);
#14010 = DIRECTION('',(0.,-1.));
#14011 = ( GEOMETRIC_REPRESENTATION_CONTEXT(2) 
PARAMETRIC_REPRESENTATION_CONTEXT() REPRESENTATION_CONTEXT('2D SPACE',''
  ) );
#14012 = PCURVE('',#1006,#14013);
#14013 = DEFINITIONAL_REPRESENTATION('',(#14014),#14018);
#14014 = LINE('',#14015,#14016);
#14015 = CARTESIAN_POINT('',(0.,0.));
#14016 = VECTOR('',#14017,1.);
#14017 = DIRECTION('',(0.,-1.));
#14018 = ( GEOMETRIC_REPRESENTATION_CONTEXT(2) 
PARAMETRIC_REPRESENTATION_CONTEXT() REPRESENTATION_CONTEXT('2D SPACE',''
  ) );
#14019 = ORIENTED_EDGE('',*,*,#962,.F.);
#14020 = ADVANCED_FACE('',(#14021),#6214,.F.);
#14021 = FACE_BOUND('',#14022,.F.);
#14022 = EDGE_LOOP('',(#14023,#14044,#14045,#14046));
#14023 = ORIENTED_EDGE('',*,*,#14024,.T.);
#14024 = EDGE_CURVE('',#6171,#11917,#14025,.T.);
#14025 = SURFACE_CURVE('',#14026,(#14030,#14037),.PCURVE_S1.);
#14026 = LINE('',#14027,#14028);
#14027 = CARTESIAN_POINT('',(-14.,56.38383211067,-53.17060726111));
#14028 = VECTOR('',#14029,1.);
#14029 = DIRECTION('',(1.,0.,0.));
#14030 = PCURVE('',#6214,#14031);
#14031 = DEFINITIONAL_REPRESENTATION('',(#14032),#14036);
#14032 = LINE('',#14033,#14034);
#14033 = CARTESIAN_POINT('',(0.,0.));
#14034 = VECTOR('',#14035,1.);
#14035 = DIRECTION('',(0.,-1.));
#14036 = ( GEOMETRIC_REPRESENTATION_CONTEXT(2) 
PARAMETRIC_REPRESENTATION_CONTEXT() REPRESENTATION_CONTEXT('2D SPACE',''
  ) );
#14037 = PCURVE('',#6186,#14038);
#14038 = DEFINITIONAL_REPRESENTATION('',(#14039),#14043);
#14039 = LINE('',#14040,#14041);
#14040 = CARTESIAN_POINT('',(5.905241890921,0.));
#14041 = VECTOR('',#14042,1.);
#14042 = DIRECTION('',(0.,-1.));
#14043 = ( GEOMETRIC_REPRESENTATION_CONTEXT(2) 
PARAMETRIC_REPRESENTATION_CONTEXT() REPRESENTATION_CONTEXT('2D SPACE',''
  ) );
#14044 = ORIENTED_EDGE('',*,*,#11939,.T.);
#14045 = ORIENTED_EDGE('',*,*,#13970,.F.);
#14046 = ORIENTED_EDGE('',*,*,#6198,.F.);
#14047 = ADVANCED_FACE('',(#14048),#1006,.F.);
#14048 = FACE_BOUND('',#14049,.F.);
#14049 = EDGE_LOOP('',(#14050,#14051,#14052,#14073));
#14050 = ORIENTED_EDGE('',*,*,#13999,.T.);
#14051 = ORIENTED_EDGE('',*,*,#7661,.T.);
#14052 = ORIENTED_EDGE('',*,*,#14053,.F.);
#14053 = EDGE_CURVE('',#991,#7662,#14054,.T.);
#14054 = SURFACE_CURVE('',#14055,(#14059,#14066),.PCURVE_S1.);
#14055 = LINE('',#14056,#14057);
#14056 = CARTESIAN_POINT('',(-14.,55.619765074093,45.524250220105));
#14057 = VECTOR('',#14058,1.);
#14058 = DIRECTION('',(1.,0.,0.));
#14059 = PCURVE('',#1006,#14060);
#14060 = DEFINITIONAL_REPRESENTATION('',(#14061),#14065);
#14061 = LINE('',#14062,#14063);
#14062 = CARTESIAN_POINT('',(0.752669800767,0.));
#14063 = VECTOR('',#14064,1.);
#14064 = DIRECTION('',(0.,-1.));
#14065 = ( GEOMETRIC_REPRESENTATION_CONTEXT(2) 
PARAMETRIC_REPRESENTATION_CONTEXT() REPRESENTATION_CONTEXT('2D SPACE',''
  ) );
#14066 = PCURVE('',#1034,#14067);
#14067 = DEFINITIONAL_REPRESENTATION('',(#14068),#14072);
#14068 = LINE('',#14069,#14070);
#14069 = CARTESIAN_POINT('',(0.,0.));
#14070 = VECTOR('',#14071,1.);
#14071 = DIRECTION('',(0.,-1.));
#14072 = ( GEOMETRIC_REPRESENTATION_CONTEXT(2) 
PARAMETRIC_REPRESENTATION_CONTEXT() REPRESENTATION_CONTEXT('2D SPACE',''
  ) );
#14073 = ORIENTED_EDGE('',*,*,#990,.F.);
#14074 = ADVANCED_FACE('',(#14075),#6186,.F.);
#14075 = FACE_BOUND('',#14076,.F.);
#14076 = EDGE_LOOP('',(#14077,#14098,#14099,#14100));
#14077 = ORIENTED_EDGE('',*,*,#14078,.T.);
#14078 = EDGE_CURVE('',#6143,#11894,#14079,.T.);
#14079 = SURFACE_CURVE('',#14080,(#14084,#14091),.PCURVE_S1.);
#14080 = LINE('',#14081,#14082);
#14081 = CARTESIAN_POINT('',(-14.,51.088712184621,-50.5564942645));
#14082 = VECTOR('',#14083,1.);
#14083 = DIRECTION('',(1.,0.,0.));
#14084 = PCURVE('',#6186,#14085);
#14085 = DEFINITIONAL_REPRESENTATION('',(#14086),#14090);
#14086 = LINE('',#14087,#14088);
#14087 = CARTESIAN_POINT('',(0.,0.));
#14088 = VECTOR('',#14089,1.);
#14089 = DIRECTION('',(0.,-1.));
#14090 = ( GEOMETRIC_REPRESENTATION_CONTEXT(2) 
PARAMETRIC_REPRESENTATION_CONTEXT() REPRESENTATION_CONTEXT('2D SPACE',''
  ) );
#14091 = PCURVE('',#6158,#14092);
#14092 = DEFINITIONAL_REPRESENTATION('',(#14093),#14097);
#14093 = LINE('',#14094,#14095);
#14094 = CARTESIAN_POINT('',(0.752669800767,0.));
#14095 = VECTOR('',#14096,1.);
#14096 = DIRECTION('',(0.,-1.));
#14097 = ( GEOMETRIC_REPRESENTATION_CONTEXT(2) 
PARAMETRIC_REPRESENTATION_CONTEXT() REPRESENTATION_CONTEXT('2D SPACE',''
  ) );
#14098 = ORIENTED_EDGE('',*,*,#11916,.T.);
#14099 = ORIENTED_EDGE('',*,*,#14024,.F.);
#14100 = ORIENTED_EDGE('',*,*,#6170,.F.);
#14101 = ADVANCED_FACE('',(#14102),#1034,.F.);
#14102 = FACE_BOUND('',#14103,.F.);
#14103 = EDGE_LOOP('',(#14104,#14105,#14106,#14127));
#14104 = ORIENTED_EDGE('',*,*,#14053,.T.);
#14105 = ORIENTED_EDGE('',*,*,#7684,.T.);
#14106 = ORIENTED_EDGE('',*,*,#14107,.F.);
#14107 = EDGE_CURVE('',#1019,#7685,#14108,.T.);
#14108 = SURFACE_CURVE('',#14109,(#14113,#14120),.PCURVE_S1.);
#14109 = LINE('',#14110,#14111);
#14110 = CARTESIAN_POINT('',(-14.,58.773048434876,50.517113710818));
#14111 = VECTOR('',#14112,1.);
#14112 = DIRECTION('',(1.,0.,0.));
#14113 = PCURVE('',#1034,#14114);
#14114 = DEFINITIONAL_REPRESENTATION('',(#14115),#14119);
#14115 = LINE('',#14116,#14117);
#14116 = CARTESIAN_POINT('',(5.905241890921,0.));
#14117 = VECTOR('',#14118,1.);
#14118 = DIRECTION('',(0.,-1.));
#14119 = ( GEOMETRIC_REPRESENTATION_CONTEXT(2) 
PARAMETRIC_REPRESENTATION_CONTEXT() REPRESENTATION_CONTEXT('2D SPACE',''
  ) );
#14120 = PCURVE('',#1062,#14121);
#14121 = DEFINITIONAL_REPRESENTATION('',(#14122),#14126);
#14122 = LINE('',#14123,#14124);
#14123 = CARTESIAN_POINT('',(0.,0.));
#14124 = VECTOR('',#14125,1.);
#14125 = DIRECTION('',(0.,-1.));
#14126 = ( GEOMETRIC_REPRESENTATION_CONTEXT(2) 
PARAMETRIC_REPRESENTATION_CONTEXT() REPRESENTATION_CONTEXT('2D SPACE',''
  ) );
#14127 = ORIENTED_EDGE('',*,*,#1018,.F.);
#14128 = ADVANCED_FACE('',(#14129),#6158,.F.);
#14129 = FACE_BOUND('',#14130,.F.);
#14130 = EDGE_LOOP('',(#14131,#14152,#14153,#14154));
#14131 = ORIENTED_EDGE('',*,*,#14132,.T.);
#14132 = EDGE_CURVE('',#6115,#11871,#14133,.T.);
#14133 = SURFACE_CURVE('',#14134,(#14138,#14145),.PCURVE_S1.);
#14134 = LINE('',#14135,#14136);
#14135 = CARTESIAN_POINT('',(-14.,50.556494264505,-51.08871218462));
#14136 = VECTOR('',#14137,1.);
#14137 = DIRECTION('',(1.,0.,0.));
#14138 = PCURVE('',#6158,#14139);
#14139 = DEFINITIONAL_REPRESENTATION('',(#14140),#14144);
#14140 = LINE('',#14141,#14142);
#14141 = CARTESIAN_POINT('',(0.,0.));
#14142 = VECTOR('',#14143,1.);
#14143 = DIRECTION('',(0.,-1.));
#14144 = ( GEOMETRIC_REPRESENTATION_CONTEXT(2) 
PARAMETRIC_REPRESENTATION_CONTEXT() REPRESENTATION_CONTEXT('2D SPACE',''
  ) );
#14145 = PCURVE('',#6130,#14146);
#14146 = DEFINITIONAL_REPRESENTATION('',(#14147),#14151);
#14147 = LINE('',#14148,#14149);
#14148 = CARTESIAN_POINT('',(5.905241890921,0.));
#14149 = VECTOR('',#14150,1.);
#14150 = DIRECTION('',(0.,-1.));
#14151 = ( GEOMETRIC_REPRESENTATION_CONTEXT(2) 
PARAMETRIC_REPRESENTATION_CONTEXT() REPRESENTATION_CONTEXT('2D SPACE',''
  ) );
#14152 = ORIENTED_EDGE('',*,*,#11893,.T.);
#14153 = ORIENTED_EDGE('',*,*,#14078,.F.);
#14154 = ORIENTED_EDGE('',*,*,#6142,.F.);
#14155 = ADVANCED_FACE('',(#14156),#1062,.F.);
#14156 = FACE_BOUND('',#14157,.F.);
#14157 = EDGE_LOOP('',(#14158,#14159,#14160,#14181));
#14158 = ORIENTED_EDGE('',*,*,#14107,.T.);
#14159 = ORIENTED_EDGE('',*,*,#7707,.T.);
#14160 = ORIENTED_EDGE('',*,*,#14161,.F.);
#14161 = EDGE_CURVE('',#1047,#7708,#14162,.T.);
#14162 = SURFACE_CURVE('',#14163,(#14167,#14174),.PCURVE_S1.);
#14163 = LINE('',#14164,#14165);
#14164 = CARTESIAN_POINT('',(-14.,56.38383211067,53.170607261115));
#14165 = VECTOR('',#14166,1.);
#14166 = DIRECTION('',(1.,0.,0.));
#14167 = PCURVE('',#1062,#14168);
#14168 = DEFINITIONAL_REPRESENTATION('',(#14169),#14173);
#14169 = LINE('',#14170,#14171);
#14170 = CARTESIAN_POINT('',(3.570627769079,0.));
#14171 = VECTOR('',#14172,1.);
#14172 = DIRECTION('',(0.,-1.));
#14173 = ( GEOMETRIC_REPRESENTATION_CONTEXT(2) 
PARAMETRIC_REPRESENTATION_CONTEXT() REPRESENTATION_CONTEXT('2D SPACE',''
  ) );
#14174 = PCURVE('',#1090,#14175);
#14175 = DEFINITIONAL_REPRESENTATION('',(#14176),#14180);
#14176 = LINE('',#14177,#14178);
#14177 = CARTESIAN_POINT('',(0.,0.));
#14178 = VECTOR('',#14179,1.);
#14179 = DIRECTION('',(0.,-1.));
#14180 = ( GEOMETRIC_REPRESENTATION_CONTEXT(2) 
PARAMETRIC_REPRESENTATION_CONTEXT() REPRESENTATION_CONTEXT('2D SPACE',''
  ) );
#14181 = ORIENTED_EDGE('',*,*,#1046,.F.);
#14182 = ADVANCED_FACE('',(#14183),#6130,.F.);
#14183 = FACE_BOUND('',#14184,.F.);
#14184 = EDGE_LOOP('',(#14185,#14206,#14207,#14208));
#14185 = ORIENTED_EDGE('',*,*,#14186,.T.);
#14186 = EDGE_CURVE('',#6087,#11848,#14187,.T.);
#14187 = SURFACE_CURVE('',#14188,(#14192,#14199),.PCURVE_S1.);
#14188 = LINE('',#14189,#14190);
#14189 = CARTESIAN_POINT('',(-14.,53.170607261115,-56.38383211067));
#14190 = VECTOR('',#14191,1.);
#14191 = DIRECTION('',(1.,0.,0.));
#14192 = PCURVE('',#6130,#14193);
#14193 = DEFINITIONAL_REPRESENTATION('',(#14194),#14198);
#14194 = LINE('',#14195,#14196);
#14195 = CARTESIAN_POINT('',(0.,0.));
#14196 = VECTOR('',#14197,1.);
#14197 = DIRECTION('',(0.,-1.));
#14198 = ( GEOMETRIC_REPRESENTATION_CONTEXT(2) 
PARAMETRIC_REPRESENTATION_CONTEXT() REPRESENTATION_CONTEXT('2D SPACE',''
  ) );
#14199 = PCURVE('',#6102,#14200);
#14200 = DEFINITIONAL_REPRESENTATION('',(#14201),#14205);
#14201 = LINE('',#14202,#14203);
#14202 = CARTESIAN_POINT('',(3.570627769079,0.));
#14203 = VECTOR('',#14204,1.);
#14204 = DIRECTION('',(0.,-1.));
#14205 = ( GEOMETRIC_REPRESENTATION_CONTEXT(2) 
PARAMETRIC_REPRESENTATION_CONTEXT() REPRESENTATION_CONTEXT('2D SPACE',''
  ) );
#14206 = ORIENTED_EDGE('',*,*,#11870,.T.);
#14207 = ORIENTED_EDGE('',*,*,#14132,.F.);
#14208 = ORIENTED_EDGE('',*,*,#6114,.F.);
#14209 = ADVANCED_FACE('',(#14210),#1090,.F.);
#14210 = FACE_BOUND('',#14211,.F.);
#14211 = EDGE_LOOP('',(#14212,#14213,#14214,#14235));
#14212 = ORIENTED_EDGE('',*,*,#14161,.T.);
#14213 = ORIENTED_EDGE('',*,*,#7730,.T.);
#14214 = ORIENTED_EDGE('',*,*,#14215,.F.);
#14215 = EDGE_CURVE('',#1075,#7731,#14216,.T.);
#14216 = SURFACE_CURVE('',#14217,(#14221,#14228),.PCURVE_S1.);
#14217 = LINE('',#14218,#14219);
#14218 = CARTESIAN_POINT('',(-14.,51.088712184621,50.556494264505));
#14219 = VECTOR('',#14220,1.);
#14220 = DIRECTION('',(1.,0.,0.));
#14221 = PCURVE('',#1090,#14222);
#14222 = DEFINITIONAL_REPRESENTATION('',(#14223),#14227);
#14223 = LINE('',#14224,#14225);
#14224 = CARTESIAN_POINT('',(5.905241890921,0.));
#14225 = VECTOR('',#14226,1.);
#14226 = DIRECTION('',(0.,-1.));
#14227 = ( GEOMETRIC_REPRESENTATION_CONTEXT(2) 
PARAMETRIC_REPRESENTATION_CONTEXT() REPRESENTATION_CONTEXT('2D SPACE',''
  ) );
#14228 = PCURVE('',#1118,#14229);
#14229 = DEFINITIONAL_REPRESENTATION('',(#14230),#14234);
#14230 = LINE('',#14231,#14232);
#14231 = CARTESIAN_POINT('',(0.,0.));
#14232 = VECTOR('',#14233,1.);
#14233 = DIRECTION('',(0.,-1.));
#14234 = ( GEOMETRIC_REPRESENTATION_CONTEXT(2) 
PARAMETRIC_REPRESENTATION_CONTEXT() REPRESENTATION_CONTEXT('2D SPACE',''
  ) );
#14235 = ORIENTED_EDGE('',*,*,#1074,.F.);
#14236 = ADVANCED_FACE('',(#14237),#6102,.F.);
#14237 = FACE_BOUND('',#14238,.F.);
#14238 = EDGE_LOOP('',(#14239,#14260,#14261,#14262));
#14239 = ORIENTED_EDGE('',*,*,#14240,.T.);
#14240 = EDGE_CURVE('',#6059,#11825,#14241,.T.);
#14241 = SURFACE_CURVE('',#14242,(#14246,#14253),.PCURVE_S1.);
#14242 = LINE('',#14243,#14244);
#14243 = CARTESIAN_POINT('',(-14.,50.517113710818,-58.77304843487));
#14244 = VECTOR('',#14245,1.);
#14245 = DIRECTION('',(1.,0.,0.));
#14246 = PCURVE('',#6102,#14247);
#14247 = DEFINITIONAL_REPRESENTATION('',(#14248),#14252);
#14248 = LINE('',#14249,#14250);
#14249 = CARTESIAN_POINT('',(0.,0.));
#14250 = VECTOR('',#14251,1.);
#14251 = DIRECTION('',(0.,-1.));
#14252 = ( GEOMETRIC_REPRESENTATION_CONTEXT(2) 
PARAMETRIC_REPRESENTATION_CONTEXT() REPRESENTATION_CONTEXT('2D SPACE',''
  ) );
#14253 = PCURVE('',#6074,#14254);
#14254 = DEFINITIONAL_REPRESENTATION('',(#14255),#14259);
#14255 = LINE('',#14256,#14257);
#14256 = CARTESIAN_POINT('',(5.905241890921,0.));
#14257 = VECTOR('',#14258,1.);
#14258 = DIRECTION('',(0.,-1.));
#14259 = ( GEOMETRIC_REPRESENTATION_CONTEXT(2) 
PARAMETRIC_REPRESENTATION_CONTEXT() REPRESENTATION_CONTEXT('2D SPACE',''
  ) );
#14260 = ORIENTED_EDGE('',*,*,#11847,.T.);
#14261 = ORIENTED_EDGE('',*,*,#14186,.F.);
#14262 = ORIENTED_EDGE('',*,*,#6086,.F.);
#14263 = ADVANCED_FACE('',(#14264),#1118,.F.);
#14264 = FACE_BOUND('',#14265,.F.);
#14265 = EDGE_LOOP('',(#14266,#14267,#14268,#14289));
#14266 = ORIENTED_EDGE('',*,*,#14215,.T.);
#14267 = ORIENTED_EDGE('',*,*,#7753,.T.);
#14268 = ORIENTED_EDGE('',*,*,#14269,.F.);
#14269 = EDGE_CURVE('',#1103,#7754,#14270,.T.);
#14270 = SURFACE_CURVE('',#14271,(#14275,#14282),.PCURVE_S1.);
#14271 = LINE('',#14272,#14273);
#14272 = CARTESIAN_POINT('',(-14.,50.556494264505,51.088712184621));
#14273 = VECTOR('',#14274,1.);
#14274 = DIRECTION('',(1.,0.,0.));
#14275 = PCURVE('',#1118,#14276);
#14276 = DEFINITIONAL_REPRESENTATION('',(#14277),#14281);
#14277 = LINE('',#14278,#14279);
#14278 = CARTESIAN_POINT('',(0.752669800767,0.));
#14279 = VECTOR('',#14280,1.);
#14280 = DIRECTION('',(0.,-1.));
#14281 = ( GEOMETRIC_REPRESENTATION_CONTEXT(2) 
PARAMETRIC_REPRESENTATION_CONTEXT() REPRESENTATION_CONTEXT('2D SPACE',''
  ) );
#14282 = PCURVE('',#1146,#14283);
#14283 = DEFINITIONAL_REPRESENTATION('',(#14284),#14288);
#14284 = LINE('',#14285,#14286);
#14285 = CARTESIAN_POINT('',(0.,0.));
#14286 = VECTOR('',#14287,1.);
#14287 = DIRECTION('',(0.,-1.));
#14288 = ( GEOMETRIC_REPRESENTATION_CONTEXT(2) 
PARAMETRIC_REPRESENTATION_CONTEXT() REPRESENTATION_CONTEXT('2D SPACE',''
  ) );
#14289 = ORIENTED_EDGE('',*,*,#1102,.F.);
#14290 = ADVANCED_FACE('',(#14291),#6074,.F.);
#14291 = FACE_BOUND('',#14292,.F.);
#14292 = EDGE_LOOP('',(#14293,#14314,#14315,#14316));
#14293 = ORIENTED_EDGE('',*,*,#14294,.T.);
#14294 = EDGE_CURVE('',#6031,#11802,#14295,.T.);
#14295 = SURFACE_CURVE('',#14296,(#14300,#14307),.PCURVE_S1.);
#14296 = LINE('',#14297,#14298);
#14297 = CARTESIAN_POINT('',(-14.,45.524250220105,-55.61976507409));
#14298 = VECTOR('',#14299,1.);
#14299 = DIRECTION('',(1.,0.,0.));
#14300 = PCURVE('',#6074,#14301);
#14301 = DEFINITIONAL_REPRESENTATION('',(#14302),#14306);
#14302 = LINE('',#14303,#14304);
#14303 = CARTESIAN_POINT('',(0.,0.));
#14304 = VECTOR('',#14305,1.);
#14305 = DIRECTION('',(0.,-1.));
#14306 = ( GEOMETRIC_REPRESENTATION_CONTEXT(2) 
PARAMETRIC_REPRESENTATION_CONTEXT() REPRESENTATION_CONTEXT('2D SPACE',''
  ) );
#14307 = PCURVE('',#6046,#14308);
#14308 = DEFINITIONAL_REPRESENTATION('',(#14309),#14313);
#14309 = LINE('',#14310,#14311);
#14310 = CARTESIAN_POINT('',(0.752669800767,0.));
#14311 = VECTOR('',#14312,1.);
#14312 = DIRECTION('',(0.,-1.));
#14313 = ( GEOMETRIC_REPRESENTATION_CONTEXT(2) 
PARAMETRIC_REPRESENTATION_CONTEXT() REPRESENTATION_CONTEXT('2D SPACE',''
  ) );
#14314 = ORIENTED_EDGE('',*,*,#11824,.T.);
#14315 = ORIENTED_EDGE('',*,*,#14240,.F.);
#14316 = ORIENTED_EDGE('',*,*,#6058,.F.);
#14317 = ADVANCED_FACE('',(#14318),#1146,.F.);
#14318 = FACE_BOUND('',#14319,.F.);
#14319 = EDGE_LOOP('',(#14320,#14321,#14322,#14343));
#14320 = ORIENTED_EDGE('',*,*,#14269,.T.);
#14321 = ORIENTED_EDGE('',*,*,#7776,.T.);
#14322 = ORIENTED_EDGE('',*,*,#14323,.F.);
#14323 = EDGE_CURVE('',#1131,#7777,#14324,.T.);
#14324 = SURFACE_CURVE('',#14325,(#14329,#14336),.PCURVE_S1.);
#14325 = LINE('',#14326,#14327);
#14326 = CARTESIAN_POINT('',(-14.,53.170607261115,56.38383211067));
#14327 = VECTOR('',#14328,1.);
#14328 = DIRECTION('',(1.,0.,0.));
#14329 = PCURVE('',#1146,#14330);
#14330 = DEFINITIONAL_REPRESENTATION('',(#14331),#14335);
#14331 = LINE('',#14332,#14333);
#14332 = CARTESIAN_POINT('',(5.905241890921,0.));
#14333 = VECTOR('',#14334,1.);
#14334 = DIRECTION('',(0.,-1.));
#14335 = ( GEOMETRIC_REPRESENTATION_CONTEXT(2) 
PARAMETRIC_REPRESENTATION_CONTEXT() REPRESENTATION_CONTEXT('2D SPACE',''
  ) );
#14336 = PCURVE('',#1174,#14337);
#14337 = DEFINITIONAL_REPRESENTATION('',(#14338),#14342);
#14338 = LINE('',#14339,#14340);
#14339 = CARTESIAN_POINT('',(0.,0.));
#14340 = VECTOR('',#14341,1.);
#14341 = DIRECTION('',(0.,-1.));
#14342 = ( GEOMETRIC_REPRESENTATION_CONTEXT(2) 
PARAMETRIC_REPRESENTATION_CONTEXT() REPRESENTATION_CONTEXT('2D SPACE',''
  ) );
#14343 = ORIENTED_EDGE('',*,*,#1130,.F.);
#14344 = ADVANCED_FACE('',(#14345),#6046,.F.);
#14345 = FACE_BOUND('',#14346,.F.);
#14346 = EDGE_LOOP('',(#14347,#14368,#14369,#14370));
#14347 = ORIENTED_EDGE('',*,*,#14348,.T.);
#14348 = EDGE_CURVE('',#6003,#11779,#14349,.T.);
#14349 = SURFACE_CURVE('',#14350,(#14354,#14361),.PCURVE_S1.);
#14350 = LINE('',#14351,#14352);
#14351 = CARTESIAN_POINT('',(-14.,44.939315924129,-56.09343552744));
#14352 = VECTOR('',#14353,1.);
#14353 = DIRECTION('',(1.,0.,0.));
#14354 = PCURVE('',#6046,#14355);
#14355 = DEFINITIONAL_REPRESENTATION('',(#14356),#14360);
#14356 = LINE('',#14357,#14358);
#14357 = CARTESIAN_POINT('',(0.,0.));
#14358 = VECTOR('',#14359,1.);
#14359 = DIRECTION('',(0.,-1.));
#14360 = ( GEOMETRIC_REPRESENTATION_CONTEXT(2) 
PARAMETRIC_REPRESENTATION_CONTEXT() REPRESENTATION_CONTEXT('2D SPACE',''
  ) );
#14361 = PCURVE('',#6018,#14362);
#14362 = DEFINITIONAL_REPRESENTATION('',(#14363),#14367);
#14363 = LINE('',#14364,#14365);
#14364 = CARTESIAN_POINT('',(5.905241890921,0.));
#14365 = VECTOR('',#14366,1.);
#14366 = DIRECTION('',(0.,-1.));
#14367 = ( GEOMETRIC_REPRESENTATION_CONTEXT(2) 
PARAMETRIC_REPRESENTATION_CONTEXT() REPRESENTATION_CONTEXT('2D SPACE',''
  ) );
#14368 = ORIENTED_EDGE('',*,*,#11801,.T.);
#14369 = ORIENTED_EDGE('',*,*,#14294,.F.);
#14370 = ORIENTED_EDGE('',*,*,#6030,.F.);
#14371 = ADVANCED_FACE('',(#14372),#1174,.F.);
#14372 = FACE_BOUND('',#14373,.F.);
#14373 = EDGE_LOOP('',(#14374,#14375,#14376,#14397));
#14374 = ORIENTED_EDGE('',*,*,#14323,.T.);
#14375 = ORIENTED_EDGE('',*,*,#7799,.T.);
#14376 = ORIENTED_EDGE('',*,*,#14377,.F.);
#14377 = EDGE_CURVE('',#1159,#7800,#14378,.T.);
#14378 = SURFACE_CURVE('',#14379,(#14383,#14390),.PCURVE_S1.);
#14379 = LINE('',#14380,#14381);
#14380 = CARTESIAN_POINT('',(-14.,50.517113710818,58.773048434876));
#14381 = VECTOR('',#14382,1.);
#14382 = DIRECTION('',(1.,0.,0.));
#14383 = PCURVE('',#1174,#14384);
#14384 = DEFINITIONAL_REPRESENTATION('',(#14385),#14389);
#14385 = LINE('',#14386,#14387);
#14386 = CARTESIAN_POINT('',(3.570627769079,0.));
#14387 = VECTOR('',#14388,1.);
#14388 = DIRECTION('',(0.,-1.));
#14389 = ( GEOMETRIC_REPRESENTATION_CONTEXT(2) 
PARAMETRIC_REPRESENTATION_CONTEXT() REPRESENTATION_CONTEXT('2D SPACE',''
  ) );
#14390 = PCURVE('',#1202,#14391);
#14391 = DEFINITIONAL_REPRESENTATION('',(#14392),#14396);
#14392 = LINE('',#14393,#14394);
#14393 = CARTESIAN_POINT('',(0.,0.));
#14394 = VECTOR('',#14395,1.);
#14395 = DIRECTION('',(0.,-1.));
#14396 = ( GEOMETRIC_REPRESENTATION_CONTEXT(2) 
PARAMETRIC_REPRESENTATION_CONTEXT() REPRESENTATION_CONTEXT('2D SPACE',''
  ) );
#14397 = ORIENTED_EDGE('',*,*,#1158,.F.);
#14398 = ADVANCED_FACE('',(#14399),#6018,.F.);
#14399 = FACE_BOUND('',#14400,.F.);
#14400 = EDGE_LOOP('',(#14401,#14422,#14423,#14424));
#14401 = ORIENTED_EDGE('',*,*,#14402,.T.);
#14402 = EDGE_CURVE('',#5975,#11756,#14403,.T.);
#14403 = SURFACE_CURVE('',#14404,(#14408,#14415),.PCURVE_S1.);
#14404 = LINE('',#14405,#14406);
#14405 = CARTESIAN_POINT('',(-14.,46.985617787536,-61.63279744684));
#14406 = VECTOR('',#14407,1.);
#14407 = DIRECTION('',(1.,0.,0.));
#14408 = PCURVE('',#6018,#14409);
#14409 = DEFINITIONAL_REPRESENTATION('',(#14410),#14414);
#14410 = LINE('',#14411,#14412);
#14411 = CARTESIAN_POINT('',(0.,0.));
#14412 = VECTOR('',#14413,1.);
#14413 = DIRECTION('',(0.,-1.));
#14414 = ( GEOMETRIC_REPRESENTATION_CONTEXT(2) 
PARAMETRIC_REPRESENTATION_CONTEXT() REPRESENTATION_CONTEXT('2D SPACE',''
  ) );
#14415 = PCURVE('',#5990,#14416);
#14416 = DEFINITIONAL_REPRESENTATION('',(#14417),#14421);
#14417 = LINE('',#14418,#14419);
#14418 = CARTESIAN_POINT('',(3.570627769079,0.));
#14419 = VECTOR('',#14420,1.);
#14420 = DIRECTION('',(0.,-1.));
#14421 = ( GEOMETRIC_REPRESENTATION_CONTEXT(2) 
PARAMETRIC_REPRESENTATION_CONTEXT() REPRESENTATION_CONTEXT('2D SPACE',''
  ) );
#14422 = ORIENTED_EDGE('',*,*,#11778,.T.);
#14423 = ORIENTED_EDGE('',*,*,#14348,.F.);
#14424 = ORIENTED_EDGE('',*,*,#6002,.F.);
#14425 = ADVANCED_FACE('',(#14426),#1202,.F.);
#14426 = FACE_BOUND('',#14427,.F.);
#14427 = EDGE_LOOP('',(#14428,#14429,#14430,#14451));
#14428 = ORIENTED_EDGE('',*,*,#14377,.T.);
#14429 = ORIENTED_EDGE('',*,*,#7822,.T.);
#14430 = ORIENTED_EDGE('',*,*,#14431,.F.);
#14431 = EDGE_CURVE('',#1187,#7823,#14432,.T.);
#14432 = SURFACE_CURVE('',#14433,(#14437,#14444),.PCURVE_S1.);
#14433 = LINE('',#14434,#14435);
#14434 = CARTESIAN_POINT('',(-14.,45.524250220105,55.619765074093));
#14435 = VECTOR('',#14436,1.);
#14436 = DIRECTION('',(1.,0.,0.));
#14437 = PCURVE('',#1202,#14438);
#14438 = DEFINITIONAL_REPRESENTATION('',(#14439),#14443);
#14439 = LINE('',#14440,#14441);
#14440 = CARTESIAN_POINT('',(5.905241890921,0.));
#14441 = VECTOR('',#14442,1.);
#14442 = DIRECTION('',(0.,-1.));
#14443 = ( GEOMETRIC_REPRESENTATION_CONTEXT(2) 
PARAMETRIC_REPRESENTATION_CONTEXT() REPRESENTATION_CONTEXT('2D SPACE',''
  ) );
#14444 = PCURVE('',#1230,#14445);
#14445 = DEFINITIONAL_REPRESENTATION('',(#14446),#14450);
#14446 = LINE('',#14447,#14448);
#14447 = CARTESIAN_POINT('',(0.,0.));
#14448 = VECTOR('',#14449,1.);
#14449 = DIRECTION('',(0.,-1.));
#14450 = ( GEOMETRIC_REPRESENTATION_CONTEXT(2) 
PARAMETRIC_REPRESENTATION_CONTEXT() REPRESENTATION_CONTEXT('2D SPACE',''
  ) );
#14451 = ORIENTED_EDGE('',*,*,#1186,.F.);
#14452 = ADVANCED_FACE('',(#14453),#5990,.F.);
#14453 = FACE_BOUND('',#14454,.F.);
#14454 = EDGE_LOOP('',(#14455,#14476,#14477,#14478));
#14455 = ORIENTED_EDGE('',*,*,#14456,.T.);
#14456 = EDGE_CURVE('',#5947,#11733,#14457,.T.);
#14457 = SURFACE_CURVE('',#14458,(#14462,#14469),.PCURVE_S1.);
#14458 = LINE('',#14459,#14460);
#14459 = CARTESIAN_POINT('',(-14.,44.096919241764,-63.73155979093));
#14460 = VECTOR('',#14461,1.);
#14461 = DIRECTION('',(1.,0.,0.));
#14462 = PCURVE('',#5990,#14463);
#14463 = DEFINITIONAL_REPRESENTATION('',(#14464),#14468);
#14464 = LINE('',#14465,#14466);
#14465 = CARTESIAN_POINT('',(0.,0.));
#14466 = VECTOR('',#14467,1.);
#14467 = DIRECTION('',(0.,-1.));
#14468 = ( GEOMETRIC_REPRESENTATION_CONTEXT(2) 
PARAMETRIC_REPRESENTATION_CONTEXT() REPRESENTATION_CONTEXT('2D SPACE',''
  ) );
#14469 = PCURVE('',#5962,#14470);
#14470 = DEFINITIONAL_REPRESENTATION('',(#14471),#14475);
#14471 = LINE('',#14472,#14473);
#14472 = CARTESIAN_POINT('',(5.905241890921,0.));
#14473 = VECTOR('',#14474,1.);
#14474 = DIRECTION('',(0.,-1.));
#14475 = ( GEOMETRIC_REPRESENTATION_CONTEXT(2) 
PARAMETRIC_REPRESENTATION_CONTEXT() REPRESENTATION_CONTEXT('2D SPACE',''
  ) );
#14476 = ORIENTED_EDGE('',*,*,#11755,.T.);
#14477 = ORIENTED_EDGE('',*,*,#14402,.F.);
#14478 = ORIENTED_EDGE('',*,*,#5974,.F.);
#14479 = ADVANCED_FACE('',(#14480),#1230,.F.);
#14480 = FACE_BOUND('',#14481,.F.);
#14481 = EDGE_LOOP('',(#14482,#14483,#14484,#14505));
#14482 = ORIENTED_EDGE('',*,*,#14431,.T.);
#14483 = ORIENTED_EDGE('',*,*,#7845,.T.);
#14484 = ORIENTED_EDGE('',*,*,#14485,.F.);
#14485 = EDGE_CURVE('',#1215,#7846,#14486,.T.);
#14486 = SURFACE_CURVE('',#14487,(#14491,#14498),.PCURVE_S1.);
#14487 = LINE('',#14488,#14489);
#14488 = CARTESIAN_POINT('',(-14.,44.939315924129,56.093435527442));
#14489 = VECTOR('',#14490,1.);
#14490 = DIRECTION('',(1.,0.,0.));
#14491 = PCURVE('',#1230,#14492);
#14492 = DEFINITIONAL_REPRESENTATION('',(#14493),#14497);
#14493 = LINE('',#14494,#14495);
#14494 = CARTESIAN_POINT('',(0.752669800767,0.));
#14495 = VECTOR('',#14496,1.);
#14496 = DIRECTION('',(0.,-1.));
#14497 = ( GEOMETRIC_REPRESENTATION_CONTEXT(2) 
PARAMETRIC_REPRESENTATION_CONTEXT() REPRESENTATION_CONTEXT('2D SPACE',''
  ) );
#14498 = PCURVE('',#1258,#14499);
#14499 = DEFINITIONAL_REPRESENTATION('',(#14500),#14504);
#14500 = LINE('',#14501,#14502);
#14501 = CARTESIAN_POINT('',(0.,0.));
#14502 = VECTOR('',#14503,1.);
#14503 = DIRECTION('',(0.,-1.));
#14504 = ( GEOMETRIC_REPRESENTATION_CONTEXT(2) 
PARAMETRIC_REPRESENTATION_CONTEXT() REPRESENTATION_CONTEXT('2D SPACE',''
  ) );
#14505 = ORIENTED_EDGE('',*,*,#1214,.F.);
#14506 = ADVANCED_FACE('',(#14507),#5962,.F.);
#14507 = FACE_BOUND('',#14508,.F.);
#14508 = EDGE_LOOP('',(#14509,#14530,#14531,#14532));
#14509 = ORIENTED_EDGE('',*,*,#14510,.T.);
#14510 = EDGE_CURVE('',#5919,#11710,#14511,.T.);
#14511 = SURFACE_CURVE('',#14512,(#14516,#14523),.PCURVE_S1.);
#14512 = LINE('',#14513,#14514);
#14513 = CARTESIAN_POINT('',(-14.,39.461015043616,-60.07365409834));
#14514 = VECTOR('',#14515,1.);
#14515 = DIRECTION('',(1.,0.,0.));
#14516 = PCURVE('',#5962,#14517);
#14517 = DEFINITIONAL_REPRESENTATION('',(#14518),#14522);
#14518 = LINE('',#14519,#14520);
#14519 = CARTESIAN_POINT('',(0.,0.));
#14520 = VECTOR('',#14521,1.);
#14521 = DIRECTION('',(0.,-1.));
#14522 = ( GEOMETRIC_REPRESENTATION_CONTEXT(2) 
PARAMETRIC_REPRESENTATION_CONTEXT() REPRESENTATION_CONTEXT('2D SPACE',''
  ) );
#14523 = PCURVE('',#5934,#14524);
#14524 = DEFINITIONAL_REPRESENTATION('',(#14525),#14529);
#14525 = LINE('',#14526,#14527);
#14526 = CARTESIAN_POINT('',(0.752669800767,0.));
#14527 = VECTOR('',#14528,1.);
#14528 = DIRECTION('',(0.,-1.));
#14529 = ( GEOMETRIC_REPRESENTATION_CONTEXT(2) 
PARAMETRIC_REPRESENTATION_CONTEXT() REPRESENTATION_CONTEXT('2D SPACE',''
  ) );
#14530 = ORIENTED_EDGE('',*,*,#11732,.T.);
#14531 = ORIENTED_EDGE('',*,*,#14456,.F.);
#14532 = ORIENTED_EDGE('',*,*,#5946,.F.);
#14533 = ADVANCED_FACE('',(#14534),#1258,.F.);
#14534 = FACE_BOUND('',#14535,.F.);
#14535 = EDGE_LOOP('',(#14536,#14537,#14538,#14559));
#14536 = ORIENTED_EDGE('',*,*,#14485,.T.);
#14537 = ORIENTED_EDGE('',*,*,#7868,.T.);
#14538 = ORIENTED_EDGE('',*,*,#14539,.F.);
#14539 = EDGE_CURVE('',#1243,#7869,#14540,.T.);
#14540 = SURFACE_CURVE('',#14541,(#14545,#14552),.PCURVE_S1.);
#14541 = LINE('',#14542,#14543);
#14542 = CARTESIAN_POINT('',(-14.,46.985617787536,61.632797446843));
#14543 = VECTOR('',#14544,1.);
#14544 = DIRECTION('',(1.,0.,0.));
#14545 = PCURVE('',#1258,#14546);
#14546 = DEFINITIONAL_REPRESENTATION('',(#14547),#14551);
#14547 = LINE('',#14548,#14549);
#14548 = CARTESIAN_POINT('',(5.905241890921,0.));
#14549 = VECTOR('',#14550,1.);
#14550 = DIRECTION('',(0.,-1.));
#14551 = ( GEOMETRIC_REPRESENTATION_CONTEXT(2) 
PARAMETRIC_REPRESENTATION_CONTEXT() REPRESENTATION_CONTEXT('2D SPACE',''
  ) );
#14552 = PCURVE('',#1286,#14553);
#14553 = DEFINITIONAL_REPRESENTATION('',(#14554),#14558);
#14554 = LINE('',#14555,#14556);
#14555 = CARTESIAN_POINT('',(0.,0.));
#14556 = VECTOR('',#14557,1.);
#14557 = DIRECTION('',(0.,-1.));
#14558 = ( GEOMETRIC_REPRESENTATION_CONTEXT(2) 
PARAMETRIC_REPRESENTATION_CONTEXT() REPRESENTATION_CONTEXT('2D SPACE',''
  ) );
#14559 = ORIENTED_EDGE('',*,*,#1242,.F.);
#14560 = ADVANCED_FACE('',(#14561),#5934,.F.);
#14561 = FACE_BOUND('',#14562,.F.);
#14562 = EDGE_LOOP('',(#14563,#14584,#14585,#14586));
#14563 = ORIENTED_EDGE('',*,*,#14564,.T.);
#14564 = EDGE_CURVE('',#5891,#11687,#14565,.T.);
#14565 = SURFACE_CURVE('',#14566,(#14570,#14577),.PCURVE_S1.);
#14566 = LINE('',#14567,#14568);
#14567 = CARTESIAN_POINT('',(-14.,38.829773034331,-60.48358745231));
#14568 = VECTOR('',#14569,1.);
#14569 = DIRECTION('',(1.,0.,0.));
#14570 = PCURVE('',#5934,#14571);
#14571 = DEFINITIONAL_REPRESENTATION('',(#14572),#14576);
#14572 = LINE('',#14573,#14574);
#14573 = CARTESIAN_POINT('',(0.,0.));
#14574 = VECTOR('',#14575,1.);
#14575 = DIRECTION('',(0.,-1.));
#14576 = ( GEOMETRIC_REPRESENTATION_CONTEXT(2) 
PARAMETRIC_REPRESENTATION_CONTEXT() REPRESENTATION_CONTEXT('2D SPACE',''
  ) );
#14577 = PCURVE('',#5906,#14578);
#14578 = DEFINITIONAL_REPRESENTATION('',(#14579),#14583);
#14579 = LINE('',#14580,#14581);
#14580 = CARTESIAN_POINT('',(5.905241890921,0.));
#14581 = VECTOR('',#14582,1.);
#14582 = DIRECTION('',(0.,-1.));
#14583 = ( GEOMETRIC_REPRESENTATION_CONTEXT(2) 
PARAMETRIC_REPRESENTATION_CONTEXT() REPRESENTATION_CONTEXT('2D SPACE',''
  ) );
#14584 = ORIENTED_EDGE('',*,*,#11709,.T.);
#14585 = ORIENTED_EDGE('',*,*,#14510,.F.);
#14586 = ORIENTED_EDGE('',*,*,#5918,.F.);
#14587 = ADVANCED_FACE('',(#14588),#1286,.F.);
#14588 = FACE_BOUND('',#14589,.F.);
#14589 = EDGE_LOOP('',(#14590,#14591,#14592,#14613));
#14590 = ORIENTED_EDGE('',*,*,#14539,.T.);
#14591 = ORIENTED_EDGE('',*,*,#7891,.T.);
#14592 = ORIENTED_EDGE('',*,*,#14593,.F.);
#14593 = EDGE_CURVE('',#1271,#7892,#14594,.T.);
#14594 = SURFACE_CURVE('',#14595,(#14599,#14606),.PCURVE_S1.);
#14595 = LINE('',#14596,#14597);
#14596 = CARTESIAN_POINT('',(-14.,44.096919241764,63.731559790933));
#14597 = VECTOR('',#14598,1.);
#14598 = DIRECTION('',(1.,0.,0.));
#14599 = PCURVE('',#1286,#14600);
#14600 = DEFINITIONAL_REPRESENTATION('',(#14601),#14605);
#14601 = LINE('',#14602,#14603);
#14602 = CARTESIAN_POINT('',(3.570627769079,0.));
#14603 = VECTOR('',#14604,1.);
#14604 = DIRECTION('',(0.,-1.));
#14605 = ( GEOMETRIC_REPRESENTATION_CONTEXT(2) 
PARAMETRIC_REPRESENTATION_CONTEXT() REPRESENTATION_CONTEXT('2D SPACE',''
  ) );
#14606 = PCURVE('',#1314,#14607);
#14607 = DEFINITIONAL_REPRESENTATION('',(#14608),#14612);
#14608 = LINE('',#14609,#14610);
#14609 = CARTESIAN_POINT('',(0.,0.));
#14610 = VECTOR('',#14611,1.);
#14611 = DIRECTION('',(0.,-1.));
#14612 = ( GEOMETRIC_REPRESENTATION_CONTEXT(2) 
PARAMETRIC_REPRESENTATION_CONTEXT() REPRESENTATION_CONTEXT('2D SPACE',''
  ) );
#14613 = ORIENTED_EDGE('',*,*,#1270,.F.);
#14614 = ADVANCED_FACE('',(#14615),#5906,.F.);
#14615 = FACE_BOUND('',#14616,.F.);
#14616 = EDGE_LOOP('',(#14617,#14638,#14639,#14640));
#14617 = ORIENTED_EDGE('',*,*,#14618,.T.);
#14618 = EDGE_CURVE('',#5863,#11664,#14619,.T.);
#14619 = SURFACE_CURVE('',#14620,(#14624,#14631),.PCURVE_S1.);
#14620 = LINE('',#14621,#14622);
#14621 = CARTESIAN_POINT('',(-14.,40.285844053105,-66.20650095669));
#14622 = VECTOR('',#14623,1.);
#14623 = DIRECTION('',(1.,0.,0.));
#14624 = PCURVE('',#5906,#14625);
#14625 = DEFINITIONAL_REPRESENTATION('',(#14626),#14630);
#14626 = LINE('',#14627,#14628);
#14627 = CARTESIAN_POINT('',(0.,0.));
#14628 = VECTOR('',#14629,1.);
#14629 = DIRECTION('',(0.,-1.));
#14630 = ( GEOMETRIC_REPRESENTATION_CONTEXT(2) 
PARAMETRIC_REPRESENTATION_CONTEXT() REPRESENTATION_CONTEXT('2D SPACE',''
  ) );
#14631 = PCURVE('',#5878,#14632);
#14632 = DEFINITIONAL_REPRESENTATION('',(#14633),#14637);
#14633 = LINE('',#14634,#14635);
#14634 = CARTESIAN_POINT('',(3.570627769079,0.));
#14635 = VECTOR('',#14636,1.);
#14636 = DIRECTION('',(0.,-1.));
#14637 = ( GEOMETRIC_REPRESENTATION_CONTEXT(2) 
PARAMETRIC_REPRESENTATION_CONTEXT() REPRESENTATION_CONTEXT('2D SPACE',''
  ) );
#14638 = ORIENTED_EDGE('',*,*,#11686,.T.);
#14639 = ORIENTED_EDGE('',*,*,#14564,.F.);
#14640 = ORIENTED_EDGE('',*,*,#5890,.F.);
#14641 = ADVANCED_FACE('',(#14642),#1314,.F.);
#14642 = FACE_BOUND('',#14643,.F.);
#14643 = EDGE_LOOP('',(#14644,#14645,#14646,#14667));
#14644 = ORIENTED_EDGE('',*,*,#14593,.T.);
#14645 = ORIENTED_EDGE('',*,*,#7914,.T.);
#14646 = ORIENTED_EDGE('',*,*,#14647,.F.);
#14647 = EDGE_CURVE('',#1299,#7915,#14648,.T.);
#14648 = SURFACE_CURVE('',#14649,(#14653,#14660),.PCURVE_S1.);
#14649 = LINE('',#14650,#14651);
#14650 = CARTESIAN_POINT('',(-14.,39.461015043616,60.073654098344));
#14651 = VECTOR('',#14652,1.);
#14652 = DIRECTION('',(1.,0.,0.));
#14653 = PCURVE('',#1314,#14654);
#14654 = DEFINITIONAL_REPRESENTATION('',(#14655),#14659);
#14655 = LINE('',#14656,#14657);
#14656 = CARTESIAN_POINT('',(5.905241890921,0.));
#14657 = VECTOR('',#14658,1.);
#14658 = DIRECTION('',(0.,-1.));
#14659 = ( GEOMETRIC_REPRESENTATION_CONTEXT(2) 
PARAMETRIC_REPRESENTATION_CONTEXT() REPRESENTATION_CONTEXT('2D SPACE',''
  ) );
#14660 = PCURVE('',#1342,#14661);
#14661 = DEFINITIONAL_REPRESENTATION('',(#14662),#14666);
#14662 = LINE('',#14663,#14664);
#14663 = CARTESIAN_POINT('',(0.,0.));
#14664 = VECTOR('',#14665,1.);
#14665 = DIRECTION('',(0.,-1.));
#14666 = ( GEOMETRIC_REPRESENTATION_CONTEXT(2) 
PARAMETRIC_REPRESENTATION_CONTEXT() REPRESENTATION_CONTEXT('2D SPACE',''
  ) );
#14667 = ORIENTED_EDGE('',*,*,#1298,.F.);
#14668 = ADVANCED_FACE('',(#14669),#5878,.F.);
#14669 = FACE_BOUND('',#14670,.F.);
#14670 = EDGE_LOOP('',(#14671,#14692,#14693,#14694));
#14671 = ORIENTED_EDGE('',*,*,#14672,.T.);
#14672 = EDGE_CURVE('',#5835,#11641,#14673,.T.);
#14673 = SURFACE_CURVE('',#14674,(#14678,#14685),.PCURVE_S1.);
#14674 = LINE('',#14675,#14676);
#14675 = CARTESIAN_POINT('',(-14.,37.193589697624,-67.99181484123));
#14676 = VECTOR('',#14677,1.);
#14677 = DIRECTION('',(1.,0.,0.));
#14678 = PCURVE('',#5878,#14679);
#14679 = DEFINITIONAL_REPRESENTATION('',(#14680),#14684);
#14680 = LINE('',#14681,#14682);
#14681 = CARTESIAN_POINT('',(0.,0.));
#14682 = VECTOR('',#14683,1.);
#14683 = DIRECTION('',(0.,-1.));
#14684 = ( GEOMETRIC_REPRESENTATION_CONTEXT(2) 
PARAMETRIC_REPRESENTATION_CONTEXT() REPRESENTATION_CONTEXT('2D SPACE',''
  ) );
#14685 = PCURVE('',#5850,#14686);
#14686 = DEFINITIONAL_REPRESENTATION('',(#14687),#14691);
#14687 = LINE('',#14688,#14689);
#14688 = CARTESIAN_POINT('',(5.905241890921,0.));
#14689 = VECTOR('',#14690,1.);
#14690 = DIRECTION('',(0.,-1.));
#14691 = ( GEOMETRIC_REPRESENTATION_CONTEXT(2) 
PARAMETRIC_REPRESENTATION_CONTEXT() REPRESENTATION_CONTEXT('2D SPACE',''
  ) );
#14692 = ORIENTED_EDGE('',*,*,#11663,.T.);
#14693 = ORIENTED_EDGE('',*,*,#14618,.F.);
#14694 = ORIENTED_EDGE('',*,*,#5862,.F.);
#14695 = ADVANCED_FACE('',(#14696),#1342,.F.);
#14696 = FACE_BOUND('',#14697,.F.);
#14697 = EDGE_LOOP('',(#14698,#14699,#14700,#14721));
#14698 = ORIENTED_EDGE('',*,*,#14647,.T.);
#14699 = ORIENTED_EDGE('',*,*,#7937,.T.);
#14700 = ORIENTED_EDGE('',*,*,#14701,.F.);
#14701 = EDGE_CURVE('',#1327,#7938,#14702,.T.);
#14702 = SURFACE_CURVE('',#14703,(#14707,#14714),.PCURVE_S1.);
#14703 = LINE('',#14704,#14705);
#14704 = CARTESIAN_POINT('',(-14.,38.829773034331,60.483587452319));
#14705 = VECTOR('',#14706,1.);
#14706 = DIRECTION('',(1.,0.,0.));
#14707 = PCURVE('',#1342,#14708);
#14708 = DEFINITIONAL_REPRESENTATION('',(#14709),#14713);
#14709 = LINE('',#14710,#14711);
#14710 = CARTESIAN_POINT('',(0.752669800767,0.));
#14711 = VECTOR('',#14712,1.);
#14712 = DIRECTION('',(0.,-1.));
#14713 = ( GEOMETRIC_REPRESENTATION_CONTEXT(2) 
PARAMETRIC_REPRESENTATION_CONTEXT() REPRESENTATION_CONTEXT('2D SPACE',''
  ) );
#14714 = PCURVE('',#1370,#14715);
#14715 = DEFINITIONAL_REPRESENTATION('',(#14716),#14720);
#14716 = LINE('',#14717,#14718);
#14717 = CARTESIAN_POINT('',(0.,0.));
#14718 = VECTOR('',#14719,1.);
#14719 = DIRECTION('',(0.,-1.));
#14720 = ( GEOMETRIC_REPRESENTATION_CONTEXT(2) 
PARAMETRIC_REPRESENTATION_CONTEXT() REPRESENTATION_CONTEXT('2D SPACE',''
  ) );
#14721 = ORIENTED_EDGE('',*,*,#1326,.F.);
#14722 = ADVANCED_FACE('',(#14723),#5850,.F.);
#14723 = FACE_BOUND('',#14724,.F.);
#14724 = EDGE_LOOP('',(#14725,#14746,#14747,#14748));
#14725 = ORIENTED_EDGE('',*,*,#14726,.T.);
#14726 = EDGE_CURVE('',#5807,#11618,#14727,.T.);
#14727 = SURFACE_CURVE('',#14728,(#14732,#14739),.PCURVE_S1.);
#14728 = LINE('',#14729,#14730);
#14729 = CARTESIAN_POINT('',(-14.,32.96543672856,-63.86936359707));
#14730 = VECTOR('',#14731,1.);
#14731 = DIRECTION('',(1.,0.,0.));
#14732 = PCURVE('',#5850,#14733);
#14733 = DEFINITIONAL_REPRESENTATION('',(#14734),#14738);
#14734 = LINE('',#14735,#14736);
#14735 = CARTESIAN_POINT('',(0.,0.));
#14736 = VECTOR('',#14737,1.);
#14737 = DIRECTION('',(0.,-1.));
#14738 = ( GEOMETRIC_REPRESENTATION_CONTEXT(2) 
PARAMETRIC_REPRESENTATION_CONTEXT() REPRESENTATION_CONTEXT('2D SPACE',''
  ) );
#14739 = PCURVE('',#5822,#14740);
#14740 = DEFINITIONAL_REPRESENTATION('',(#14741),#14745);
#14741 = LINE('',#14742,#14743);
#14742 = CARTESIAN_POINT('',(0.752669800767,0.));
#14743 = VECTOR('',#14744,1.);
#14744 = DIRECTION('',(0.,-1.));
#14745 = ( GEOMETRIC_REPRESENTATION_CONTEXT(2) 
PARAMETRIC_REPRESENTATION_CONTEXT() REPRESENTATION_CONTEXT('2D SPACE',''
  ) );
#14746 = ORIENTED_EDGE('',*,*,#11640,.T.);
#14747 = ORIENTED_EDGE('',*,*,#14672,.F.);
#14748 = ORIENTED_EDGE('',*,*,#5834,.F.);
#14749 = ADVANCED_FACE('',(#14750),#1370,.F.);
#14750 = FACE_BOUND('',#14751,.F.);
#14751 = EDGE_LOOP('',(#14752,#14753,#14754,#14775));
#14752 = ORIENTED_EDGE('',*,*,#14701,.T.);
#14753 = ORIENTED_EDGE('',*,*,#7960,.T.);
#14754 = ORIENTED_EDGE('',*,*,#14755,.F.);
#14755 = EDGE_CURVE('',#1355,#7961,#14756,.T.);
#14756 = SURFACE_CURVE('',#14757,(#14761,#14768),.PCURVE_S1.);
#14757 = LINE('',#14758,#14759);
#14758 = CARTESIAN_POINT('',(-14.,40.285844053105,66.206500956695));
#14759 = VECTOR('',#14760,1.);
#14760 = DIRECTION('',(1.,0.,0.));
#14761 = PCURVE('',#1370,#14762);
#14762 = DEFINITIONAL_REPRESENTATION('',(#14763),#14767);
#14763 = LINE('',#14764,#14765);
#14764 = CARTESIAN_POINT('',(5.905241890921,0.));
#14765 = VECTOR('',#14766,1.);
#14766 = DIRECTION('',(0.,-1.));
#14767 = ( GEOMETRIC_REPRESENTATION_CONTEXT(2) 
PARAMETRIC_REPRESENTATION_CONTEXT() REPRESENTATION_CONTEXT('2D SPACE',''
  ) );
#14768 = PCURVE('',#1398,#14769);
#14769 = DEFINITIONAL_REPRESENTATION('',(#14770),#14774);
#14770 = LINE('',#14771,#14772);
#14771 = CARTESIAN_POINT('',(0.,0.));
#14772 = VECTOR('',#14773,1.);
#14773 = DIRECTION('',(0.,-1.));
#14774 = ( GEOMETRIC_REPRESENTATION_CONTEXT(2) 
PARAMETRIC_REPRESENTATION_CONTEXT() REPRESENTATION_CONTEXT('2D SPACE',''
  ) );
#14775 = ORIENTED_EDGE('',*,*,#1354,.F.);
#14776 = ADVANCED_FACE('',(#14777),#5822,.F.);
#14777 = FACE_BOUND('',#14778,.F.);
#14778 = EDGE_LOOP('',(#14779,#14800,#14801,#14802));
#14779 = ORIENTED_EDGE('',*,*,#14780,.T.);
#14780 = EDGE_CURVE('',#5779,#11595,#14781,.T.);
#14781 = SURFACE_CURVE('',#14782,(#14786,#14793),.PCURVE_S1.);
#14782 = LINE('',#14783,#14784);
#14783 = CARTESIAN_POINT('',(-14.,32.294803025518,-64.21106853606));
#14784 = VECTOR('',#14785,1.);
#14785 = DIRECTION('',(1.,0.,0.));
#14786 = PCURVE('',#5822,#14787);
#14787 = DEFINITIONAL_REPRESENTATION('',(#14788),#14792);
#14788 = LINE('',#14789,#14790);
#14789 = CARTESIAN_POINT('',(0.,0.));
#14790 = VECTOR('',#14791,1.);
#14791 = DIRECTION('',(0.,-1.));
#14792 = ( GEOMETRIC_REPRESENTATION_CONTEXT(2) 
PARAMETRIC_REPRESENTATION_CONTEXT() REPRESENTATION_CONTEXT('2D SPACE',''
  ) );
#14793 = PCURVE('',#5794,#14794);
#14794 = DEFINITIONAL_REPRESENTATION('',(#14795),#14799);
#14795 = LINE('',#14796,#14797);
#14796 = CARTESIAN_POINT('',(5.905241890921,0.));
#14797 = VECTOR('',#14798,1.);
#14798 = DIRECTION('',(0.,-1.));
#14799 = ( GEOMETRIC_REPRESENTATION_CONTEXT(2) 
PARAMETRIC_REPRESENTATION_CONTEXT() REPRESENTATION_CONTEXT('2D SPACE',''
  ) );
#14800 = ORIENTED_EDGE('',*,*,#11617,.T.);
#14801 = ORIENTED_EDGE('',*,*,#14726,.F.);
#14802 = ORIENTED_EDGE('',*,*,#5806,.F.);
#14803 = ADVANCED_FACE('',(#14804),#1398,.F.);
#14804 = FACE_BOUND('',#14805,.F.);
#14805 = EDGE_LOOP('',(#14806,#14807,#14808,#14829));
#14806 = ORIENTED_EDGE('',*,*,#14755,.T.);
#14807 = ORIENTED_EDGE('',*,*,#7983,.T.);
#14808 = ORIENTED_EDGE('',*,*,#14809,.F.);
#14809 = EDGE_CURVE('',#1383,#7984,#14810,.T.);
#14810 = SURFACE_CURVE('',#14811,(#14815,#14822),.PCURVE_S1.);
#14811 = LINE('',#14812,#14813);
#14812 = CARTESIAN_POINT('',(-14.,37.193589697624,67.991814841235));
#14813 = VECTOR('',#14814,1.);
#14814 = DIRECTION('',(1.,0.,0.));
#14815 = PCURVE('',#1398,#14816);
#14816 = DEFINITIONAL_REPRESENTATION('',(#14817),#14821);
#14817 = LINE('',#14818,#14819);
#14818 = CARTESIAN_POINT('',(3.570627769079,0.));
#14819 = VECTOR('',#14820,1.);
#14820 = DIRECTION('',(0.,-1.));
#14821 = ( GEOMETRIC_REPRESENTATION_CONTEXT(2) 
PARAMETRIC_REPRESENTATION_CONTEXT() REPRESENTATION_CONTEXT('2D SPACE',''
  ) );
#14822 = PCURVE('',#1426,#14823);
#14823 = DEFINITIONAL_REPRESENTATION('',(#14824),#14828);
#14824 = LINE('',#14825,#14826);
#14825 = CARTESIAN_POINT('',(0.,0.));
#14826 = VECTOR('',#14827,1.);
#14827 = DIRECTION('',(0.,-1.));
#14828 = ( GEOMETRIC_REPRESENTATION_CONTEXT(2) 
PARAMETRIC_REPRESENTATION_CONTEXT() REPRESENTATION_CONTEXT('2D SPACE',''
  ) );
#14829 = ORIENTED_EDGE('',*,*,#1382,.F.);
#14830 = ADVANCED_FACE('',(#14831),#5794,.F.);
#14831 = FACE_BOUND('',#14832,.F.);
#14832 = EDGE_LOOP('',(#14833,#14854,#14855,#14856));
#14833 = ORIENTED_EDGE('',*,*,#14834,.T.);
#14834 = EDGE_CURVE('',#5751,#11572,#14835,.T.);
#14835 = SURFACE_CURVE('',#14836,(#14840,#14847),.PCURVE_S1.);
#14836 = LINE('',#14837,#14838);
#14837 = CARTESIAN_POINT('',(-14.,33.144690180873,-70.05483218746));
#14838 = VECTOR('',#14839,1.);
#14839 = DIRECTION('',(1.,0.,0.));
#14840 = PCURVE('',#5794,#14841);
#14841 = DEFINITIONAL_REPRESENTATION('',(#14842),#14846);
#14842 = LINE('',#14843,#14844);
#14843 = CARTESIAN_POINT('',(0.,0.));
#14844 = VECTOR('',#14845,1.);
#14845 = DIRECTION('',(0.,-1.));
#14846 = ( GEOMETRIC_REPRESENTATION_CONTEXT(2) 
PARAMETRIC_REPRESENTATION_CONTEXT() REPRESENTATION_CONTEXT('2D SPACE',''
  ) );
#14847 = PCURVE('',#5766,#14848);
#14848 = DEFINITIONAL_REPRESENTATION('',(#14849),#14853);
#14849 = LINE('',#14850,#14851);
#14850 = CARTESIAN_POINT('',(3.570627769079,0.));
#14851 = VECTOR('',#14852,1.);
#14852 = DIRECTION('',(0.,-1.));
#14853 = ( GEOMETRIC_REPRESENTATION_CONTEXT(2) 
PARAMETRIC_REPRESENTATION_CONTEXT() REPRESENTATION_CONTEXT('2D SPACE',''
  ) );
#14854 = ORIENTED_EDGE('',*,*,#11594,.T.);
#14855 = ORIENTED_EDGE('',*,*,#14780,.F.);
#14856 = ORIENTED_EDGE('',*,*,#5778,.F.);
#14857 = ADVANCED_FACE('',(#14858),#1426,.F.);
#14858 = FACE_BOUND('',#14859,.F.);
#14859 = EDGE_LOOP('',(#14860,#14861,#14862,#14883));
#14860 = ORIENTED_EDGE('',*,*,#14809,.T.);
#14861 = ORIENTED_EDGE('',*,*,#8006,.T.);
#14862 = ORIENTED_EDGE('',*,*,#14863,.F.);
#14863 = EDGE_CURVE('',#1411,#8007,#14864,.T.);
#14864 = SURFACE_CURVE('',#14865,(#14869,#14876),.PCURVE_S1.);
#14865 = LINE('',#14866,#14867);
#14866 = CARTESIAN_POINT('',(-14.,32.96543672856,63.869363597074));
#14867 = VECTOR('',#14868,1.);
#14868 = DIRECTION('',(1.,0.,0.));
#14869 = PCURVE('',#1426,#14870);
#14870 = DEFINITIONAL_REPRESENTATION('',(#14871),#14875);
#14871 = LINE('',#14872,#14873);
#14872 = CARTESIAN_POINT('',(5.905241890921,0.));
#14873 = VECTOR('',#14874,1.);
#14874 = DIRECTION('',(0.,-1.));
#14875 = ( GEOMETRIC_REPRESENTATION_CONTEXT(2) 
PARAMETRIC_REPRESENTATION_CONTEXT() REPRESENTATION_CONTEXT('2D SPACE',''
  ) );
#14876 = PCURVE('',#1454,#14877);
#14877 = DEFINITIONAL_REPRESENTATION('',(#14878),#14882);
#14878 = LINE('',#14879,#14880);
#14879 = CARTESIAN_POINT('',(0.,0.));
#14880 = VECTOR('',#14881,1.);
#14881 = DIRECTION('',(0.,-1.));
#14882 = ( GEOMETRIC_REPRESENTATION_CONTEXT(2) 
PARAMETRIC_REPRESENTATION_CONTEXT() REPRESENTATION_CONTEXT('2D SPACE',''
  ) );
#14883 = ORIENTED_EDGE('',*,*,#1410,.F.);
#14884 = ADVANCED_FACE('',(#14885),#5766,.F.);
#14885 = FACE_BOUND('',#14886,.F.);
#14886 = EDGE_LOOP('',(#14887,#14908,#14909,#14910));
#14887 = ORIENTED_EDGE('',*,*,#14888,.T.);
#14888 = EDGE_CURVE('',#5723,#11549,#14889,.T.);
#14889 = SURFACE_CURVE('',#14890,(#14894,#14901),.PCURVE_S1.);
#14890 = LINE('',#14891,#14892);
#14891 = CARTESIAN_POINT('',(-14.,29.882759401498,-71.50713733993));
#14892 = VECTOR('',#14893,1.);
#14893 = DIRECTION('',(1.,0.,0.));
#14894 = PCURVE('',#5766,#14895);
#14895 = DEFINITIONAL_REPRESENTATION('',(#14896),#14900);
#14896 = LINE('',#14897,#14898);
#14897 = CARTESIAN_POINT('',(0.,0.));
#14898 = VECTOR('',#14899,1.);
#14899 = DIRECTION('',(0.,-1.));
#14900 = ( GEOMETRIC_REPRESENTATION_CONTEXT(2) 
PARAMETRIC_REPRESENTATION_CONTEXT() REPRESENTATION_CONTEXT('2D SPACE',''
  ) );
#14901 = PCURVE('',#5738,#14902);
#14902 = DEFINITIONAL_REPRESENTATION('',(#14903),#14907);
#14903 = LINE('',#14904,#14905);
#14904 = CARTESIAN_POINT('',(5.905241890921,0.));
#14905 = VECTOR('',#14906,1.);
#14906 = DIRECTION('',(0.,-1.));
#14907 = ( GEOMETRIC_REPRESENTATION_CONTEXT(2) 
PARAMETRIC_REPRESENTATION_CONTEXT() REPRESENTATION_CONTEXT('2D SPACE',''
  ) );
#14908 = ORIENTED_EDGE('',*,*,#11571,.T.);
#14909 = ORIENTED_EDGE('',*,*,#14834,.F.);
#14910 = ORIENTED_EDGE('',*,*,#5750,.F.);
#14911 = ADVANCED_FACE('',(#14912),#1454,.F.);
#14912 = FACE_BOUND('',#14913,.F.);
#14913 = EDGE_LOOP('',(#14914,#14915,#14916,#14937));
#14914 = ORIENTED_EDGE('',*,*,#14863,.T.);
#14915 = ORIENTED_EDGE('',*,*,#8029,.T.);
#14916 = ORIENTED_EDGE('',*,*,#14917,.F.);
#14917 = EDGE_CURVE('',#1439,#8030,#14918,.T.);
#14918 = SURFACE_CURVE('',#14919,(#14923,#14930),.PCURVE_S1.);
#14919 = LINE('',#14920,#14921);
#14920 = CARTESIAN_POINT('',(-14.,32.294803025518,64.211068536063));
#14921 = VECTOR('',#14922,1.);
#14922 = DIRECTION('',(1.,0.,0.));
#14923 = PCURVE('',#1454,#14924);
#14924 = DEFINITIONAL_REPRESENTATION('',(#14925),#14929);
#14925 = LINE('',#14926,#14927);
#14926 = CARTESIAN_POINT('',(0.752669800767,0.));
#14927 = VECTOR('',#14928,1.);
#14928 = DIRECTION('',(0.,-1.));
#14929 = ( GEOMETRIC_REPRESENTATION_CONTEXT(2) 
PARAMETRIC_REPRESENTATION_CONTEXT() REPRESENTATION_CONTEXT('2D SPACE',''
  ) );
#14930 = PCURVE('',#1482,#14931);
#14931 = DEFINITIONAL_REPRESENTATION('',(#14932),#14936);
#14932 = LINE('',#14933,#14934);
#14933 = CARTESIAN_POINT('',(0.,0.));
#14934 = VECTOR('',#14935,1.);
#14935 = DIRECTION('',(0.,-1.));
#14936 = ( GEOMETRIC_REPRESENTATION_CONTEXT(2) 
PARAMETRIC_REPRESENTATION_CONTEXT() REPRESENTATION_CONTEXT('2D SPACE',''
  ) );
#14937 = ORIENTED_EDGE('',*,*,#1438,.F.);
#14938 = ADVANCED_FACE('',(#14939),#5738,.F.);
#14939 = FACE_BOUND('',#14940,.F.);
#14940 = EDGE_LOOP('',(#14941,#14962,#14963,#14964));
#14941 = ORIENTED_EDGE('',*,*,#14942,.T.);
#14942 = EDGE_CURVE('',#5695,#11526,#14943,.T.);
#14943 = SURFACE_CURVE('',#14944,(#14948,#14955),.PCURVE_S1.);
#14944 = LINE('',#14945,#14946);
#14945 = CARTESIAN_POINT('',(-14.,26.108682190245,-66.96530698271));
#14946 = VECTOR('',#14947,1.);
#14947 = DIRECTION('',(1.,0.,0.));
#14948 = PCURVE('',#5738,#14949);
#14949 = DEFINITIONAL_REPRESENTATION('',(#14950),#14954);
#14950 = LINE('',#14951,#14952);
#14951 = CARTESIAN_POINT('',(0.,0.));
#14952 = VECTOR('',#14953,1.);
#14953 = DIRECTION('',(0.,-1.));
#14954 = ( GEOMETRIC_REPRESENTATION_CONTEXT(2) 
PARAMETRIC_REPRESENTATION_CONTEXT() REPRESENTATION_CONTEXT('2D SPACE',''
  ) );
#14955 = PCURVE('',#5710,#14956);
#14956 = DEFINITIONAL_REPRESENTATION('',(#14957),#14961);
#14957 = LINE('',#14958,#14959);
#14958 = CARTESIAN_POINT('',(0.752669800767,0.));
#14959 = VECTOR('',#14960,1.);
#14960 = DIRECTION('',(0.,-1.));
#14961 = ( GEOMETRIC_REPRESENTATION_CONTEXT(2) 
PARAMETRIC_REPRESENTATION_CONTEXT() REPRESENTATION_CONTEXT('2D SPACE',''
  ) );
#14962 = ORIENTED_EDGE('',*,*,#11548,.T.);
#14963 = ORIENTED_EDGE('',*,*,#14888,.F.);
#14964 = ORIENTED_EDGE('',*,*,#5722,.F.);
#14965 = ADVANCED_FACE('',(#14966),#1482,.F.);
#14966 = FACE_BOUND('',#14967,.F.);
#14967 = EDGE_LOOP('',(#14968,#14969,#14970,#14991));
#14968 = ORIENTED_EDGE('',*,*,#14917,.T.);
#14969 = ORIENTED_EDGE('',*,*,#8052,.T.);
#14970 = ORIENTED_EDGE('',*,*,#14971,.F.);
#14971 = EDGE_CURVE('',#1467,#8053,#14972,.T.);
#14972 = SURFACE_CURVE('',#14973,(#14977,#14984),.PCURVE_S1.);
#14973 = LINE('',#14974,#14975);
#14974 = CARTESIAN_POINT('',(-14.,33.144690180873,70.054832187465));
#14975 = VECTOR('',#14976,1.);
#14976 = DIRECTION('',(1.,0.,0.));
#14977 = PCURVE('',#1482,#14978);
#14978 = DEFINITIONAL_REPRESENTATION('',(#14979),#14983);
#14979 = LINE('',#14980,#14981);
#14980 = CARTESIAN_POINT('',(5.905241890921,0.));
#14981 = VECTOR('',#14982,1.);
#14982 = DIRECTION('',(0.,-1.));
#14983 = ( GEOMETRIC_REPRESENTATION_CONTEXT(2) 
PARAMETRIC_REPRESENTATION_CONTEXT() REPRESENTATION_CONTEXT('2D SPACE',''
  ) );
#14984 = PCURVE('',#1510,#14985);
#14985 = DEFINITIONAL_REPRESENTATION('',(#14986),#14990);
#14986 = LINE('',#14987,#14988);
#14987 = CARTESIAN_POINT('',(0.,0.));
#14988 = VECTOR('',#14989,1.);
#14989 = DIRECTION('',(0.,-1.));
#14990 = ( GEOMETRIC_REPRESENTATION_CONTEXT(2) 
PARAMETRIC_REPRESENTATION_CONTEXT() REPRESENTATION_CONTEXT('2D SPACE',''
  ) );
#14991 = ORIENTED_EDGE('',*,*,#1466,.F.);
#14992 = ADVANCED_FACE('',(#14993),#5710,.F.);
#14993 = FACE_BOUND('',#14994,.F.);
#14994 = EDGE_LOOP('',(#14995,#15016,#15017,#15018));
#14995 = ORIENTED_EDGE('',*,*,#14996,.T.);
#14996 = EDGE_CURVE('',#5667,#11503,#14997,.T.);
#14997 = SURFACE_CURVE('',#14998,(#15002,#15009),.PCURVE_S1.);
#14998 = LINE('',#14999,#15000);
#14999 = CARTESIAN_POINT('',(-14.,25.406004396634,-67.23503971589));
#15000 = VECTOR('',#15001,1.);
#15001 = DIRECTION('',(1.,0.,0.));
#15002 = PCURVE('',#5710,#15003);
#15003 = DEFINITIONAL_REPRESENTATION('',(#15004),#15008);
#15004 = LINE('',#15005,#15006);
#15005 = CARTESIAN_POINT('',(0.,0.));
#15006 = VECTOR('',#15007,1.);
#15007 = DIRECTION('',(0.,-1.));
#15008 = ( GEOMETRIC_REPRESENTATION_CONTEXT(2) 
PARAMETRIC_REPRESENTATION_CONTEXT() REPRESENTATION_CONTEXT('2D SPACE',''
  ) );
#15009 = PCURVE('',#5682,#15010);
#15010 = DEFINITIONAL_REPRESENTATION('',(#15011),#15015);
#15011 = LINE('',#15012,#15013);
#15012 = CARTESIAN_POINT('',(5.905241890921,0.));
#15013 = VECTOR('',#15014,1.);
#15014 = DIRECTION('',(0.,-1.));
#15015 = ( GEOMETRIC_REPRESENTATION_CONTEXT(2) 
PARAMETRIC_REPRESENTATION_CONTEXT() REPRESENTATION_CONTEXT('2D SPACE',''
  ) );
#15016 = ORIENTED_EDGE('',*,*,#11525,.T.);
#15017 = ORIENTED_EDGE('',*,*,#14942,.F.);
#15018 = ORIENTED_EDGE('',*,*,#5694,.F.);
#15019 = ADVANCED_FACE('',(#15020),#1510,.F.);
#15020 = FACE_BOUND('',#15021,.F.);
#15021 = EDGE_LOOP('',(#15022,#15023,#15024,#15045));
#15022 = ORIENTED_EDGE('',*,*,#14971,.T.);
#15023 = ORIENTED_EDGE('',*,*,#8075,.T.);
#15024 = ORIENTED_EDGE('',*,*,#15025,.F.);
#15025 = EDGE_CURVE('',#1495,#8076,#15026,.T.);
#15026 = SURFACE_CURVE('',#15027,(#15031,#15038),.PCURVE_S1.);
#15027 = LINE('',#15028,#15029);
#15028 = CARTESIAN_POINT('',(-14.,29.882759401498,71.507137339934));
#15029 = VECTOR('',#15030,1.);
#15030 = DIRECTION('',(1.,0.,0.));
#15031 = PCURVE('',#1510,#15032);
#15032 = DEFINITIONAL_REPRESENTATION('',(#15033),#15037);
#15033 = LINE('',#15034,#15035);
#15034 = CARTESIAN_POINT('',(3.570627769079,0.));
#15035 = VECTOR('',#15036,1.);
#15036 = DIRECTION('',(0.,-1.));
#15037 = ( GEOMETRIC_REPRESENTATION_CONTEXT(2) 
PARAMETRIC_REPRESENTATION_CONTEXT() REPRESENTATION_CONTEXT('2D SPACE',''
  ) );
#15038 = PCURVE('',#1538,#15039);
#15039 = DEFINITIONAL_REPRESENTATION('',(#15040),#15044);
#15040 = LINE('',#15041,#15042);
#15041 = CARTESIAN_POINT('',(0.,0.));
#15042 = VECTOR('',#15043,1.);
#15043 = DIRECTION('',(0.,-1.));
#15044 = ( GEOMETRIC_REPRESENTATION_CONTEXT(2) 
PARAMETRIC_REPRESENTATION_CONTEXT() REPRESENTATION_CONTEXT('2D SPACE',''
  ) );
#15045 = ORIENTED_EDGE('',*,*,#1494,.F.);
#15046 = ADVANCED_FACE('',(#15047),#5682,.F.);
#15047 = FACE_BOUND('',#15048,.F.);
#15048 = EDGE_LOOP('',(#15049,#15070,#15071,#15072));
#15049 = ORIENTED_EDGE('',*,*,#15050,.T.);
#15050 = EDGE_CURVE('',#5639,#11480,#15051,.T.);
#15051 = SURFACE_CURVE('',#15052,(#15056,#15063),.PCURVE_S1.);
#15052 = LINE('',#15053,#15054);
#15053 = CARTESIAN_POINT('',(-14.,25.640396147047,-73.13562801687));
#15054 = VECTOR('',#15055,1.);
#15055 = DIRECTION('',(1.,0.,0.));
#15056 = PCURVE('',#5682,#15057);
#15057 = DEFINITIONAL_REPRESENTATION('',(#15058),#15062);
#15058 = LINE('',#15059,#15060);
#15059 = CARTESIAN_POINT('',(0.,0.));
#15060 = VECTOR('',#15061,1.);
#15061 = DIRECTION('',(0.,-1.));
#15062 = ( GEOMETRIC_REPRESENTATION_CONTEXT(2) 
PARAMETRIC_REPRESENTATION_CONTEXT() REPRESENTATION_CONTEXT('2D SPACE',''
  ) );
#15063 = PCURVE('',#5654,#15064);
#15064 = DEFINITIONAL_REPRESENTATION('',(#15065),#15069);
#15065 = LINE('',#15066,#15067);
#15066 = CARTESIAN_POINT('',(3.570627769079,0.));
#15067 = VECTOR('',#15068,1.);
#15068 = DIRECTION('',(0.,-1.));
#15069 = ( GEOMETRIC_REPRESENTATION_CONTEXT(2) 
PARAMETRIC_REPRESENTATION_CONTEXT() REPRESENTATION_CONTEXT('2D SPACE',''
  ) );
#15070 = ORIENTED_EDGE('',*,*,#11502,.T.);
#15071 = ORIENTED_EDGE('',*,*,#14996,.F.);
#15072 = ORIENTED_EDGE('',*,*,#5666,.F.);
#15073 = ADVANCED_FACE('',(#15074),#1538,.F.);
#15074 = FACE_BOUND('',#15075,.F.);
#15075 = EDGE_LOOP('',(#15076,#15077,#15078,#15099));
#15076 = ORIENTED_EDGE('',*,*,#15025,.T.);
#15077 = ORIENTED_EDGE('',*,*,#8098,.T.);
#15078 = ORIENTED_EDGE('',*,*,#15079,.F.);
#15079 = EDGE_CURVE('',#1523,#8099,#15080,.T.);
#15080 = SURFACE_CURVE('',#15081,(#15085,#15092),.PCURVE_S1.);
#15081 = LINE('',#15082,#15083);
#15082 = CARTESIAN_POINT('',(-14.,26.108682190245,66.965306982711));
#15083 = VECTOR('',#15084,1.);
#15084 = DIRECTION('',(1.,0.,0.));
#15085 = PCURVE('',#1538,#15086);
#15086 = DEFINITIONAL_REPRESENTATION('',(#15087),#15091);
#15087 = LINE('',#15088,#15089);
#15088 = CARTESIAN_POINT('',(5.905241890921,0.));
#15089 = VECTOR('',#15090,1.);
#15090 = DIRECTION('',(0.,-1.));
#15091 = ( GEOMETRIC_REPRESENTATION_CONTEXT(2) 
PARAMETRIC_REPRESENTATION_CONTEXT() REPRESENTATION_CONTEXT('2D SPACE',''
  ) );
#15092 = PCURVE('',#1566,#15093);
#15093 = DEFINITIONAL_REPRESENTATION('',(#15094),#15098);
#15094 = LINE('',#15095,#15096);
#15095 = CARTESIAN_POINT('',(0.,0.));
#15096 = VECTOR('',#15097,1.);
#15097 = DIRECTION('',(0.,-1.));
#15098 = ( GEOMETRIC_REPRESENTATION_CONTEXT(2) 
PARAMETRIC_REPRESENTATION_CONTEXT() REPRESENTATION_CONTEXT('2D SPACE',''
  ) );
#15099 = ORIENTED_EDGE('',*,*,#1522,.F.);
#15100 = ADVANCED_FACE('',(#15101),#5654,.F.);
#15101 = FACE_BOUND('',#15102,.F.);
#15102 = EDGE_LOOP('',(#15103,#15124,#15125,#15126));
#15103 = ORIENTED_EDGE('',*,*,#15104,.T.);
#15104 = EDGE_CURVE('',#5611,#11457,#15105,.T.);
#15105 = SURFACE_CURVE('',#15106,(#15110,#15117),.PCURVE_S1.);
#15106 = LINE('',#15107,#15108);
#15107 = CARTESIAN_POINT('',(-14.,22.24452734,-74.2390126781));
#15108 = VECTOR('',#15109,1.);
#15109 = DIRECTION('',(1.,0.,0.));
#15110 = PCURVE('',#5654,#15111);
#15111 = DEFINITIONAL_REPRESENTATION('',(#15112),#15116);
#15112 = LINE('',#15113,#15114);
#15113 = CARTESIAN_POINT('',(0.,0.));
#15114 = VECTOR('',#15115,1.);
#15115 = DIRECTION('',(0.,-1.));
#15116 = ( GEOMETRIC_REPRESENTATION_CONTEXT(2) 
PARAMETRIC_REPRESENTATION_CONTEXT() REPRESENTATION_CONTEXT('2D SPACE',''
  ) );
#15117 = PCURVE('',#5626,#15118);
#15118 = DEFINITIONAL_REPRESENTATION('',(#15119),#15123);
#15119 = LINE('',#15120,#15121);
#15120 = CARTESIAN_POINT('',(5.905241890921,0.));
#15121 = VECTOR('',#15122,1.);
#15122 = DIRECTION('',(0.,-1.));
#15123 = ( GEOMETRIC_REPRESENTATION_CONTEXT(2) 
PARAMETRIC_REPRESENTATION_CONTEXT() REPRESENTATION_CONTEXT('2D SPACE',''
  ) );
#15124 = ORIENTED_EDGE('',*,*,#11479,.T.);
#15125 = ORIENTED_EDGE('',*,*,#15050,.F.);
#15126 = ORIENTED_EDGE('',*,*,#5638,.F.);
#15127 = ADVANCED_FACE('',(#15128),#1566,.F.);
#15128 = FACE_BOUND('',#15129,.F.);
#15129 = EDGE_LOOP('',(#15130,#15131,#15132,#15153));
#15130 = ORIENTED_EDGE('',*,*,#15079,.T.);
#15131 = ORIENTED_EDGE('',*,*,#8121,.T.);
#15132 = ORIENTED_EDGE('',*,*,#15133,.F.);
#15133 = EDGE_CURVE('',#1551,#8122,#15134,.T.);
#15134 = SURFACE_CURVE('',#15135,(#15139,#15146),.PCURVE_S1.);
#15135 = LINE('',#15136,#15137);
#15136 = CARTESIAN_POINT('',(-14.,25.406004396634,67.235039715897));
#15137 = VECTOR('',#15138,1.);
#15138 = DIRECTION('',(1.,0.,0.));
#15139 = PCURVE('',#1566,#15140);
#15140 = DEFINITIONAL_REPRESENTATION('',(#15141),#15145);
#15141 = LINE('',#15142,#15143);
#15142 = CARTESIAN_POINT('',(0.752669800767,0.));
#15143 = VECTOR('',#15144,1.);
#15144 = DIRECTION('',(0.,-1.));
#15145 = ( GEOMETRIC_REPRESENTATION_CONTEXT(2) 
PARAMETRIC_REPRESENTATION_CONTEXT() REPRESENTATION_CONTEXT('2D SPACE',''
  ) );
#15146 = PCURVE('',#1594,#15147);
#15147 = DEFINITIONAL_REPRESENTATION('',(#15148),#15152);
#15148 = LINE('',#15149,#15150);
#15149 = CARTESIAN_POINT('',(0.,0.));
#15150 = VECTOR('',#15151,1.);
#15151 = DIRECTION('',(0.,-1.));
#15152 = ( GEOMETRIC_REPRESENTATION_CONTEXT(2) 
PARAMETRIC_REPRESENTATION_CONTEXT() REPRESENTATION_CONTEXT('2D SPACE',''
  ) );
#15153 = ORIENTED_EDGE('',*,*,#1550,.F.);
#15154 = ADVANCED_FACE('',(#15155),#5626,.F.);
#15155 = FACE_BOUND('',#15156,.F.);
#15156 = EDGE_LOOP('',(#15157,#15178,#15179,#15180));
#15157 = ORIENTED_EDGE('',*,*,#15158,.T.);
#15158 = EDGE_CURVE('',#5583,#11434,#15159,.T.);
#15159 = SURFACE_CURVE('',#15160,(#15164,#15171),.PCURVE_S1.);
#15160 = LINE('',#15161,#15162);
#15161 = CARTESIAN_POINT('',(-14.,18.965875466261,-69.32756445165));
#15162 = VECTOR('',#15163,1.);
#15163 = DIRECTION('',(1.,0.,0.));
#15164 = PCURVE('',#5626,#15165);
#15165 = DEFINITIONAL_REPRESENTATION('',(#15166),#15170);
#15166 = LINE('',#15167,#15168);
#15167 = CARTESIAN_POINT('',(0.,0.));
#15168 = VECTOR('',#15169,1.);
#15169 = DIRECTION('',(0.,-1.));
#15170 = ( GEOMETRIC_REPRESENTATION_CONTEXT(2) 
PARAMETRIC_REPRESENTATION_CONTEXT() REPRESENTATION_CONTEXT('2D SPACE',''
  ) );
#15171 = PCURVE('',#5598,#15172);
#15172 = DEFINITIONAL_REPRESENTATION('',(#15173),#15177);
#15173 = LINE('',#15174,#15175);
#15174 = CARTESIAN_POINT('',(0.752669800767,0.));
#15175 = VECTOR('',#15176,1.);
#15176 = DIRECTION('',(0.,-1.));
#15177 = ( GEOMETRIC_REPRESENTATION_CONTEXT(2) 
PARAMETRIC_REPRESENTATION_CONTEXT() REPRESENTATION_CONTEXT('2D SPACE',''
  ) );
#15178 = ORIENTED_EDGE('',*,*,#11456,.T.);
#15179 = ORIENTED_EDGE('',*,*,#15104,.F.);
#15180 = ORIENTED_EDGE('',*,*,#5610,.F.);
#15181 = ADVANCED_FACE('',(#15182),#1594,.F.);
#15182 = FACE_BOUND('',#15183,.F.);
#15183 = EDGE_LOOP('',(#15184,#15185,#15186,#15207));
#15184 = ORIENTED_EDGE('',*,*,#15133,.T.);
#15185 = ORIENTED_EDGE('',*,*,#8144,.T.);
#15186 = ORIENTED_EDGE('',*,*,#15187,.F.);
#15187 = EDGE_CURVE('',#1579,#8145,#15188,.T.);
#15188 = SURFACE_CURVE('',#15189,(#15193,#15200),.PCURVE_S1.);
#15189 = LINE('',#15190,#15191);
#15190 = CARTESIAN_POINT('',(-14.,25.640396147047,73.135628016874));
#15191 = VECTOR('',#15192,1.);
#15192 = DIRECTION('',(1.,0.,0.));
#15193 = PCURVE('',#1594,#15194);
#15194 = DEFINITIONAL_REPRESENTATION('',(#15195),#15199);
#15195 = LINE('',#15196,#15197);
#15196 = CARTESIAN_POINT('',(5.905241890921,0.));
#15197 = VECTOR('',#15198,1.);
#15198 = DIRECTION('',(0.,-1.));
#15199 = ( GEOMETRIC_REPRESENTATION_CONTEXT(2) 
PARAMETRIC_REPRESENTATION_CONTEXT() REPRESENTATION_CONTEXT('2D SPACE',''
  ) );
#15200 = PCURVE('',#1622,#15201);
#15201 = DEFINITIONAL_REPRESENTATION('',(#15202),#15206);
#15202 = LINE('',#15203,#15204);
#15203 = CARTESIAN_POINT('',(0.,0.));
#15204 = VECTOR('',#15205,1.);
#15205 = DIRECTION('',(0.,-1.));
#15206 = ( GEOMETRIC_REPRESENTATION_CONTEXT(2) 
PARAMETRIC_REPRESENTATION_CONTEXT() REPRESENTATION_CONTEXT('2D SPACE',''
  ) );
#15207 = ORIENTED_EDGE('',*,*,#1578,.F.);
#15208 = ADVANCED_FACE('',(#15209),#5598,.F.);
#15209 = FACE_BOUND('',#15210,.F.);
#15210 = EDGE_LOOP('',(#15211,#15232,#15233,#15234));
#15211 = ORIENTED_EDGE('',*,*,#15212,.T.);
#15212 = EDGE_CURVE('',#5555,#11411,#15213,.T.);
#15213 = SURFACE_CURVE('',#15214,(#15218,#15225),.PCURVE_S1.);
#15214 = LINE('',#15215,#15216);
#15215 = CARTESIAN_POINT('',(-14.,18.238852267033,-69.52236973076));
#15216 = VECTOR('',#15217,1.);
#15217 = DIRECTION('',(1.,0.,0.));
#15218 = PCURVE('',#5598,#15219);
#15219 = DEFINITIONAL_REPRESENTATION('',(#15220),#15224);
#15220 = LINE('',#15221,#15222);
#15221 = CARTESIAN_POINT('',(0.,0.));
#15222 = VECTOR('',#15223,1.);
#15223 = DIRECTION('',(0.,-1.));
#15224 = ( GEOMETRIC_REPRESENTATION_CONTEXT(2) 
PARAMETRIC_REPRESENTATION_CONTEXT() REPRESENTATION_CONTEXT('2D SPACE',''
  ) );
#15225 = PCURVE('',#5570,#15226);
#15226 = DEFINITIONAL_REPRESENTATION('',(#15227),#15231);
#15227 = LINE('',#15228,#15229);
#15228 = CARTESIAN_POINT('',(5.905241890921,0.));
#15229 = VECTOR('',#15230,1.);
#15230 = DIRECTION('',(0.,-1.));
#15231 = ( GEOMETRIC_REPRESENTATION_CONTEXT(2) 
PARAMETRIC_REPRESENTATION_CONTEXT() REPRESENTATION_CONTEXT('2D SPACE',''
  ) );
#15232 = ORIENTED_EDGE('',*,*,#11433,.T.);
#15233 = ORIENTED_EDGE('',*,*,#15158,.F.);
#15234 = ORIENTED_EDGE('',*,*,#5582,.F.);
#15235 = ADVANCED_FACE('',(#15236),#1622,.F.);
#15236 = FACE_BOUND('',#15237,.F.);
#15237 = EDGE_LOOP('',(#15238,#15239,#15240,#15261));
#15238 = ORIENTED_EDGE('',*,*,#15187,.T.);
#15239 = ORIENTED_EDGE('',*,*,#8167,.T.);
#15240 = ORIENTED_EDGE('',*,*,#15241,.F.);
#15241 = EDGE_CURVE('',#1607,#8168,#15242,.T.);
#15242 = SURFACE_CURVE('',#15243,(#15247,#15254),.PCURVE_S1.);
#15243 = LINE('',#15244,#15245);
#15244 = CARTESIAN_POINT('',(-14.,22.24452734,74.239012678106));
#15245 = VECTOR('',#15246,1.);
#15246 = DIRECTION('',(1.,0.,0.));
#15247 = PCURVE('',#1622,#15248);
#15248 = DEFINITIONAL_REPRESENTATION('',(#15249),#15253);
#15249 = LINE('',#15250,#15251);
#15250 = CARTESIAN_POINT('',(3.570627769079,0.));
#15251 = VECTOR('',#15252,1.);
#15252 = DIRECTION('',(0.,-1.));
#15253 = ( GEOMETRIC_REPRESENTATION_CONTEXT(2) 
PARAMETRIC_REPRESENTATION_CONTEXT() REPRESENTATION_CONTEXT('2D SPACE',''
  ) );
#15254 = PCURVE('',#1650,#15255);
#15255 = DEFINITIONAL_REPRESENTATION('',(#15256),#15260);
#15256 = LINE('',#15257,#15258);
#15257 = CARTESIAN_POINT('',(0.,0.));
#15258 = VECTOR('',#15259,1.);
#15259 = DIRECTION('',(0.,-1.));
#15260 = ( GEOMETRIC_REPRESENTATION_CONTEXT(2) 
PARAMETRIC_REPRESENTATION_CONTEXT() REPRESENTATION_CONTEXT('2D SPACE',''
  ) );
#15261 = ORIENTED_EDGE('',*,*,#1606,.F.);
#15262 = ADVANCED_FACE('',(#15263),#5570,.F.);
#15263 = FACE_BOUND('',#15264,.F.);
#15264 = EDGE_LOOP('',(#15265,#15286,#15287,#15288));
#15265 = ORIENTED_EDGE('',*,*,#15266,.T.);
#15266 = EDGE_CURVE('',#5527,#11388,#15267,.T.);
#15267 = SURFACE_CURVE('',#15268,(#15272,#15279),.PCURVE_S1.);
#15268 = LINE('',#15269,#15270);
#15269 = CARTESIAN_POINT('',(-14.,17.855180567436,-75.41513460111));
#15270 = VECTOR('',#15271,1.);
#15271 = DIRECTION('',(1.,0.,0.));
#15272 = PCURVE('',#5570,#15273);
#15273 = DEFINITIONAL_REPRESENTATION('',(#15274),#15278);
#15274 = LINE('',#15275,#15276);
#15275 = CARTESIAN_POINT('',(0.,0.));
#15276 = VECTOR('',#15277,1.);
#15277 = DIRECTION('',(0.,-1.));
#15278 = ( GEOMETRIC_REPRESENTATION_CONTEXT(2) 
PARAMETRIC_REPRESENTATION_CONTEXT() REPRESENTATION_CONTEXT('2D SPACE',''
  ) );
#15279 = PCURVE('',#5542,#15280);
#15280 = DEFINITIONAL_REPRESENTATION('',(#15281),#15285);
#15281 = LINE('',#15282,#15283);
#15282 = CARTESIAN_POINT('',(3.570627769079,0.));
#15283 = VECTOR('',#15284,1.);
#15284 = DIRECTION('',(0.,-1.));
#15285 = ( GEOMETRIC_REPRESENTATION_CONTEXT(2) 
PARAMETRIC_REPRESENTATION_CONTEXT() REPRESENTATION_CONTEXT('2D SPACE',''
  ) );
#15286 = ORIENTED_EDGE('',*,*,#11410,.T.);
#15287 = ORIENTED_EDGE('',*,*,#15212,.F.);
#15288 = ORIENTED_EDGE('',*,*,#5554,.F.);
#15289 = ADVANCED_FACE('',(#15290),#1650,.F.);
#15290 = FACE_BOUND('',#15291,.F.);
#15291 = EDGE_LOOP('',(#15292,#15293,#15294,#15315));
#15292 = ORIENTED_EDGE('',*,*,#15241,.T.);
#15293 = ORIENTED_EDGE('',*,*,#8190,.T.);
#15294 = ORIENTED_EDGE('',*,*,#15295,.F.);
#15295 = EDGE_CURVE('',#1635,#8191,#15296,.T.);
#15296 = SURFACE_CURVE('',#15297,(#15301,#15308),.PCURVE_S1.);
#15297 = LINE('',#15298,#15299);
#15298 = CARTESIAN_POINT('',(-14.,18.965875466261,69.327564451654));
#15299 = VECTOR('',#15300,1.);
#15300 = DIRECTION('',(1.,0.,0.));
#15301 = PCURVE('',#1650,#15302);
#15302 = DEFINITIONAL_REPRESENTATION('',(#15303),#15307);
#15303 = LINE('',#15304,#15305);
#15304 = CARTESIAN_POINT('',(5.905241890921,0.));
#15305 = VECTOR('',#15306,1.);
#15306 = DIRECTION('',(0.,-1.));
#15307 = ( GEOMETRIC_REPRESENTATION_CONTEXT(2) 
PARAMETRIC_REPRESENTATION_CONTEXT() REPRESENTATION_CONTEXT('2D SPACE',''
  ) );
#15308 = PCURVE('',#1678,#15309);
#15309 = DEFINITIONAL_REPRESENTATION('',(#15310),#15314);
#15310 = LINE('',#15311,#15312);
#15311 = CARTESIAN_POINT('',(0.,0.));
#15312 = VECTOR('',#15313,1.);
#15313 = DIRECTION('',(0.,-1.));
#15314 = ( GEOMETRIC_REPRESENTATION_CONTEXT(2) 
PARAMETRIC_REPRESENTATION_CONTEXT() REPRESENTATION_CONTEXT('2D SPACE',''
  ) );
#15315 = ORIENTED_EDGE('',*,*,#1634,.F.);
#15316 = ADVANCED_FACE('',(#15317),#5542,.F.);
#15317 = FACE_BOUND('',#15318,.F.);
#15318 = EDGE_LOOP('',(#15319,#15340,#15341,#15342));
#15319 = ORIENTED_EDGE('',*,*,#15320,.T.);
#15320 = EDGE_CURVE('',#5499,#11365,#15321,.T.);
#15321 = SURFACE_CURVE('',#15322,(#15326,#15333),.PCURVE_S1.);
#15322 = LINE('',#15323,#15324);
#15323 = CARTESIAN_POINT('',(-14.,14.362579581998,-76.15750985786));
#15324 = VECTOR('',#15325,1.);
#15325 = DIRECTION('',(1.,0.,0.));
#15326 = PCURVE('',#5542,#15327);
#15327 = DEFINITIONAL_REPRESENTATION('',(#15328),#15332);
#15328 = LINE('',#15329,#15330);
#15329 = CARTESIAN_POINT('',(0.,0.));
#15330 = VECTOR('',#15331,1.);
#15331 = DIRECTION('',(0.,-1.));
#15332 = ( GEOMETRIC_REPRESENTATION_CONTEXT(2) 
PARAMETRIC_REPRESENTATION_CONTEXT() REPRESENTATION_CONTEXT('2D SPACE',''
  ) );
#15333 = PCURVE('',#5514,#15334);
#15334 = DEFINITIONAL_REPRESENTATION('',(#15335),#15339);
#15335 = LINE('',#15336,#15337);
#15336 = CARTESIAN_POINT('',(5.905241890921,0.));
#15337 = VECTOR('',#15338,1.);
#15338 = DIRECTION('',(0.,-1.));
#15339 = ( GEOMETRIC_REPRESENTATION_CONTEXT(2) 
PARAMETRIC_REPRESENTATION_CONTEXT() REPRESENTATION_CONTEXT('2D SPACE',''
  ) );
#15340 = ORIENTED_EDGE('',*,*,#11387,.T.);
#15341 = ORIENTED_EDGE('',*,*,#15266,.F.);
#15342 = ORIENTED_EDGE('',*,*,#5526,.F.);
#15343 = ADVANCED_FACE('',(#15344),#1678,.F.);
#15344 = FACE_BOUND('',#15345,.F.);
#15345 = EDGE_LOOP('',(#15346,#15347,#15348,#15369));
#15346 = ORIENTED_EDGE('',*,*,#15295,.T.);
#15347 = ORIENTED_EDGE('',*,*,#8213,.T.);
#15348 = ORIENTED_EDGE('',*,*,#15349,.F.);
#15349 = EDGE_CURVE('',#1663,#8214,#15350,.T.);
#15350 = SURFACE_CURVE('',#15351,(#15355,#15362),.PCURVE_S1.);
#15351 = LINE('',#15352,#15353);
#15352 = CARTESIAN_POINT('',(-14.,18.238852267033,69.522369730766));
#15353 = VECTOR('',#15354,1.);
#15354 = DIRECTION('',(1.,0.,0.));
#15355 = PCURVE('',#1678,#15356);
#15356 = DEFINITIONAL_REPRESENTATION('',(#15357),#15361);
#15357 = LINE('',#15358,#15359);
#15358 = CARTESIAN_POINT('',(0.752669800767,0.));
#15359 = VECTOR('',#15360,1.);
#15360 = DIRECTION('',(0.,-1.));
#15361 = ( GEOMETRIC_REPRESENTATION_CONTEXT(2) 
PARAMETRIC_REPRESENTATION_CONTEXT() REPRESENTATION_CONTEXT('2D SPACE',''
  ) );
#15362 = PCURVE('',#1706,#15363);
#15363 = DEFINITIONAL_REPRESENTATION('',(#15364),#15368);
#15364 = LINE('',#15365,#15366);
#15365 = CARTESIAN_POINT('',(0.,0.));
#15366 = VECTOR('',#15367,1.);
#15367 = DIRECTION('',(0.,-1.));
#15368 = ( GEOMETRIC_REPRESENTATION_CONTEXT(2) 
PARAMETRIC_REPRESENTATION_CONTEXT() REPRESENTATION_CONTEXT('2D SPACE',''
  ) );
#15369 = ORIENTED_EDGE('',*,*,#1662,.F.);
#15370 = ADVANCED_FACE('',(#15371),#5514,.F.);
#15371 = FACE_BOUND('',#15372,.F.);
#15372 = EDGE_LOOP('',(#15373,#15394,#15395,#15396));
#15373 = ORIENTED_EDGE('',*,*,#15374,.T.);
#15374 = EDGE_CURVE('',#5471,#11342,#15375,.T.);
#15375 = SURFACE_CURVE('',#15376,(#15380,#15387),.PCURVE_S1.);
#15376 = LINE('',#15377,#15378);
#15377 = CARTESIAN_POINT('',(-14.,11.615274641804,-70.93025461673));
#15378 = VECTOR('',#15379,1.);
#15379 = DIRECTION('',(1.,0.,0.));
#15380 = PCURVE('',#5514,#15381);
#15381 = DEFINITIONAL_REPRESENTATION('',(#15382),#15386);
#15382 = LINE('',#15383,#15384);
#15383 = CARTESIAN_POINT('',(0.,0.));
#15384 = VECTOR('',#15385,1.);
#15385 = DIRECTION('',(0.,-1.));
#15386 = ( GEOMETRIC_REPRESENTATION_CONTEXT(2) 
PARAMETRIC_REPRESENTATION_CONTEXT() REPRESENTATION_CONTEXT('2D SPACE',''
  ) );
#15387 = PCURVE('',#5486,#15388);
#15388 = DEFINITIONAL_REPRESENTATION('',(#15389),#15393);
#15389 = LINE('',#15390,#15391);
#15390 = CARTESIAN_POINT('',(0.752669800767,0.));
#15391 = VECTOR('',#15392,1.);
#15392 = DIRECTION('',(0.,-1.));
#15393 = ( GEOMETRIC_REPRESENTATION_CONTEXT(2) 
PARAMETRIC_REPRESENTATION_CONTEXT() REPRESENTATION_CONTEXT('2D SPACE',''
  ) );
#15394 = ORIENTED_EDGE('',*,*,#11364,.T.);
#15395 = ORIENTED_EDGE('',*,*,#15320,.F.);
#15396 = ORIENTED_EDGE('',*,*,#5498,.F.);
#15397 = ADVANCED_FACE('',(#15398),#1706,.F.);
#15398 = FACE_BOUND('',#15399,.F.);
#15399 = EDGE_LOOP('',(#15400,#15401,#15402,#15423));
#15400 = ORIENTED_EDGE('',*,*,#15349,.T.);
#15401 = ORIENTED_EDGE('',*,*,#8236,.T.);
#15402 = ORIENTED_EDGE('',*,*,#15403,.F.);
#15403 = EDGE_CURVE('',#1691,#8237,#15404,.T.);
#15404 = SURFACE_CURVE('',#15405,(#15409,#15416),.PCURVE_S1.);
#15405 = LINE('',#15406,#15407);
#15406 = CARTESIAN_POINT('',(-14.,17.855180567436,75.415134601115));
#15407 = VECTOR('',#15408,1.);
#15408 = DIRECTION('',(1.,0.,0.));
#15409 = PCURVE('',#1706,#15410);
#15410 = DEFINITIONAL_REPRESENTATION('',(#15411),#15415);
#15411 = LINE('',#15412,#15413);
#15412 = CARTESIAN_POINT('',(5.905241890921,0.));
#15413 = VECTOR('',#15414,1.);
#15414 = DIRECTION('',(0.,-1.));
#15415 = ( GEOMETRIC_REPRESENTATION_CONTEXT(2) 
PARAMETRIC_REPRESENTATION_CONTEXT() REPRESENTATION_CONTEXT('2D SPACE',''
  ) );
#15416 = PCURVE('',#1734,#15417);
#15417 = DEFINITIONAL_REPRESENTATION('',(#15418),#15422);
#15418 = LINE('',#15419,#15420);
#15419 = CARTESIAN_POINT('',(0.,0.));
#15420 = VECTOR('',#15421,1.);
#15421 = DIRECTION('',(0.,-1.));
#15422 = ( GEOMETRIC_REPRESENTATION_CONTEXT(2) 
PARAMETRIC_REPRESENTATION_CONTEXT() REPRESENTATION_CONTEXT('2D SPACE',''
  ) );
#15423 = ORIENTED_EDGE('',*,*,#1690,.F.);
#15424 = ADVANCED_FACE('',(#15425),#5486,.F.);
#15425 = FACE_BOUND('',#15426,.F.);
#15426 = EDGE_LOOP('',(#15427,#15448,#15449,#15450));
#15427 = ORIENTED_EDGE('',*,*,#15428,.T.);
#15428 = EDGE_CURVE('',#5443,#11319,#15429,.T.);
#15429 = SURFACE_CURVE('',#15430,(#15434,#15441),.PCURVE_S1.);
#15430 = LINE('',#15431,#15432);
#15431 = CARTESIAN_POINT('',(-14.,10.871871455269,-71.04799811437));
#15432 = VECTOR('',#15433,1.);
#15433 = DIRECTION('',(1.,0.,0.));
#15434 = PCURVE('',#5486,#15435);
#15435 = DEFINITIONAL_REPRESENTATION('',(#15436),#15440);
#15436 = LINE('',#15437,#15438);
#15437 = CARTESIAN_POINT('',(0.,0.));
#15438 = VECTOR('',#15439,1.);
#15439 = DIRECTION('',(0.,-1.));
#15440 = ( GEOMETRIC_REPRESENTATION_CONTEXT(2) 
PARAMETRIC_REPRESENTATION_CONTEXT() REPRESENTATION_CONTEXT('2D SPACE',''
  ) );
#15441 = PCURVE('',#5458,#15442);
#15442 = DEFINITIONAL_REPRESENTATION('',(#15443),#15447);
#15443 = LINE('',#15444,#15445);
#15444 = CARTESIAN_POINT('',(5.905241890921,0.));
#15445 = VECTOR('',#15446,1.);
#15446 = DIRECTION('',(0.,-1.));
#15447 = ( GEOMETRIC_REPRESENTATION_CONTEXT(2) 
PARAMETRIC_REPRESENTATION_CONTEXT() REPRESENTATION_CONTEXT('2D SPACE',''
  ) );
#15448 = ORIENTED_EDGE('',*,*,#11341,.T.);
#15449 = ORIENTED_EDGE('',*,*,#15374,.F.);
#15450 = ORIENTED_EDGE('',*,*,#5470,.F.);
#15451 = ADVANCED_FACE('',(#15452),#1734,.F.);
#15452 = FACE_BOUND('',#15453,.F.);
#15453 = EDGE_LOOP('',(#15454,#15455,#15456,#15477));
#15454 = ORIENTED_EDGE('',*,*,#15403,.T.);
#15455 = ORIENTED_EDGE('',*,*,#8259,.T.);
#15456 = ORIENTED_EDGE('',*,*,#15457,.F.);
#15457 = EDGE_CURVE('',#1719,#8260,#15458,.T.);
#15458 = SURFACE_CURVE('',#15459,(#15463,#15470),.PCURVE_S1.);
#15459 = LINE('',#15460,#15461);
#15460 = CARTESIAN_POINT('',(-14.,14.362579581998,76.157509857865));
#15461 = VECTOR('',#15462,1.);
#15462 = DIRECTION('',(1.,0.,0.));
#15463 = PCURVE('',#1734,#15464);
#15464 = DEFINITIONAL_REPRESENTATION('',(#15465),#15469);
#15465 = LINE('',#15466,#15467);
#15466 = CARTESIAN_POINT('',(3.570627769079,0.));
#15467 = VECTOR('',#15468,1.);
#15468 = DIRECTION('',(0.,-1.));
#15469 = ( GEOMETRIC_REPRESENTATION_CONTEXT(2) 
PARAMETRIC_REPRESENTATION_CONTEXT() REPRESENTATION_CONTEXT('2D SPACE',''
  ) );
#15470 = PCURVE('',#1762,#15471);
#15471 = DEFINITIONAL_REPRESENTATION('',(#15472),#15476);
#15472 = LINE('',#15473,#15474);
#15473 = CARTESIAN_POINT('',(0.,0.));
#15474 = VECTOR('',#15475,1.);
#15475 = DIRECTION('',(0.,-1.));
#15476 = ( GEOMETRIC_REPRESENTATION_CONTEXT(2) 
PARAMETRIC_REPRESENTATION_CONTEXT() REPRESENTATION_CONTEXT('2D SPACE',''
  ) );
#15477 = ORIENTED_EDGE('',*,*,#1718,.F.);
#15478 = ADVANCED_FACE('',(#15479),#5458,.F.);
#15479 = FACE_BOUND('',#15480,.F.);
#15480 = EDGE_LOOP('',(#15481,#15502,#15503,#15504));
#15481 = ORIENTED_EDGE('',*,*,#15482,.T.);
#15482 = EDGE_CURVE('',#5415,#11296,#15483,.T.);
#15483 = SURFACE_CURVE('',#15484,(#15488,#15495),.PCURVE_S1.);
#15484 = LINE('',#15485,#15486);
#15485 = CARTESIAN_POINT('',(-14.,9.874339893091,-76.86837718903));
#15486 = VECTOR('',#15487,1.);
#15487 = DIRECTION('',(1.,0.,0.));
#15488 = PCURVE('',#5458,#15489);
#15489 = DEFINITIONAL_REPRESENTATION('',(#15490),#15494);
#15490 = LINE('',#15491,#15492);
#15491 = CARTESIAN_POINT('',(0.,0.));
#15492 = VECTOR('',#15493,1.);
#15493 = DIRECTION('',(0.,-1.));
#15494 = ( GEOMETRIC_REPRESENTATION_CONTEXT(2) 
PARAMETRIC_REPRESENTATION_CONTEXT() REPRESENTATION_CONTEXT('2D SPACE',''
  ) );
#15495 = PCURVE('',#5430,#15496);
#15496 = DEFINITIONAL_REPRESENTATION('',(#15497),#15501);
#15497 = LINE('',#15498,#15499);
#15498 = CARTESIAN_POINT('',(3.570627769079,0.));
#15499 = VECTOR('',#15500,1.);
#15500 = DIRECTION('',(0.,-1.));
#15501 = ( GEOMETRIC_REPRESENTATION_CONTEXT(2) 
PARAMETRIC_REPRESENTATION_CONTEXT() REPRESENTATION_CONTEXT('2D SPACE',''
  ) );
#15502 = ORIENTED_EDGE('',*,*,#11318,.T.);
#15503 = ORIENTED_EDGE('',*,*,#15428,.F.);
#15504 = ORIENTED_EDGE('',*,*,#5442,.F.);
#15505 = ADVANCED_FACE('',(#15506),#1762,.F.);
#15506 = FACE_BOUND('',#15507,.F.);
#15507 = EDGE_LOOP('',(#15508,#15509,#15510,#15531));
#15508 = ORIENTED_EDGE('',*,*,#15457,.T.);
#15509 = ORIENTED_EDGE('',*,*,#8282,.T.);
#15510 = ORIENTED_EDGE('',*,*,#15511,.F.);
#15511 = EDGE_CURVE('',#1747,#8283,#15512,.T.);
#15512 = SURFACE_CURVE('',#15513,(#15517,#15524),.PCURVE_S1.);
#15513 = LINE('',#15514,#15515);
#15514 = CARTESIAN_POINT('',(-14.,11.615274641804,70.930254616739));
#15515 = VECTOR('',#15516,1.);
#15516 = DIRECTION('',(1.,0.,0.));
#15517 = PCURVE('',#1762,#15518);
#15518 = DEFINITIONAL_REPRESENTATION('',(#15519),#15523);
#15519 = LINE('',#15520,#15521);
#15520 = CARTESIAN_POINT('',(5.905241890921,0.));
#15521 = VECTOR('',#15522,1.);
#15522 = DIRECTION('',(0.,-1.));
#15523 = ( GEOMETRIC_REPRESENTATION_CONTEXT(2) 
PARAMETRIC_REPRESENTATION_CONTEXT() REPRESENTATION_CONTEXT('2D SPACE',''
  ) );
#15524 = PCURVE('',#1790,#15525);
#15525 = DEFINITIONAL_REPRESENTATION('',(#15526),#15530);
#15526 = LINE('',#15527,#15528);
#15527 = CARTESIAN_POINT('',(0.,0.));
#15528 = VECTOR('',#15529,1.);
#15529 = DIRECTION('',(0.,-1.));
#15530 = ( GEOMETRIC_REPRESENTATION_CONTEXT(2) 
PARAMETRIC_REPRESENTATION_CONTEXT() REPRESENTATION_CONTEXT('2D SPACE',''
  ) );
#15531 = ORIENTED_EDGE('',*,*,#1746,.F.);
#15532 = ADVANCED_FACE('',(#15533),#5430,.F.);
#15533 = FACE_BOUND('',#15534,.F.);
#15534 = EDGE_LOOP('',(#15535,#15556,#15557,#15558));
#15535 = ORIENTED_EDGE('',*,*,#15536,.T.);
#15536 = EDGE_CURVE('',#5387,#11273,#15537,.T.);
#15537 = SURFACE_CURVE('',#15538,(#15542,#15549),.PCURVE_S1.);
#15538 = LINE('',#15539,#15540);
#15539 = CARTESIAN_POINT('',(-14.,6.323272396532,-77.24160942263));
#15540 = VECTOR('',#15541,1.);
#15541 = DIRECTION('',(1.,0.,0.));
#15542 = PCURVE('',#5430,#15543);
#15543 = DEFINITIONAL_REPRESENTATION('',(#15544),#15548);
#15544 = LINE('',#15545,#15546);
#15545 = CARTESIAN_POINT('',(0.,0.));
#15546 = VECTOR('',#15547,1.);
#15547 = DIRECTION('',(0.,-1.));
#15548 = ( GEOMETRIC_REPRESENTATION_CONTEXT(2) 
PARAMETRIC_REPRESENTATION_CONTEXT() REPRESENTATION_CONTEXT('2D SPACE',''
  ) );
#15549 = PCURVE('',#5402,#15550);
#15550 = DEFINITIONAL_REPRESENTATION('',(#15551),#15555);
#15551 = LINE('',#15552,#15553);
#15552 = CARTESIAN_POINT('',(5.905241890921,0.));
#15553 = VECTOR('',#15554,1.);
#15554 = DIRECTION('',(0.,-1.));
#15555 = ( GEOMETRIC_REPRESENTATION_CONTEXT(2) 
PARAMETRIC_REPRESENTATION_CONTEXT() REPRESENTATION_CONTEXT('2D SPACE',''
  ) );
#15556 = ORIENTED_EDGE('',*,*,#11295,.T.);
#15557 = ORIENTED_EDGE('',*,*,#15482,.F.);
#15558 = ORIENTED_EDGE('',*,*,#5414,.F.);
#15559 = ADVANCED_FACE('',(#15560),#1790,.F.);
#15560 = FACE_BOUND('',#15561,.F.);
#15561 = EDGE_LOOP('',(#15562,#15563,#15564,#15585));
#15562 = ORIENTED_EDGE('',*,*,#15511,.T.);
#15563 = ORIENTED_EDGE('',*,*,#8305,.T.);
#15564 = ORIENTED_EDGE('',*,*,#15565,.F.);
#15565 = EDGE_CURVE('',#1775,#8306,#15566,.T.);
#15566 = SURFACE_CURVE('',#15567,(#15571,#15578),.PCURVE_S1.);
#15567 = LINE('',#15568,#15569);
#15568 = CARTESIAN_POINT('',(-14.,10.871871455269,71.047998114374));
#15569 = VECTOR('',#15570,1.);
#15570 = DIRECTION('',(1.,0.,0.));
#15571 = PCURVE('',#1790,#15572);
#15572 = DEFINITIONAL_REPRESENTATION('',(#15573),#15577);
#15573 = LINE('',#15574,#15575);
#15574 = CARTESIAN_POINT('',(0.752669800767,0.));
#15575 = VECTOR('',#15576,1.);
#15576 = DIRECTION('',(0.,-1.));
#15577 = ( GEOMETRIC_REPRESENTATION_CONTEXT(2) 
PARAMETRIC_REPRESENTATION_CONTEXT() REPRESENTATION_CONTEXT('2D SPACE',''
  ) );
#15578 = PCURVE('',#1818,#15579);
#15579 = DEFINITIONAL_REPRESENTATION('',(#15580),#15584);
#15580 = LINE('',#15581,#15582);
#15581 = CARTESIAN_POINT('',(0.,0.));
#15582 = VECTOR('',#15583,1.);
#15583 = DIRECTION('',(0.,-1.));
#15584 = ( GEOMETRIC_REPRESENTATION_CONTEXT(2) 
PARAMETRIC_REPRESENTATION_CONTEXT() REPRESENTATION_CONTEXT('2D SPACE',''
  ) );
#15585 = ORIENTED_EDGE('',*,*,#1774,.F.);
#15586 = ADVANCED_FACE('',(#15587),#5402,.F.);
#15587 = FACE_BOUND('',#15588,.F.);
#15588 = EDGE_LOOP('',(#15589,#15610,#15611,#15612));
#15589 = ORIENTED_EDGE('',*,*,#15590,.T.);
#15590 = EDGE_CURVE('',#5359,#11250,#15591,.T.);
#15591 = SURFACE_CURVE('',#15592,(#15596,#15603),.PCURVE_S1.);
#15592 = LINE('',#15593,#15594);
#15593 = CARTESIAN_POINT('',(-14.,4.137414437719,-71.75581806913));
#15594 = VECTOR('',#15595,1.);
#15595 = DIRECTION('',(1.,0.,0.));
#15596 = PCURVE('',#5402,#15597);
#15597 = DEFINITIONAL_REPRESENTATION('',(#15598),#15602);
#15598 = LINE('',#15599,#15600);
#15599 = CARTESIAN_POINT('',(0.,0.));
#15600 = VECTOR('',#15601,1.);
#15601 = DIRECTION('',(0.,-1.));
#15602 = ( GEOMETRIC_REPRESENTATION_CONTEXT(2) 
PARAMETRIC_REPRESENTATION_CONTEXT() REPRESENTATION_CONTEXT('2D SPACE',''
  ) );
#15603 = PCURVE('',#5374,#15604);
#15604 = DEFINITIONAL_REPRESENTATION('',(#15605),#15609);
#15605 = LINE('',#15606,#15607);
#15606 = CARTESIAN_POINT('',(0.752669800767,0.));
#15607 = VECTOR('',#15608,1.);
#15608 = DIRECTION('',(0.,-1.));
#15609 = ( GEOMETRIC_REPRESENTATION_CONTEXT(2) 
PARAMETRIC_REPRESENTATION_CONTEXT() REPRESENTATION_CONTEXT('2D SPACE',''
  ) );
#15610 = ORIENTED_EDGE('',*,*,#11272,.T.);
#15611 = ORIENTED_EDGE('',*,*,#15536,.F.);
#15612 = ORIENTED_EDGE('',*,*,#5386,.F.);
#15613 = ADVANCED_FACE('',(#15614),#1818,.F.);
#15614 = FACE_BOUND('',#15615,.F.);
#15615 = EDGE_LOOP('',(#15616,#15617,#15618,#15639));
#15616 = ORIENTED_EDGE('',*,*,#15565,.T.);
#15617 = ORIENTED_EDGE('',*,*,#8328,.T.);
#15618 = ORIENTED_EDGE('',*,*,#15619,.F.);
#15619 = EDGE_CURVE('',#1803,#8329,#15620,.T.);
#15620 = SURFACE_CURVE('',#15621,(#15625,#15632),.PCURVE_S1.);
#15621 = LINE('',#15622,#15623);
#15622 = CARTESIAN_POINT('',(-14.,9.874339893091,76.868377189035));
#15623 = VECTOR('',#15624,1.);
#15624 = DIRECTION('',(1.,0.,0.));
#15625 = PCURVE('',#1818,#15626);
#15626 = DEFINITIONAL_REPRESENTATION('',(#15627),#15631);
#15627 = LINE('',#15628,#15629);
#15628 = CARTESIAN_POINT('',(5.905241890921,0.));
#15629 = VECTOR('',#15630,1.);
#15630 = DIRECTION('',(0.,-1.));
#15631 = ( GEOMETRIC_REPRESENTATION_CONTEXT(2) 
PARAMETRIC_REPRESENTATION_CONTEXT() REPRESENTATION_CONTEXT('2D SPACE',''
  ) );
#15632 = PCURVE('',#1846,#15633);
#15633 = DEFINITIONAL_REPRESENTATION('',(#15634),#15638);
#15634 = LINE('',#15635,#15636);
#15635 = CARTESIAN_POINT('',(0.,0.));
#15636 = VECTOR('',#15637,1.);
#15637 = DIRECTION('',(0.,-1.));
#15638 = ( GEOMETRIC_REPRESENTATION_CONTEXT(2) 
PARAMETRIC_REPRESENTATION_CONTEXT() REPRESENTATION_CONTEXT('2D SPACE',''
  ) );
#15639 = ORIENTED_EDGE('',*,*,#1802,.F.);
#15640 = ADVANCED_FACE('',(#15641),#5374,.F.);
#15641 = FACE_BOUND('',#15642,.F.);
#15642 = EDGE_LOOP('',(#15643,#15664,#15665,#15666));
#15643 = ORIENTED_EDGE('',*,*,#15644,.T.);
#15644 = EDGE_CURVE('',#5331,#11227,#15645,.T.);
#15645 = SURFACE_CURVE('',#15646,(#15650,#15657),.PCURVE_S1.);
#15646 = LINE('',#15647,#15648);
#15647 = CARTESIAN_POINT('',(-14.,3.385776144756,-71.79520976289));
#15648 = VECTOR('',#15649,1.);
#15649 = DIRECTION('',(1.,0.,0.));
#15650 = PCURVE('',#5374,#15651);
#15651 = DEFINITIONAL_REPRESENTATION('',(#15652),#15656);
#15652 = LINE('',#15653,#15654);
#15653 = CARTESIAN_POINT('',(0.,0.));
#15654 = VECTOR('',#15655,1.);
#15655 = DIRECTION('',(0.,-1.));
#15656 = ( GEOMETRIC_REPRESENTATION_CONTEXT(2) 
PARAMETRIC_REPRESENTATION_CONTEXT() REPRESENTATION_CONTEXT('2D SPACE',''
  ) );
#15657 = PCURVE('',#5346,#15658);
#15658 = DEFINITIONAL_REPRESENTATION('',(#15659),#15663);
#15659 = LINE('',#15660,#15661);
#15660 = CARTESIAN_POINT('',(5.905241890921,0.));
#15661 = VECTOR('',#15662,1.);
#15662 = DIRECTION('',(0.,-1.));
#15663 = ( GEOMETRIC_REPRESENTATION_CONTEXT(2) 
PARAMETRIC_REPRESENTATION_CONTEXT() REPRESENTATION_CONTEXT('2D SPACE',''
  ) );
#15664 = ORIENTED_EDGE('',*,*,#11249,.T.);
#15665 = ORIENTED_EDGE('',*,*,#15590,.F.);
#15666 = ORIENTED_EDGE('',*,*,#5358,.F.);
#15667 = ADVANCED_FACE('',(#15668),#1846,.F.);
#15668 = FACE_BOUND('',#15669,.F.);
#15669 = EDGE_LOOP('',(#15670,#15671,#15672,#15693));
#15670 = ORIENTED_EDGE('',*,*,#15619,.T.);
#15671 = ORIENTED_EDGE('',*,*,#8351,.T.);
#15672 = ORIENTED_EDGE('',*,*,#15673,.F.);
#15673 = EDGE_CURVE('',#1831,#8352,#15674,.T.);
#15674 = SURFACE_CURVE('',#15675,(#15679,#15686),.PCURVE_S1.);
#15675 = LINE('',#15676,#15677);
#15676 = CARTESIAN_POINT('',(-14.,6.323272396532,77.241609422637));
#15677 = VECTOR('',#15678,1.);
#15678 = DIRECTION('',(1.,0.,0.));
#15679 = PCURVE('',#1846,#15680);
#15680 = DEFINITIONAL_REPRESENTATION('',(#15681),#15685);
#15681 = LINE('',#15682,#15683);
#15682 = CARTESIAN_POINT('',(3.570627769079,0.));
#15683 = VECTOR('',#15684,1.);
#15684 = DIRECTION('',(0.,-1.));
#15685 = ( GEOMETRIC_REPRESENTATION_CONTEXT(2) 
PARAMETRIC_REPRESENTATION_CONTEXT() REPRESENTATION_CONTEXT('2D SPACE',''
  ) );
#15686 = PCURVE('',#1874,#15687);
#15687 = DEFINITIONAL_REPRESENTATION('',(#15688),#15692);
#15688 = LINE('',#15689,#15690);
#15689 = CARTESIAN_POINT('',(0.,0.));
#15690 = VECTOR('',#15691,1.);
#15691 = DIRECTION('',(0.,-1.));
#15692 = ( GEOMETRIC_REPRESENTATION_CONTEXT(2) 
PARAMETRIC_REPRESENTATION_CONTEXT() REPRESENTATION_CONTEXT('2D SPACE',''
  ) );
#15693 = ORIENTED_EDGE('',*,*,#1830,.F.);
#15694 = ADVANCED_FACE('',(#15695),#5346,.F.);
#15695 = FACE_BOUND('',#15696,.F.);
#15696 = EDGE_LOOP('',(#15697,#15718,#15719,#15720));
#15697 = ORIENTED_EDGE('',*,*,#15698,.T.);
#15698 = EDGE_CURVE('',#5303,#11204,#15699,.T.);
#15699 = SURFACE_CURVE('',#15700,(#15704,#15711),.PCURVE_S1.);
#15700 = LINE('',#15701,#15702);
#15701 = CARTESIAN_POINT('',(-14.,1.785313884539,-77.47943375072));
#15702 = VECTOR('',#15703,1.);
#15703 = DIRECTION('',(1.,0.,0.));
#15704 = PCURVE('',#5346,#15705);
#15705 = DEFINITIONAL_REPRESENTATION('',(#15706),#15710);
#15706 = LINE('',#15707,#15708);
#15707 = CARTESIAN_POINT('',(0.,0.));
#15708 = VECTOR('',#15709,1.);
#15709 = DIRECTION('',(0.,-1.));
#15710 = ( GEOMETRIC_REPRESENTATION_CONTEXT(2) 
PARAMETRIC_REPRESENTATION_CONTEXT() REPRESENTATION_CONTEXT('2D SPACE',''
  ) );
#15711 = PCURVE('',#5318,#15712);
#15712 = DEFINITIONAL_REPRESENTATION('',(#15713),#15717);
#15713 = LINE('',#15714,#15715);
#15714 = CARTESIAN_POINT('',(3.570627769079,0.));
#15715 = VECTOR('',#15716,1.);
#15716 = DIRECTION('',(0.,-1.));
#15717 = ( GEOMETRIC_REPRESENTATION_CONTEXT(2) 
PARAMETRIC_REPRESENTATION_CONTEXT() REPRESENTATION_CONTEXT('2D SPACE',''
  ) );
#15718 = ORIENTED_EDGE('',*,*,#11226,.T.);
#15719 = ORIENTED_EDGE('',*,*,#15644,.F.);
#15720 = ORIENTED_EDGE('',*,*,#5330,.F.);
#15721 = ADVANCED_FACE('',(#15722),#1874,.F.);
#15722 = FACE_BOUND('',#15723,.F.);
#15723 = EDGE_LOOP('',(#15724,#15725,#15726,#15747));
#15724 = ORIENTED_EDGE('',*,*,#15673,.T.);
#15725 = ORIENTED_EDGE('',*,*,#8374,.T.);
#15726 = ORIENTED_EDGE('',*,*,#15727,.F.);
#15727 = EDGE_CURVE('',#1859,#8375,#15728,.T.);
#15728 = SURFACE_CURVE('',#15729,(#15733,#15740),.PCURVE_S1.);
#15729 = LINE('',#15730,#15731);
#15730 = CARTESIAN_POINT('',(-14.,4.137414437719,71.755818069133));
#15731 = VECTOR('',#15732,1.);
#15732 = DIRECTION('',(1.,0.,0.));
#15733 = PCURVE('',#1874,#15734);
#15734 = DEFINITIONAL_REPRESENTATION('',(#15735),#15739);
#15735 = LINE('',#15736,#15737);
#15736 = CARTESIAN_POINT('',(5.905241890921,0.));
#15737 = VECTOR('',#15738,1.);
#15738 = DIRECTION('',(0.,-1.));
#15739 = ( GEOMETRIC_REPRESENTATION_CONTEXT(2) 
PARAMETRIC_REPRESENTATION_CONTEXT() REPRESENTATION_CONTEXT('2D SPACE',''
  ) );
#15740 = PCURVE('',#1902,#15741);
#15741 = DEFINITIONAL_REPRESENTATION('',(#15742),#15746);
#15742 = LINE('',#15743,#15744);
#15743 = CARTESIAN_POINT('',(0.,0.));
#15744 = VECTOR('',#15745,1.);
#15745 = DIRECTION('',(0.,-1.));
#15746 = ( GEOMETRIC_REPRESENTATION_CONTEXT(2) 
PARAMETRIC_REPRESENTATION_CONTEXT() REPRESENTATION_CONTEXT('2D SPACE',''
  ) );
#15747 = ORIENTED_EDGE('',*,*,#1858,.F.);
#15748 = ADVANCED_FACE('',(#15749),#5318,.F.);
#15749 = FACE_BOUND('',#15750,.F.);
#15750 = EDGE_LOOP('',(#15751,#15772,#15773,#15774));
#15751 = ORIENTED_EDGE('',*,*,#15752,.T.);
#15752 = EDGE_CURVE('',#5275,#11181,#15753,.T.);
#15753 = SURFACE_CURVE('',#15754,(#15758,#15765),.PCURVE_S1.);
#15754 = LINE('',#15755,#15756);
#15755 = CARTESIAN_POINT('',(-14.,-1.78531388454,-77.47943375072));
#15756 = VECTOR('',#15757,1.);
#15757 = DIRECTION('',(1.,0.,0.));
#15758 = PCURVE('',#5318,#15759);
#15759 = DEFINITIONAL_REPRESENTATION('',(#15760),#15764);
#15760 = LINE('',#15761,#15762);
#15761 = CARTESIAN_POINT('',(0.,0.));
#15762 = VECTOR('',#15763,1.);
#15763 = DIRECTION('',(0.,-1.));
#15764 = ( GEOMETRIC_REPRESENTATION_CONTEXT(2) 
PARAMETRIC_REPRESENTATION_CONTEXT() REPRESENTATION_CONTEXT('2D SPACE',''
  ) );
#15765 = PCURVE('',#5290,#15766);
#15766 = DEFINITIONAL_REPRESENTATION('',(#15767),#15771);
#15767 = LINE('',#15768,#15769);
#15768 = CARTESIAN_POINT('',(5.905241890921,0.));
#15769 = VECTOR('',#15770,1.);
#15770 = DIRECTION('',(0.,-1.));
#15771 = ( GEOMETRIC_REPRESENTATION_CONTEXT(2) 
PARAMETRIC_REPRESENTATION_CONTEXT() REPRESENTATION_CONTEXT('2D SPACE',''
  ) );
#15772 = ORIENTED_EDGE('',*,*,#11203,.T.);
#15773 = ORIENTED_EDGE('',*,*,#15698,.F.);
#15774 = ORIENTED_EDGE('',*,*,#5302,.F.);
#15775 = ADVANCED_FACE('',(#15776),#1902,.F.);
#15776 = FACE_BOUND('',#15777,.F.);
#15777 = EDGE_LOOP('',(#15778,#15779,#15780,#15801));
#15778 = ORIENTED_EDGE('',*,*,#15727,.T.);
#15779 = ORIENTED_EDGE('',*,*,#8397,.T.);
#15780 = ORIENTED_EDGE('',*,*,#15781,.F.);
#15781 = EDGE_CURVE('',#1887,#8398,#15782,.T.);
#15782 = SURFACE_CURVE('',#15783,(#15787,#15794),.PCURVE_S1.);
#15783 = LINE('',#15784,#15785);
#15784 = CARTESIAN_POINT('',(-14.,3.385776144756,71.795209762892));
#15785 = VECTOR('',#15786,1.);
#15786 = DIRECTION('',(1.,0.,0.));
#15787 = PCURVE('',#1902,#15788);
#15788 = DEFINITIONAL_REPRESENTATION('',(#15789),#15793);
#15789 = LINE('',#15790,#15791);
#15790 = CARTESIAN_POINT('',(0.752669800767,0.));
#15791 = VECTOR('',#15792,1.);
#15792 = DIRECTION('',(0.,-1.));
#15793 = ( GEOMETRIC_REPRESENTATION_CONTEXT(2) 
PARAMETRIC_REPRESENTATION_CONTEXT() REPRESENTATION_CONTEXT('2D SPACE',''
  ) );
#15794 = PCURVE('',#1930,#15795);
#15795 = DEFINITIONAL_REPRESENTATION('',(#15796),#15800);
#15796 = LINE('',#15797,#15798);
#15797 = CARTESIAN_POINT('',(0.,0.));
#15798 = VECTOR('',#15799,1.);
#15799 = DIRECTION('',(0.,-1.));
#15800 = ( GEOMETRIC_REPRESENTATION_CONTEXT(2) 
PARAMETRIC_REPRESENTATION_CONTEXT() REPRESENTATION_CONTEXT('2D SPACE',''
  ) );
#15801 = ORIENTED_EDGE('',*,*,#1886,.F.);
#15802 = ADVANCED_FACE('',(#15803),#5290,.F.);
#15803 = FACE_BOUND('',#15804,.F.);
#15804 = EDGE_LOOP('',(#15805,#15826,#15827,#15828));
#15805 = ORIENTED_EDGE('',*,*,#15806,.T.);
#15806 = EDGE_CURVE('',#5247,#11158,#15807,.T.);
#15807 = SURFACE_CURVE('',#15808,(#15812,#15819),.PCURVE_S1.);
#15808 = LINE('',#15809,#15810);
#15809 = CARTESIAN_POINT('',(-14.,-3.385776144756,-71.79520976289));
#15810 = VECTOR('',#15811,1.);
#15811 = DIRECTION('',(1.,0.,0.));
#15812 = PCURVE('',#5290,#15813);
#15813 = DEFINITIONAL_REPRESENTATION('',(#15814),#15818);
#15814 = LINE('',#15815,#15816);
#15815 = CARTESIAN_POINT('',(0.,0.));
#15816 = VECTOR('',#15817,1.);
#15817 = DIRECTION('',(0.,-1.));
#15818 = ( GEOMETRIC_REPRESENTATION_CONTEXT(2) 
PARAMETRIC_REPRESENTATION_CONTEXT() REPRESENTATION_CONTEXT('2D SPACE',''
  ) );
#15819 = PCURVE('',#5262,#15820);
#15820 = DEFINITIONAL_REPRESENTATION('',(#15821),#15825);
#15821 = LINE('',#15822,#15823);
#15822 = CARTESIAN_POINT('',(0.752669800767,0.));
#15823 = VECTOR('',#15824,1.);
#15824 = DIRECTION('',(0.,-1.));
#15825 = ( GEOMETRIC_REPRESENTATION_CONTEXT(2) 
PARAMETRIC_REPRESENTATION_CONTEXT() REPRESENTATION_CONTEXT('2D SPACE',''
  ) );
#15826 = ORIENTED_EDGE('',*,*,#11180,.T.);
#15827 = ORIENTED_EDGE('',*,*,#15752,.F.);
#15828 = ORIENTED_EDGE('',*,*,#5274,.F.);
#15829 = ADVANCED_FACE('',(#15830),#1930,.F.);
#15830 = FACE_BOUND('',#15831,.F.);
#15831 = EDGE_LOOP('',(#15832,#15833,#15834,#15855));
#15832 = ORIENTED_EDGE('',*,*,#15781,.T.);
#15833 = ORIENTED_EDGE('',*,*,#8420,.T.);
#15834 = ORIENTED_EDGE('',*,*,#15835,.F.);
#15835 = EDGE_CURVE('',#1915,#8421,#15836,.T.);
#15836 = SURFACE_CURVE('',#15837,(#15841,#15848),.PCURVE_S1.);
#15837 = LINE('',#15838,#15839);
#15838 = CARTESIAN_POINT('',(-14.,1.785313884539,77.479433750729));
#15839 = VECTOR('',#15840,1.);
#15840 = DIRECTION('',(1.,0.,0.));
#15841 = PCURVE('',#1930,#15842);
#15842 = DEFINITIONAL_REPRESENTATION('',(#15843),#15847);
#15843 = LINE('',#15844,#15845);
#15844 = CARTESIAN_POINT('',(5.905241890921,0.));
#15845 = VECTOR('',#15846,1.);
#15846 = DIRECTION('',(0.,-1.));
#15847 = ( GEOMETRIC_REPRESENTATION_CONTEXT(2) 
PARAMETRIC_REPRESENTATION_CONTEXT() REPRESENTATION_CONTEXT('2D SPACE',''
  ) );
#15848 = PCURVE('',#1958,#15849);
#15849 = DEFINITIONAL_REPRESENTATION('',(#15850),#15854);
#15850 = LINE('',#15851,#15852);
#15851 = CARTESIAN_POINT('',(0.,-0.));
#15852 = VECTOR('',#15853,1.);
#15853 = DIRECTION('',(0.,-1.));
#15854 = ( GEOMETRIC_REPRESENTATION_CONTEXT(2) 
PARAMETRIC_REPRESENTATION_CONTEXT() REPRESENTATION_CONTEXT('2D SPACE',''
  ) );
#15855 = ORIENTED_EDGE('',*,*,#1914,.F.);
#15856 = ADVANCED_FACE('',(#15857),#5262,.F.);
#15857 = FACE_BOUND('',#15858,.F.);
#15858 = EDGE_LOOP('',(#15859,#15880,#15881,#15882));
#15859 = ORIENTED_EDGE('',*,*,#15860,.T.);
#15860 = EDGE_CURVE('',#5219,#11135,#15861,.T.);
#15861 = SURFACE_CURVE('',#15862,(#15866,#15873),.PCURVE_S1.);
#15862 = LINE('',#15863,#15864);
#15863 = CARTESIAN_POINT('',(-14.,-4.137414437719,-71.75581806913));
#15864 = VECTOR('',#15865,1.);
#15865 = DIRECTION('',(1.,0.,0.));
#15866 = PCURVE('',#5262,#15867);
#15867 = DEFINITIONAL_REPRESENTATION('',(#15868),#15872);
#15868 = LINE('',#15869,#15870);
#15869 = CARTESIAN_POINT('',(0.,0.));
#15870 = VECTOR('',#15871,1.);
#15871 = DIRECTION('',(0.,-1.));
#15872 = ( GEOMETRIC_REPRESENTATION_CONTEXT(2) 
PARAMETRIC_REPRESENTATION_CONTEXT() REPRESENTATION_CONTEXT('2D SPACE',''
  ) );
#15873 = PCURVE('',#5234,#15874);
#15874 = DEFINITIONAL_REPRESENTATION('',(#15875),#15879);
#15875 = LINE('',#15876,#15877);
#15876 = CARTESIAN_POINT('',(5.905241890921,0.));
#15877 = VECTOR('',#15878,1.);
#15878 = DIRECTION('',(0.,-1.));
#15879 = ( GEOMETRIC_REPRESENTATION_CONTEXT(2) 
PARAMETRIC_REPRESENTATION_CONTEXT() REPRESENTATION_CONTEXT('2D SPACE',''
  ) );
#15880 = ORIENTED_EDGE('',*,*,#11157,.T.);
#15881 = ORIENTED_EDGE('',*,*,#15806,.F.);
#15882 = ORIENTED_EDGE('',*,*,#5246,.F.);
#15883 = ADVANCED_FACE('',(#15884),#1958,.F.);
#15884 = FACE_BOUND('',#15885,.F.);
#15885 = EDGE_LOOP('',(#15886,#15887,#15888,#15909));
#15886 = ORIENTED_EDGE('',*,*,#15835,.T.);
#15887 = ORIENTED_EDGE('',*,*,#8443,.T.);
#15888 = ORIENTED_EDGE('',*,*,#15889,.F.);
#15889 = EDGE_CURVE('',#1943,#8444,#15890,.T.);
#15890 = SURFACE_CURVE('',#15891,(#15895,#15902),.PCURVE_S1.);
#15891 = LINE('',#15892,#15893);
#15892 = CARTESIAN_POINT('',(-14.,-1.785313884539,77.479433750729));
#15893 = VECTOR('',#15894,1.);
#15894 = DIRECTION('',(1.,0.,0.));
#15895 = PCURVE('',#1958,#15896);
#15896 = DEFINITIONAL_REPRESENTATION('',(#15897),#15901);
#15897 = LINE('',#15898,#15899);
#15898 = CARTESIAN_POINT('',(3.570627769079,0.));
#15899 = VECTOR('',#15900,1.);
#15900 = DIRECTION('',(0.,-1.));
#15901 = ( GEOMETRIC_REPRESENTATION_CONTEXT(2) 
PARAMETRIC_REPRESENTATION_CONTEXT() REPRESENTATION_CONTEXT('2D SPACE',''
  ) );
#15902 = PCURVE('',#1986,#15903);
#15903 = DEFINITIONAL_REPRESENTATION('',(#15904),#15908);
#15904 = LINE('',#15905,#15906);
#15905 = CARTESIAN_POINT('',(0.,0.));
#15906 = VECTOR('',#15907,1.);
#15907 = DIRECTION('',(0.,-1.));
#15908 = ( GEOMETRIC_REPRESENTATION_CONTEXT(2) 
PARAMETRIC_REPRESENTATION_CONTEXT() REPRESENTATION_CONTEXT('2D SPACE',''
  ) );
#15909 = ORIENTED_EDGE('',*,*,#1942,.F.);
#15910 = ADVANCED_FACE('',(#15911),#5234,.F.);
#15911 = FACE_BOUND('',#15912,.F.);
#15912 = EDGE_LOOP('',(#15913,#15934,#15935,#15936));
#15913 = ORIENTED_EDGE('',*,*,#15914,.T.);
#15914 = EDGE_CURVE('',#5191,#11112,#15915,.T.);
#15915 = SURFACE_CURVE('',#15916,(#15920,#15927),.PCURVE_S1.);
#15916 = LINE('',#15917,#15918);
#15917 = CARTESIAN_POINT('',(-14.,-6.323272396532,-77.24160942263));
#15918 = VECTOR('',#15919,1.);
#15919 = DIRECTION('',(1.,0.,0.));
#15920 = PCURVE('',#5234,#15921);
#15921 = DEFINITIONAL_REPRESENTATION('',(#15922),#15926);
#15922 = LINE('',#15923,#15924);
#15923 = CARTESIAN_POINT('',(0.,0.));
#15924 = VECTOR('',#15925,1.);
#15925 = DIRECTION('',(0.,-1.));
#15926 = ( GEOMETRIC_REPRESENTATION_CONTEXT(2) 
PARAMETRIC_REPRESENTATION_CONTEXT() REPRESENTATION_CONTEXT('2D SPACE',''
  ) );
#15927 = PCURVE('',#5206,#15928);
#15928 = DEFINITIONAL_REPRESENTATION('',(#15929),#15933);
#15929 = LINE('',#15930,#15931);
#15930 = CARTESIAN_POINT('',(3.570627769079,0.));
#15931 = VECTOR('',#15932,1.);
#15932 = DIRECTION('',(0.,-1.));
#15933 = ( GEOMETRIC_REPRESENTATION_CONTEXT(2) 
PARAMETRIC_REPRESENTATION_CONTEXT() REPRESENTATION_CONTEXT('2D SPACE',''
  ) );
#15934 = ORIENTED_EDGE('',*,*,#11134,.T.);
#15935 = ORIENTED_EDGE('',*,*,#15860,.F.);
#15936 = ORIENTED_EDGE('',*,*,#5218,.F.);
#15937 = ADVANCED_FACE('',(#15938),#1986,.F.);
#15938 = FACE_BOUND('',#15939,.F.);
#15939 = EDGE_LOOP('',(#15940,#15941,#15942,#15963));
#15940 = ORIENTED_EDGE('',*,*,#15889,.T.);
#15941 = ORIENTED_EDGE('',*,*,#8466,.T.);
#15942 = ORIENTED_EDGE('',*,*,#15943,.F.);
#15943 = EDGE_CURVE('',#1971,#8467,#15944,.T.);
#15944 = SURFACE_CURVE('',#15945,(#15949,#15956),.PCURVE_S1.);
#15945 = LINE('',#15946,#15947);
#15946 = CARTESIAN_POINT('',(-14.,-3.385776144756,71.795209762892));
#15947 = VECTOR('',#15948,1.);
#15948 = DIRECTION('',(1.,0.,0.));
#15949 = PCURVE('',#1986,#15950);
#15950 = DEFINITIONAL_REPRESENTATION('',(#15951),#15955);
#15951 = LINE('',#15952,#15953);
#15952 = CARTESIAN_POINT('',(5.905241890921,0.));
#15953 = VECTOR('',#15954,1.);
#15954 = DIRECTION('',(0.,-1.));
#15955 = ( GEOMETRIC_REPRESENTATION_CONTEXT(2) 
PARAMETRIC_REPRESENTATION_CONTEXT() REPRESENTATION_CONTEXT('2D SPACE',''
  ) );
#15956 = PCURVE('',#2014,#15957);
#15957 = DEFINITIONAL_REPRESENTATION('',(#15958),#15962);
#15958 = LINE('',#15959,#15960);
#15959 = CARTESIAN_POINT('',(0.,0.));
#15960 = VECTOR('',#15961,1.);
#15961 = DIRECTION('',(0.,-1.));
#15962 = ( GEOMETRIC_REPRESENTATION_CONTEXT(2) 
PARAMETRIC_REPRESENTATION_CONTEXT() REPRESENTATION_CONTEXT('2D SPACE',''
  ) );
#15963 = ORIENTED_EDGE('',*,*,#1970,.F.);
#15964 = ADVANCED_FACE('',(#15965),#5206,.F.);
#15965 = FACE_BOUND('',#15966,.F.);
#15966 = EDGE_LOOP('',(#15967,#15988,#15989,#15990));
#15967 = ORIENTED_EDGE('',*,*,#15968,.T.);
#15968 = EDGE_CURVE('',#5163,#11089,#15969,.T.);
#15969 = SURFACE_CURVE('',#15970,(#15974,#15981),.PCURVE_S1.);
#15970 = LINE('',#15971,#15972);
#15971 = CARTESIAN_POINT('',(-14.,-9.874339893091,-76.86837718903));
#15972 = VECTOR('',#15973,1.);
#15973 = DIRECTION('',(1.,0.,0.));
#15974 = PCURVE('',#5206,#15975);
#15975 = DEFINITIONAL_REPRESENTATION('',(#15976),#15980);
#15976 = LINE('',#15977,#15978);
#15977 = CARTESIAN_POINT('',(0.,0.));
#15978 = VECTOR('',#15979,1.);
#15979 = DIRECTION('',(0.,-1.));
#15980 = ( GEOMETRIC_REPRESENTATION_CONTEXT(2) 
PARAMETRIC_REPRESENTATION_CONTEXT() REPRESENTATION_CONTEXT('2D SPACE',''
  ) );
#15981 = PCURVE('',#5178,#15982);
#15982 = DEFINITIONAL_REPRESENTATION('',(#15983),#15987);
#15983 = LINE('',#15984,#15985);
#15984 = CARTESIAN_POINT('',(5.905241890921,0.));
#15985 = VECTOR('',#15986,1.);
#15986 = DIRECTION('',(0.,-1.));
#15987 = ( GEOMETRIC_REPRESENTATION_CONTEXT(2) 
PARAMETRIC_REPRESENTATION_CONTEXT() REPRESENTATION_CONTEXT('2D SPACE',''
  ) );
#15988 = ORIENTED_EDGE('',*,*,#11111,.T.);
#15989 = ORIENTED_EDGE('',*,*,#15914,.F.);
#15990 = ORIENTED_EDGE('',*,*,#5190,.F.);
#15991 = ADVANCED_FACE('',(#15992),#2014,.F.);
#15992 = FACE_BOUND('',#15993,.F.);
#15993 = EDGE_LOOP('',(#15994,#15995,#15996,#16017));
#15994 = ORIENTED_EDGE('',*,*,#15943,.T.);
#15995 = ORIENTED_EDGE('',*,*,#8489,.T.);
#15996 = ORIENTED_EDGE('',*,*,#15997,.F.);
#15997 = EDGE_CURVE('',#1999,#8490,#15998,.T.);
#15998 = SURFACE_CURVE('',#15999,(#16003,#16010),.PCURVE_S1.);
#15999 = LINE('',#16000,#16001);
#16000 = CARTESIAN_POINT('',(-14.,-4.137414437719,71.755818069133));
#16001 = VECTOR('',#16002,1.);
#16002 = DIRECTION('',(1.,0.,0.));
#16003 = PCURVE('',#2014,#16004);
#16004 = DEFINITIONAL_REPRESENTATION('',(#16005),#16009);
#16005 = LINE('',#16006,#16007);
#16006 = CARTESIAN_POINT('',(0.752669800767,0.));
#16007 = VECTOR('',#16008,1.);
#16008 = DIRECTION('',(0.,-1.));
#16009 = ( GEOMETRIC_REPRESENTATION_CONTEXT(2) 
PARAMETRIC_REPRESENTATION_CONTEXT() REPRESENTATION_CONTEXT('2D SPACE',''
  ) );
#16010 = PCURVE('',#2042,#16011);
#16011 = DEFINITIONAL_REPRESENTATION('',(#16012),#16016);
#16012 = LINE('',#16013,#16014);
#16013 = CARTESIAN_POINT('',(0.,0.));
#16014 = VECTOR('',#16015,1.);
#16015 = DIRECTION('',(0.,-1.));
#16016 = ( GEOMETRIC_REPRESENTATION_CONTEXT(2) 
PARAMETRIC_REPRESENTATION_CONTEXT() REPRESENTATION_CONTEXT('2D SPACE',''
  ) );
#16017 = ORIENTED_EDGE('',*,*,#1998,.F.);
#16018 = ADVANCED_FACE('',(#16019),#5178,.F.);
#16019 = FACE_BOUND('',#16020,.F.);
#16020 = EDGE_LOOP('',(#16021,#16042,#16043,#16044));
#16021 = ORIENTED_EDGE('',*,*,#16022,.T.);
#16022 = EDGE_CURVE('',#5135,#11066,#16023,.T.);
#16023 = SURFACE_CURVE('',#16024,(#16028,#16035),.PCURVE_S1.);
#16024 = LINE('',#16025,#16026);
#16025 = CARTESIAN_POINT('',(-14.,-10.87187145526,-71.04799811437));
#16026 = VECTOR('',#16027,1.);
#16027 = DIRECTION('',(1.,0.,0.));
#16028 = PCURVE('',#5178,#16029);
#16029 = DEFINITIONAL_REPRESENTATION('',(#16030),#16034);
#16030 = LINE('',#16031,#16032);
#16031 = CARTESIAN_POINT('',(0.,0.));
#16032 = VECTOR('',#16033,1.);
#16033 = DIRECTION('',(0.,-1.));
#16034 = ( GEOMETRIC_REPRESENTATION_CONTEXT(2) 
PARAMETRIC_REPRESENTATION_CONTEXT() REPRESENTATION_CONTEXT('2D SPACE',''
  ) );
#16035 = PCURVE('',#5150,#16036);
#16036 = DEFINITIONAL_REPRESENTATION('',(#16037),#16041);
#16037 = LINE('',#16038,#16039);
#16038 = CARTESIAN_POINT('',(0.752669800767,0.));
#16039 = VECTOR('',#16040,1.);
#16040 = DIRECTION('',(0.,-1.));
#16041 = ( GEOMETRIC_REPRESENTATION_CONTEXT(2) 
PARAMETRIC_REPRESENTATION_CONTEXT() REPRESENTATION_CONTEXT('2D SPACE',''
  ) );
#16042 = ORIENTED_EDGE('',*,*,#11088,.T.);
#16043 = ORIENTED_EDGE('',*,*,#15968,.F.);
#16044 = ORIENTED_EDGE('',*,*,#5162,.F.);
#16045 = ADVANCED_FACE('',(#16046),#2042,.F.);
#16046 = FACE_BOUND('',#16047,.F.);
#16047 = EDGE_LOOP('',(#16048,#16049,#16050,#16071));
#16048 = ORIENTED_EDGE('',*,*,#15997,.T.);
#16049 = ORIENTED_EDGE('',*,*,#8512,.T.);
#16050 = ORIENTED_EDGE('',*,*,#16051,.F.);
#16051 = EDGE_CURVE('',#2027,#8513,#16052,.T.);
#16052 = SURFACE_CURVE('',#16053,(#16057,#16064),.PCURVE_S1.);
#16053 = LINE('',#16054,#16055);
#16054 = CARTESIAN_POINT('',(-14.,-6.323272396532,77.241609422637));
#16055 = VECTOR('',#16056,1.);
#16056 = DIRECTION('',(1.,0.,0.));
#16057 = PCURVE('',#2042,#16058);
#16058 = DEFINITIONAL_REPRESENTATION('',(#16059),#16063);
#16059 = LINE('',#16060,#16061);
#16060 = CARTESIAN_POINT('',(5.905241890921,0.));
#16061 = VECTOR('',#16062,1.);
#16062 = DIRECTION('',(0.,-1.));
#16063 = ( GEOMETRIC_REPRESENTATION_CONTEXT(2) 
PARAMETRIC_REPRESENTATION_CONTEXT() REPRESENTATION_CONTEXT('2D SPACE',''
  ) );
#16064 = PCURVE('',#2070,#16065);
#16065 = DEFINITIONAL_REPRESENTATION('',(#16066),#16070);
#16066 = LINE('',#16067,#16068);
#16067 = CARTESIAN_POINT('',(0.,0.));
#16068 = VECTOR('',#16069,1.);
#16069 = DIRECTION('',(0.,-1.));
#16070 = ( GEOMETRIC_REPRESENTATION_CONTEXT(2) 
PARAMETRIC_REPRESENTATION_CONTEXT() REPRESENTATION_CONTEXT('2D SPACE',''
  ) );
#16071 = ORIENTED_EDGE('',*,*,#2026,.F.);
#16072 = ADVANCED_FACE('',(#16073),#5150,.F.);
#16073 = FACE_BOUND('',#16074,.F.);
#16074 = EDGE_LOOP('',(#16075,#16096,#16097,#16098));
#16075 = ORIENTED_EDGE('',*,*,#16076,.T.);
#16076 = EDGE_CURVE('',#5107,#11043,#16077,.T.);
#16077 = SURFACE_CURVE('',#16078,(#16082,#16089),.PCURVE_S1.);
#16078 = LINE('',#16079,#16080);
#16079 = CARTESIAN_POINT('',(-14.,-11.6152746418,-70.93025461673));
#16080 = VECTOR('',#16081,1.);
#16081 = DIRECTION('',(1.,0.,0.));
#16082 = PCURVE('',#5150,#16083);
#16083 = DEFINITIONAL_REPRESENTATION('',(#16084),#16088);
#16084 = LINE('',#16085,#16086);
#16085 = CARTESIAN_POINT('',(0.,0.));
#16086 = VECTOR('',#16087,1.);
#16087 = DIRECTION('',(0.,-1.));
#16088 = ( GEOMETRIC_REPRESENTATION_CONTEXT(2) 
PARAMETRIC_REPRESENTATION_CONTEXT() REPRESENTATION_CONTEXT('2D SPACE',''
  ) );
#16089 = PCURVE('',#5122,#16090);
#16090 = DEFINITIONAL_REPRESENTATION('',(#16091),#16095);
#16091 = LINE('',#16092,#16093);
#16092 = CARTESIAN_POINT('',(5.905241890921,0.));
#16093 = VECTOR('',#16094,1.);
#16094 = DIRECTION('',(0.,-1.));
#16095 = ( GEOMETRIC_REPRESENTATION_CONTEXT(2) 
PARAMETRIC_REPRESENTATION_CONTEXT() REPRESENTATION_CONTEXT('2D SPACE',''
  ) );
#16096 = ORIENTED_EDGE('',*,*,#11065,.T.);
#16097 = ORIENTED_EDGE('',*,*,#16022,.F.);
#16098 = ORIENTED_EDGE('',*,*,#5134,.F.);
#16099 = ADVANCED_FACE('',(#16100),#2070,.F.);
#16100 = FACE_BOUND('',#16101,.F.);
#16101 = EDGE_LOOP('',(#16102,#16103,#16104,#16125));
#16102 = ORIENTED_EDGE('',*,*,#16051,.T.);
#16103 = ORIENTED_EDGE('',*,*,#8535,.T.);
#16104 = ORIENTED_EDGE('',*,*,#16105,.F.);
#16105 = EDGE_CURVE('',#2055,#8536,#16106,.T.);
#16106 = SURFACE_CURVE('',#16107,(#16111,#16118),.PCURVE_S1.);
#16107 = LINE('',#16108,#16109);
#16108 = CARTESIAN_POINT('',(-14.,-9.874339893091,76.868377189035));
#16109 = VECTOR('',#16110,1.);
#16110 = DIRECTION('',(1.,0.,0.));
#16111 = PCURVE('',#2070,#16112);
#16112 = DEFINITIONAL_REPRESENTATION('',(#16113),#16117);
#16113 = LINE('',#16114,#16115);
#16114 = CARTESIAN_POINT('',(3.570627769079,0.));
#16115 = VECTOR('',#16116,1.);
#16116 = DIRECTION('',(0.,-1.));
#16117 = ( GEOMETRIC_REPRESENTATION_CONTEXT(2) 
PARAMETRIC_REPRESENTATION_CONTEXT() REPRESENTATION_CONTEXT('2D SPACE',''
  ) );
#16118 = PCURVE('',#2098,#16119);
#16119 = DEFINITIONAL_REPRESENTATION('',(#16120),#16124);
#16120 = LINE('',#16121,#16122);
#16121 = CARTESIAN_POINT('',(0.,0.));
#16122 = VECTOR('',#16123,1.);
#16123 = DIRECTION('',(0.,-1.));
#16124 = ( GEOMETRIC_REPRESENTATION_CONTEXT(2) 
PARAMETRIC_REPRESENTATION_CONTEXT() REPRESENTATION_CONTEXT('2D SPACE',''
  ) );
#16125 = ORIENTED_EDGE('',*,*,#2054,.F.);
#16126 = ADVANCED_FACE('',(#16127),#5122,.F.);
#16127 = FACE_BOUND('',#16128,.F.);
#16128 = EDGE_LOOP('',(#16129,#16150,#16151,#16152));
#16129 = ORIENTED_EDGE('',*,*,#16130,.T.);
#16130 = EDGE_CURVE('',#5079,#11020,#16131,.T.);
#16131 = SURFACE_CURVE('',#16132,(#16136,#16143),.PCURVE_S1.);
#16132 = LINE('',#16133,#16134);
#16133 = CARTESIAN_POINT('',(-14.,-14.36257958199,-76.15750985786));
#16134 = VECTOR('',#16135,1.);
#16135 = DIRECTION('',(1.,0.,0.));
#16136 = PCURVE('',#5122,#16137);
#16137 = DEFINITIONAL_REPRESENTATION('',(#16138),#16142);
#16138 = LINE('',#16139,#16140);
#16139 = CARTESIAN_POINT('',(0.,0.));
#16140 = VECTOR('',#16141,1.);
#16141 = DIRECTION('',(0.,-1.));
#16142 = ( GEOMETRIC_REPRESENTATION_CONTEXT(2) 
PARAMETRIC_REPRESENTATION_CONTEXT() REPRESENTATION_CONTEXT('2D SPACE',''
  ) );
#16143 = PCURVE('',#5094,#16144);
#16144 = DEFINITIONAL_REPRESENTATION('',(#16145),#16149);
#16145 = LINE('',#16146,#16147);
#16146 = CARTESIAN_POINT('',(3.570627769079,0.));
#16147 = VECTOR('',#16148,1.);
#16148 = DIRECTION('',(0.,-1.));
#16149 = ( GEOMETRIC_REPRESENTATION_CONTEXT(2) 
PARAMETRIC_REPRESENTATION_CONTEXT() REPRESENTATION_CONTEXT('2D SPACE',''
  ) );
#16150 = ORIENTED_EDGE('',*,*,#11042,.T.);
#16151 = ORIENTED_EDGE('',*,*,#16076,.F.);
#16152 = ORIENTED_EDGE('',*,*,#5106,.F.);
#16153 = ADVANCED_FACE('',(#16154),#2098,.F.);
#16154 = FACE_BOUND('',#16155,.F.);
#16155 = EDGE_LOOP('',(#16156,#16157,#16158,#16179));
#16156 = ORIENTED_EDGE('',*,*,#16105,.T.);
#16157 = ORIENTED_EDGE('',*,*,#8558,.T.);
#16158 = ORIENTED_EDGE('',*,*,#16159,.F.);
#16159 = EDGE_CURVE('',#2083,#8559,#16160,.T.);
#16160 = SURFACE_CURVE('',#16161,(#16165,#16172),.PCURVE_S1.);
#16161 = LINE('',#16162,#16163);
#16162 = CARTESIAN_POINT('',(-14.,-10.87187145526,71.047998114374));
#16163 = VECTOR('',#16164,1.);
#16164 = DIRECTION('',(1.,0.,0.));
#16165 = PCURVE('',#2098,#16166);
#16166 = DEFINITIONAL_REPRESENTATION('',(#16167),#16171);
#16167 = LINE('',#16168,#16169);
#16168 = CARTESIAN_POINT('',(5.905241890921,0.));
#16169 = VECTOR('',#16170,1.);
#16170 = DIRECTION('',(0.,-1.));
#16171 = ( GEOMETRIC_REPRESENTATION_CONTEXT(2) 
PARAMETRIC_REPRESENTATION_CONTEXT() REPRESENTATION_CONTEXT('2D SPACE',''
  ) );
#16172 = PCURVE('',#2126,#16173);
#16173 = DEFINITIONAL_REPRESENTATION('',(#16174),#16178);
#16174 = LINE('',#16175,#16176);
#16175 = CARTESIAN_POINT('',(0.,0.));
#16176 = VECTOR('',#16177,1.);
#16177 = DIRECTION('',(0.,-1.));
#16178 = ( GEOMETRIC_REPRESENTATION_CONTEXT(2) 
PARAMETRIC_REPRESENTATION_CONTEXT() REPRESENTATION_CONTEXT('2D SPACE',''
  ) );
#16179 = ORIENTED_EDGE('',*,*,#2082,.F.);
#16180 = ADVANCED_FACE('',(#16181),#5094,.F.);
#16181 = FACE_BOUND('',#16182,.F.);
#16182 = EDGE_LOOP('',(#16183,#16204,#16205,#16206));
#16183 = ORIENTED_EDGE('',*,*,#16184,.T.);
#16184 = EDGE_CURVE('',#5051,#10997,#16185,.T.);
#16185 = SURFACE_CURVE('',#16186,(#16190,#16197),.PCURVE_S1.);
#16186 = LINE('',#16187,#16188);
#16187 = CARTESIAN_POINT('',(-14.,-17.85518056743,-75.41513460111));
#16188 = VECTOR('',#16189,1.);
#16189 = DIRECTION('',(1.,0.,0.));
#16190 = PCURVE('',#5094,#16191);
#16191 = DEFINITIONAL_REPRESENTATION('',(#16192),#16196);
#16192 = LINE('',#16193,#16194);
#16193 = CARTESIAN_POINT('',(0.,0.));
#16194 = VECTOR('',#16195,1.);
#16195 = DIRECTION('',(0.,-1.));
#16196 = ( GEOMETRIC_REPRESENTATION_CONTEXT(2) 
PARAMETRIC_REPRESENTATION_CONTEXT() REPRESENTATION_CONTEXT('2D SPACE',''
  ) );
#16197 = PCURVE('',#5066,#16198);
#16198 = DEFINITIONAL_REPRESENTATION('',(#16199),#16203);
#16199 = LINE('',#16200,#16201);
#16200 = CARTESIAN_POINT('',(5.905241890921,0.));
#16201 = VECTOR('',#16202,1.);
#16202 = DIRECTION('',(0.,-1.));
#16203 = ( GEOMETRIC_REPRESENTATION_CONTEXT(2) 
PARAMETRIC_REPRESENTATION_CONTEXT() REPRESENTATION_CONTEXT('2D SPACE',''
  ) );
#16204 = ORIENTED_EDGE('',*,*,#11019,.T.);
#16205 = ORIENTED_EDGE('',*,*,#16130,.F.);
#16206 = ORIENTED_EDGE('',*,*,#5078,.F.);
#16207 = ADVANCED_FACE('',(#16208),#2126,.F.);
#16208 = FACE_BOUND('',#16209,.F.);
#16209 = EDGE_LOOP('',(#16210,#16211,#16212,#16233));
#16210 = ORIENTED_EDGE('',*,*,#16159,.T.);
#16211 = ORIENTED_EDGE('',*,*,#8581,.T.);
#16212 = ORIENTED_EDGE('',*,*,#16213,.F.);
#16213 = EDGE_CURVE('',#2111,#8582,#16214,.T.);
#16214 = SURFACE_CURVE('',#16215,(#16219,#16226),.PCURVE_S1.);
#16215 = LINE('',#16216,#16217);
#16216 = CARTESIAN_POINT('',(-14.,-11.6152746418,70.930254616739));
#16217 = VECTOR('',#16218,1.);
#16218 = DIRECTION('',(1.,0.,0.));
#16219 = PCURVE('',#2126,#16220);
#16220 = DEFINITIONAL_REPRESENTATION('',(#16221),#16225);
#16221 = LINE('',#16222,#16223);
#16222 = CARTESIAN_POINT('',(0.752669800767,0.));
#16223 = VECTOR('',#16224,1.);
#16224 = DIRECTION('',(0.,-1.));
#16225 = ( GEOMETRIC_REPRESENTATION_CONTEXT(2) 
PARAMETRIC_REPRESENTATION_CONTEXT() REPRESENTATION_CONTEXT('2D SPACE',''
  ) );
#16226 = PCURVE('',#2154,#16227);
#16227 = DEFINITIONAL_REPRESENTATION('',(#16228),#16232);
#16228 = LINE('',#16229,#16230);
#16229 = CARTESIAN_POINT('',(0.,0.));
#16230 = VECTOR('',#16231,1.);
#16231 = DIRECTION('',(0.,-1.));
#16232 = ( GEOMETRIC_REPRESENTATION_CONTEXT(2) 
PARAMETRIC_REPRESENTATION_CONTEXT() REPRESENTATION_CONTEXT('2D SPACE',''
  ) );
#16233 = ORIENTED_EDGE('',*,*,#2110,.F.);
#16234 = ADVANCED_FACE('',(#16235),#5066,.F.);
#16235 = FACE_BOUND('',#16236,.F.);
#16236 = EDGE_LOOP('',(#16237,#16258,#16259,#16260));
#16237 = ORIENTED_EDGE('',*,*,#16238,.T.);
#16238 = EDGE_CURVE('',#5023,#10974,#16239,.T.);
#16239 = SURFACE_CURVE('',#16240,(#16244,#16251),.PCURVE_S1.);
#16240 = LINE('',#16241,#16242);
#16241 = CARTESIAN_POINT('',(-14.,-18.23885226703,-69.52236973076));
#16242 = VECTOR('',#16243,1.);
#16243 = DIRECTION('',(1.,0.,0.));
#16244 = PCURVE('',#5066,#16245);
#16245 = DEFINITIONAL_REPRESENTATION('',(#16246),#16250);
#16246 = LINE('',#16247,#16248);
#16247 = CARTESIAN_POINT('',(0.,0.));
#16248 = VECTOR('',#16249,1.);
#16249 = DIRECTION('',(0.,-1.));
#16250 = ( GEOMETRIC_REPRESENTATION_CONTEXT(2) 
PARAMETRIC_REPRESENTATION_CONTEXT() REPRESENTATION_CONTEXT('2D SPACE',''
  ) );
#16251 = PCURVE('',#5038,#16252);
#16252 = DEFINITIONAL_REPRESENTATION('',(#16253),#16257);
#16253 = LINE('',#16254,#16255);
#16254 = CARTESIAN_POINT('',(0.752669800767,0.));
#16255 = VECTOR('',#16256,1.);
#16256 = DIRECTION('',(0.,-1.));
#16257 = ( GEOMETRIC_REPRESENTATION_CONTEXT(2) 
PARAMETRIC_REPRESENTATION_CONTEXT() REPRESENTATION_CONTEXT('2D SPACE',''
  ) );
#16258 = ORIENTED_EDGE('',*,*,#10996,.T.);
#16259 = ORIENTED_EDGE('',*,*,#16184,.F.);
#16260 = ORIENTED_EDGE('',*,*,#5050,.F.);
#16261 = ADVANCED_FACE('',(#16262),#2154,.F.);
#16262 = FACE_BOUND('',#16263,.F.);
#16263 = EDGE_LOOP('',(#16264,#16265,#16266,#16287));
#16264 = ORIENTED_EDGE('',*,*,#16213,.T.);
#16265 = ORIENTED_EDGE('',*,*,#8604,.T.);
#16266 = ORIENTED_EDGE('',*,*,#16267,.F.);
#16267 = EDGE_CURVE('',#2139,#8605,#16268,.T.);
#16268 = SURFACE_CURVE('',#16269,(#16273,#16280),.PCURVE_S1.);
#16269 = LINE('',#16270,#16271);
#16270 = CARTESIAN_POINT('',(-14.,-14.36257958199,76.157509857865));
#16271 = VECTOR('',#16272,1.);
#16272 = DIRECTION('',(1.,0.,0.));
#16273 = PCURVE('',#2154,#16274);
#16274 = DEFINITIONAL_REPRESENTATION('',(#16275),#16279);
#16275 = LINE('',#16276,#16277);
#16276 = CARTESIAN_POINT('',(5.905241890921,0.));
#16277 = VECTOR('',#16278,1.);
#16278 = DIRECTION('',(0.,-1.));
#16279 = ( GEOMETRIC_REPRESENTATION_CONTEXT(2) 
PARAMETRIC_REPRESENTATION_CONTEXT() REPRESENTATION_CONTEXT('2D SPACE',''
  ) );
#16280 = PCURVE('',#2182,#16281);
#16281 = DEFINITIONAL_REPRESENTATION('',(#16282),#16286);
#16282 = LINE('',#16283,#16284);
#16283 = CARTESIAN_POINT('',(0.,0.));
#16284 = VECTOR('',#16285,1.);
#16285 = DIRECTION('',(0.,-1.));
#16286 = ( GEOMETRIC_REPRESENTATION_CONTEXT(2) 
PARAMETRIC_REPRESENTATION_CONTEXT() REPRESENTATION_CONTEXT('2D SPACE',''
  ) );
#16287 = ORIENTED_EDGE('',*,*,#2138,.F.);
#16288 = ADVANCED_FACE('',(#16289),#5038,.F.);
#16289 = FACE_BOUND('',#16290,.F.);
#16290 = EDGE_LOOP('',(#16291,#16312,#16313,#16314));
#16291 = ORIENTED_EDGE('',*,*,#16292,.T.);
#16292 = EDGE_CURVE('',#4995,#10951,#16293,.T.);
#16293 = SURFACE_CURVE('',#16294,(#16298,#16305),.PCURVE_S1.);
#16294 = LINE('',#16295,#16296);
#16295 = CARTESIAN_POINT('',(-14.,-18.96587546626,-69.32756445165));
#16296 = VECTOR('',#16297,1.);
#16297 = DIRECTION('',(1.,0.,0.));
#16298 = PCURVE('',#5038,#16299);
#16299 = DEFINITIONAL_REPRESENTATION('',(#16300),#16304);
#16300 = LINE('',#16301,#16302);
#16301 = CARTESIAN_POINT('',(0.,0.));
#16302 = VECTOR('',#16303,1.);
#16303 = DIRECTION('',(0.,-1.));
#16304 = ( GEOMETRIC_REPRESENTATION_CONTEXT(2) 
PARAMETRIC_REPRESENTATION_CONTEXT() REPRESENTATION_CONTEXT('2D SPACE',''
  ) );
#16305 = PCURVE('',#5010,#16306);
#16306 = DEFINITIONAL_REPRESENTATION('',(#16307),#16311);
#16307 = LINE('',#16308,#16309);
#16308 = CARTESIAN_POINT('',(5.905241890921,0.));
#16309 = VECTOR('',#16310,1.);
#16310 = DIRECTION('',(0.,-1.));
#16311 = ( GEOMETRIC_REPRESENTATION_CONTEXT(2) 
PARAMETRIC_REPRESENTATION_CONTEXT() REPRESENTATION_CONTEXT('2D SPACE',''
  ) );
#16312 = ORIENTED_EDGE('',*,*,#10973,.T.);
#16313 = ORIENTED_EDGE('',*,*,#16238,.F.);
#16314 = ORIENTED_EDGE('',*,*,#5022,.F.);
#16315 = ADVANCED_FACE('',(#16316),#2182,.F.);
#16316 = FACE_BOUND('',#16317,.F.);
#16317 = EDGE_LOOP('',(#16318,#16319,#16320,#16341));
#16318 = ORIENTED_EDGE('',*,*,#16267,.T.);
#16319 = ORIENTED_EDGE('',*,*,#8627,.T.);
#16320 = ORIENTED_EDGE('',*,*,#16321,.F.);
#16321 = EDGE_CURVE('',#2167,#8628,#16322,.T.);
#16322 = SURFACE_CURVE('',#16323,(#16327,#16334),.PCURVE_S1.);
#16323 = LINE('',#16324,#16325);
#16324 = CARTESIAN_POINT('',(-14.,-17.85518056743,75.415134601115));
#16325 = VECTOR('',#16326,1.);
#16326 = DIRECTION('',(1.,0.,0.));
#16327 = PCURVE('',#2182,#16328);
#16328 = DEFINITIONAL_REPRESENTATION('',(#16329),#16333);
#16329 = LINE('',#16330,#16331);
#16330 = CARTESIAN_POINT('',(3.570627769079,0.));
#16331 = VECTOR('',#16332,1.);
#16332 = DIRECTION('',(0.,-1.));
#16333 = ( GEOMETRIC_REPRESENTATION_CONTEXT(2) 
PARAMETRIC_REPRESENTATION_CONTEXT() REPRESENTATION_CONTEXT('2D SPACE',''
  ) );
#16334 = PCURVE('',#2210,#16335);
#16335 = DEFINITIONAL_REPRESENTATION('',(#16336),#16340);
#16336 = LINE('',#16337,#16338);
#16337 = CARTESIAN_POINT('',(0.,0.));
#16338 = VECTOR('',#16339,1.);
#16339 = DIRECTION('',(0.,-1.));
#16340 = ( GEOMETRIC_REPRESENTATION_CONTEXT(2) 
PARAMETRIC_REPRESENTATION_CONTEXT() REPRESENTATION_CONTEXT('2D SPACE',''
  ) );
#16341 = ORIENTED_EDGE('',*,*,#2166,.F.);
#16342 = ADVANCED_FACE('',(#16343),#5010,.F.);
#16343 = FACE_BOUND('',#16344,.F.);
#16344 = EDGE_LOOP('',(#16345,#16366,#16367,#16368));
#16345 = ORIENTED_EDGE('',*,*,#16346,.T.);
#16346 = EDGE_CURVE('',#4967,#10928,#16347,.T.);
#16347 = SURFACE_CURVE('',#16348,(#16352,#16359),.PCURVE_S1.);
#16348 = LINE('',#16349,#16350);
#16349 = CARTESIAN_POINT('',(-14.,-22.24452734,-74.2390126781));
#16350 = VECTOR('',#16351,1.);
#16351 = DIRECTION('',(1.,0.,0.));
#16352 = PCURVE('',#5010,#16353);
#16353 = DEFINITIONAL_REPRESENTATION('',(#16354),#16358);
#16354 = LINE('',#16355,#16356);
#16355 = CARTESIAN_POINT('',(0.,0.));
#16356 = VECTOR('',#16357,1.);
#16357 = DIRECTION('',(0.,-1.));
#16358 = ( GEOMETRIC_REPRESENTATION_CONTEXT(2) 
PARAMETRIC_REPRESENTATION_CONTEXT() REPRESENTATION_CONTEXT('2D SPACE',''
  ) );
#16359 = PCURVE('',#4982,#16360);
#16360 = DEFINITIONAL_REPRESENTATION('',(#16361),#16365);
#16361 = LINE('',#16362,#16363);
#16362 = CARTESIAN_POINT('',(3.570627769079,0.));
#16363 = VECTOR('',#16364,1.);
#16364 = DIRECTION('',(0.,-1.));
#16365 = ( GEOMETRIC_REPRESENTATION_CONTEXT(2) 
PARAMETRIC_REPRESENTATION_CONTEXT() REPRESENTATION_CONTEXT('2D SPACE',''
  ) );
#16366 = ORIENTED_EDGE('',*,*,#10950,.T.);
#16367 = ORIENTED_EDGE('',*,*,#16292,.F.);
#16368 = ORIENTED_EDGE('',*,*,#4994,.F.);
#16369 = ADVANCED_FACE('',(#16370),#2210,.F.);
#16370 = FACE_BOUND('',#16371,.F.);
#16371 = EDGE_LOOP('',(#16372,#16373,#16374,#16395));
#16372 = ORIENTED_EDGE('',*,*,#16321,.T.);
#16373 = ORIENTED_EDGE('',*,*,#8650,.T.);
#16374 = ORIENTED_EDGE('',*,*,#16375,.F.);
#16375 = EDGE_CURVE('',#2195,#8651,#16376,.T.);
#16376 = SURFACE_CURVE('',#16377,(#16381,#16388),.PCURVE_S1.);
#16377 = LINE('',#16378,#16379);
#16378 = CARTESIAN_POINT('',(-14.,-18.23885226703,69.522369730766));
#16379 = VECTOR('',#16380,1.);
#16380 = DIRECTION('',(1.,0.,0.));
#16381 = PCURVE('',#2210,#16382);
#16382 = DEFINITIONAL_REPRESENTATION('',(#16383),#16387);
#16383 = LINE('',#16384,#16385);
#16384 = CARTESIAN_POINT('',(5.905241890921,0.));
#16385 = VECTOR('',#16386,1.);
#16386 = DIRECTION('',(0.,-1.));
#16387 = ( GEOMETRIC_REPRESENTATION_CONTEXT(2) 
PARAMETRIC_REPRESENTATION_CONTEXT() REPRESENTATION_CONTEXT('2D SPACE',''
  ) );
#16388 = PCURVE('',#2238,#16389);
#16389 = DEFINITIONAL_REPRESENTATION('',(#16390),#16394);
#16390 = LINE('',#16391,#16392);
#16391 = CARTESIAN_POINT('',(0.,0.));
#16392 = VECTOR('',#16393,1.);
#16393 = DIRECTION('',(0.,-1.));
#16394 = ( GEOMETRIC_REPRESENTATION_CONTEXT(2) 
PARAMETRIC_REPRESENTATION_CONTEXT() REPRESENTATION_CONTEXT('2D SPACE',''
  ) );
#16395 = ORIENTED_EDGE('',*,*,#2194,.F.);
#16396 = ADVANCED_FACE('',(#16397),#4982,.F.);
#16397 = FACE_BOUND('',#16398,.F.);
#16398 = EDGE_LOOP('',(#16399,#16420,#16421,#16422));
#16399 = ORIENTED_EDGE('',*,*,#16400,.T.);
#16400 = EDGE_CURVE('',#4939,#10905,#16401,.T.);
#16401 = SURFACE_CURVE('',#16402,(#16406,#16413),.PCURVE_S1.);
#16402 = LINE('',#16403,#16404);
#16403 = CARTESIAN_POINT('',(-14.,-25.64039614704,-73.13562801687));
#16404 = VECTOR('',#16405,1.);
#16405 = DIRECTION('',(1.,0.,0.));
#16406 = PCURVE('',#4982,#16407);
#16407 = DEFINITIONAL_REPRESENTATION('',(#16408),#16412);
#16408 = LINE('',#16409,#16410);
#16409 = CARTESIAN_POINT('',(0.,0.));
#16410 = VECTOR('',#16411,1.);
#16411 = DIRECTION('',(0.,-1.));
#16412 = ( GEOMETRIC_REPRESENTATION_CONTEXT(2) 
PARAMETRIC_REPRESENTATION_CONTEXT() REPRESENTATION_CONTEXT('2D SPACE',''
  ) );
#16413 = PCURVE('',#4954,#16414);
#16414 = DEFINITIONAL_REPRESENTATION('',(#16415),#16419);
#16415 = LINE('',#16416,#16417);
#16416 = CARTESIAN_POINT('',(5.905241890921,0.));
#16417 = VECTOR('',#16418,1.);
#16418 = DIRECTION('',(0.,-1.));
#16419 = ( GEOMETRIC_REPRESENTATION_CONTEXT(2) 
PARAMETRIC_REPRESENTATION_CONTEXT() REPRESENTATION_CONTEXT('2D SPACE',''
  ) );
#16420 = ORIENTED_EDGE('',*,*,#10927,.T.);
#16421 = ORIENTED_EDGE('',*,*,#16346,.F.);
#16422 = ORIENTED_EDGE('',*,*,#4966,.F.);
#16423 = ADVANCED_FACE('',(#16424),#2238,.F.);
#16424 = FACE_BOUND('',#16425,.F.);
#16425 = EDGE_LOOP('',(#16426,#16427,#16428,#16449));
#16426 = ORIENTED_EDGE('',*,*,#16375,.T.);
#16427 = ORIENTED_EDGE('',*,*,#8673,.T.);
#16428 = ORIENTED_EDGE('',*,*,#16429,.F.);
#16429 = EDGE_CURVE('',#2223,#8674,#16430,.T.);
#16430 = SURFACE_CURVE('',#16431,(#16435,#16442),.PCURVE_S1.);
#16431 = LINE('',#16432,#16433);
#16432 = CARTESIAN_POINT('',(-14.,-18.96587546626,69.327564451654));
#16433 = VECTOR('',#16434,1.);
#16434 = DIRECTION('',(1.,0.,0.));
#16435 = PCURVE('',#2238,#16436);
#16436 = DEFINITIONAL_REPRESENTATION('',(#16437),#16441);
#16437 = LINE('',#16438,#16439);
#16438 = CARTESIAN_POINT('',(0.752669800767,0.));
#16439 = VECTOR('',#16440,1.);
#16440 = DIRECTION('',(0.,-1.));
#16441 = ( GEOMETRIC_REPRESENTATION_CONTEXT(2) 
PARAMETRIC_REPRESENTATION_CONTEXT() REPRESENTATION_CONTEXT('2D SPACE',''
  ) );
#16442 = PCURVE('',#2266,#16443);
#16443 = DEFINITIONAL_REPRESENTATION('',(#16444),#16448);
#16444 = LINE('',#16445,#16446);
#16445 = CARTESIAN_POINT('',(0.,0.));
#16446 = VECTOR('',#16447,1.);
#16447 = DIRECTION('',(0.,-1.));
#16448 = ( GEOMETRIC_REPRESENTATION_CONTEXT(2) 
PARAMETRIC_REPRESENTATION_CONTEXT() REPRESENTATION_CONTEXT('2D SPACE',''
  ) );
#16449 = ORIENTED_EDGE('',*,*,#2222,.F.);
#16450 = ADVANCED_FACE('',(#16451),#4954,.F.);
#16451 = FACE_BOUND('',#16452,.F.);
#16452 = EDGE_LOOP('',(#16453,#16474,#16475,#16476));
#16453 = ORIENTED_EDGE('',*,*,#16454,.T.);
#16454 = EDGE_CURVE('',#4911,#10882,#16455,.T.);
#16455 = SURFACE_CURVE('',#16456,(#16460,#16467),.PCURVE_S1.);
#16456 = LINE('',#16457,#16458);
#16457 = CARTESIAN_POINT('',(-14.,-25.40600439663,-67.23503971589));
#16458 = VECTOR('',#16459,1.);
#16459 = DIRECTION('',(1.,0.,0.));
#16460 = PCURVE('',#4954,#16461);
#16461 = DEFINITIONAL_REPRESENTATION('',(#16462),#16466);
#16462 = LINE('',#16463,#16464);
#16463 = CARTESIAN_POINT('',(0.,0.));
#16464 = VECTOR('',#16465,1.);
#16465 = DIRECTION('',(0.,-1.));
#16466 = ( GEOMETRIC_REPRESENTATION_CONTEXT(2) 
PARAMETRIC_REPRESENTATION_CONTEXT() REPRESENTATION_CONTEXT('2D SPACE',''
  ) );
#16467 = PCURVE('',#4926,#16468);
#16468 = DEFINITIONAL_REPRESENTATION('',(#16469),#16473);
#16469 = LINE('',#16470,#16471);
#16470 = CARTESIAN_POINT('',(0.752669800767,0.));
#16471 = VECTOR('',#16472,1.);
#16472 = DIRECTION('',(0.,-1.));
#16473 = ( GEOMETRIC_REPRESENTATION_CONTEXT(2) 
PARAMETRIC_REPRESENTATION_CONTEXT() REPRESENTATION_CONTEXT('2D SPACE',''
  ) );
#16474 = ORIENTED_EDGE('',*,*,#10904,.T.);
#16475 = ORIENTED_EDGE('',*,*,#16400,.F.);
#16476 = ORIENTED_EDGE('',*,*,#4938,.F.);
#16477 = ADVANCED_FACE('',(#16478),#2266,.F.);
#16478 = FACE_BOUND('',#16479,.F.);
#16479 = EDGE_LOOP('',(#16480,#16481,#16482,#16503));
#16480 = ORIENTED_EDGE('',*,*,#16429,.T.);
#16481 = ORIENTED_EDGE('',*,*,#8696,.T.);
#16482 = ORIENTED_EDGE('',*,*,#16483,.F.);
#16483 = EDGE_CURVE('',#2251,#8697,#16484,.T.);
#16484 = SURFACE_CURVE('',#16485,(#16489,#16496),.PCURVE_S1.);
#16485 = LINE('',#16486,#16487);
#16486 = CARTESIAN_POINT('',(-14.,-22.24452734,74.239012678106));
#16487 = VECTOR('',#16488,1.);
#16488 = DIRECTION('',(1.,0.,0.));
#16489 = PCURVE('',#2266,#16490);
#16490 = DEFINITIONAL_REPRESENTATION('',(#16491),#16495);
#16491 = LINE('',#16492,#16493);
#16492 = CARTESIAN_POINT('',(5.905241890921,0.));
#16493 = VECTOR('',#16494,1.);
#16494 = DIRECTION('',(0.,-1.));
#16495 = ( GEOMETRIC_REPRESENTATION_CONTEXT(2) 
PARAMETRIC_REPRESENTATION_CONTEXT() REPRESENTATION_CONTEXT('2D SPACE',''
  ) );
#16496 = PCURVE('',#2294,#16497);
#16497 = DEFINITIONAL_REPRESENTATION('',(#16498),#16502);
#16498 = LINE('',#16499,#16500);
#16499 = CARTESIAN_POINT('',(0.,0.));
#16500 = VECTOR('',#16501,1.);
#16501 = DIRECTION('',(0.,-1.));
#16502 = ( GEOMETRIC_REPRESENTATION_CONTEXT(2) 
PARAMETRIC_REPRESENTATION_CONTEXT() REPRESENTATION_CONTEXT('2D SPACE',''
  ) );
#16503 = ORIENTED_EDGE('',*,*,#2250,.F.);
#16504 = ADVANCED_FACE('',(#16505),#4926,.F.);
#16505 = FACE_BOUND('',#16506,.F.);
#16506 = EDGE_LOOP('',(#16507,#16528,#16529,#16530));
#16507 = ORIENTED_EDGE('',*,*,#16508,.T.);
#16508 = EDGE_CURVE('',#4883,#10859,#16509,.T.);
#16509 = SURFACE_CURVE('',#16510,(#16514,#16521),.PCURVE_S1.);
#16510 = LINE('',#16511,#16512);
#16511 = CARTESIAN_POINT('',(-14.,-26.10868219024,-66.96530698271));
#16512 = VECTOR('',#16513,1.);
#16513 = DIRECTION('',(1.,0.,0.));
#16514 = PCURVE('',#4926,#16515);
#16515 = DEFINITIONAL_REPRESENTATION('',(#16516),#16520);
#16516 = LINE('',#16517,#16518);
#16517 = CARTESIAN_POINT('',(0.,0.));
#16518 = VECTOR('',#16519,1.);
#16519 = DIRECTION('',(0.,-1.));
#16520 = ( GEOMETRIC_REPRESENTATION_CONTEXT(2) 
PARAMETRIC_REPRESENTATION_CONTEXT() REPRESENTATION_CONTEXT('2D SPACE',''
  ) );
#16521 = PCURVE('',#4898,#16522);
#16522 = DEFINITIONAL_REPRESENTATION('',(#16523),#16527);
#16523 = LINE('',#16524,#16525);
#16524 = CARTESIAN_POINT('',(5.905241890921,0.));
#16525 = VECTOR('',#16526,1.);
#16526 = DIRECTION('',(0.,-1.));
#16527 = ( GEOMETRIC_REPRESENTATION_CONTEXT(2) 
PARAMETRIC_REPRESENTATION_CONTEXT() REPRESENTATION_CONTEXT('2D SPACE',''
  ) );
#16528 = ORIENTED_EDGE('',*,*,#10881,.T.);
#16529 = ORIENTED_EDGE('',*,*,#16454,.F.);
#16530 = ORIENTED_EDGE('',*,*,#4910,.F.);
#16531 = ADVANCED_FACE('',(#16532),#2294,.F.);
#16532 = FACE_BOUND('',#16533,.F.);
#16533 = EDGE_LOOP('',(#16534,#16535,#16536,#16557));
#16534 = ORIENTED_EDGE('',*,*,#16483,.T.);
#16535 = ORIENTED_EDGE('',*,*,#8719,.T.);
#16536 = ORIENTED_EDGE('',*,*,#16537,.F.);
#16537 = EDGE_CURVE('',#2279,#8720,#16538,.T.);
#16538 = SURFACE_CURVE('',#16539,(#16543,#16550),.PCURVE_S1.);
#16539 = LINE('',#16540,#16541);
#16540 = CARTESIAN_POINT('',(-14.,-25.64039614704,73.135628016874));
#16541 = VECTOR('',#16542,1.);
#16542 = DIRECTION('',(1.,0.,0.));
#16543 = PCURVE('',#2294,#16544);
#16544 = DEFINITIONAL_REPRESENTATION('',(#16545),#16549);
#16545 = LINE('',#16546,#16547);
#16546 = CARTESIAN_POINT('',(3.570627769079,0.));
#16547 = VECTOR('',#16548,1.);
#16548 = DIRECTION('',(0.,-1.));
#16549 = ( GEOMETRIC_REPRESENTATION_CONTEXT(2) 
PARAMETRIC_REPRESENTATION_CONTEXT() REPRESENTATION_CONTEXT('2D SPACE',''
  ) );
#16550 = PCURVE('',#2322,#16551);
#16551 = DEFINITIONAL_REPRESENTATION('',(#16552),#16556);
#16552 = LINE('',#16553,#16554);
#16553 = CARTESIAN_POINT('',(0.,0.));
#16554 = VECTOR('',#16555,1.);
#16555 = DIRECTION('',(0.,-1.));
#16556 = ( GEOMETRIC_REPRESENTATION_CONTEXT(2) 
PARAMETRIC_REPRESENTATION_CONTEXT() REPRESENTATION_CONTEXT('2D SPACE',''
  ) );
#16557 = ORIENTED_EDGE('',*,*,#2278,.F.);
#16558 = ADVANCED_FACE('',(#16559),#4898,.F.);
#16559 = FACE_BOUND('',#16560,.F.);
#16560 = EDGE_LOOP('',(#16561,#16582,#16583,#16584));
#16561 = ORIENTED_EDGE('',*,*,#16562,.T.);
#16562 = EDGE_CURVE('',#4855,#10836,#16563,.T.);
#16563 = SURFACE_CURVE('',#16564,(#16568,#16575),.PCURVE_S1.);
#16564 = LINE('',#16565,#16566);
#16565 = CARTESIAN_POINT('',(-14.,-29.88275940149,-71.50713733993));
#16566 = VECTOR('',#16567,1.);
#16567 = DIRECTION('',(1.,0.,0.));
#16568 = PCURVE('',#4898,#16569);
#16569 = DEFINITIONAL_REPRESENTATION('',(#16570),#16574);
#16570 = LINE('',#16571,#16572);
#16571 = CARTESIAN_POINT('',(0.,0.));
#16572 = VECTOR('',#16573,1.);
#16573 = DIRECTION('',(0.,-1.));
#16574 = ( GEOMETRIC_REPRESENTATION_CONTEXT(2) 
PARAMETRIC_REPRESENTATION_CONTEXT() REPRESENTATION_CONTEXT('2D SPACE',''
  ) );
#16575 = PCURVE('',#4870,#16576);
#16576 = DEFINITIONAL_REPRESENTATION('',(#16577),#16581);
#16577 = LINE('',#16578,#16579);
#16578 = CARTESIAN_POINT('',(3.570627769079,0.));
#16579 = VECTOR('',#16580,1.);
#16580 = DIRECTION('',(0.,-1.));
#16581 = ( GEOMETRIC_REPRESENTATION_CONTEXT(2) 
PARAMETRIC_REPRESENTATION_CONTEXT() REPRESENTATION_CONTEXT('2D SPACE',''
  ) );
#16582 = ORIENTED_EDGE('',*,*,#10858,.T.);
#16583 = ORIENTED_EDGE('',*,*,#16508,.F.);
#16584 = ORIENTED_EDGE('',*,*,#4882,.F.);
#16585 = ADVANCED_FACE('',(#16586),#2322,.F.);
#16586 = FACE_BOUND('',#16587,.F.);
#16587 = EDGE_LOOP('',(#16588,#16589,#16590,#16611));
#16588 = ORIENTED_EDGE('',*,*,#16537,.T.);
#16589 = ORIENTED_EDGE('',*,*,#8742,.T.);
#16590 = ORIENTED_EDGE('',*,*,#16591,.F.);
#16591 = EDGE_CURVE('',#2307,#8743,#16592,.T.);
#16592 = SURFACE_CURVE('',#16593,(#16597,#16604),.PCURVE_S1.);
#16593 = LINE('',#16594,#16595);
#16594 = CARTESIAN_POINT('',(-14.,-25.40600439663,67.235039715897));
#16595 = VECTOR('',#16596,1.);
#16596 = DIRECTION('',(1.,0.,0.));
#16597 = PCURVE('',#2322,#16598);
#16598 = DEFINITIONAL_REPRESENTATION('',(#16599),#16603);
#16599 = LINE('',#16600,#16601);
#16600 = CARTESIAN_POINT('',(5.905241890921,0.));
#16601 = VECTOR('',#16602,1.);
#16602 = DIRECTION('',(0.,-1.));
#16603 = ( GEOMETRIC_REPRESENTATION_CONTEXT(2) 
PARAMETRIC_REPRESENTATION_CONTEXT() REPRESENTATION_CONTEXT('2D SPACE',''
  ) );
#16604 = PCURVE('',#2350,#16605);
#16605 = DEFINITIONAL_REPRESENTATION('',(#16606),#16610);
#16606 = LINE('',#16607,#16608);
#16607 = CARTESIAN_POINT('',(0.,0.));
#16608 = VECTOR('',#16609,1.);
#16609 = DIRECTION('',(0.,-1.));
#16610 = ( GEOMETRIC_REPRESENTATION_CONTEXT(2) 
PARAMETRIC_REPRESENTATION_CONTEXT() REPRESENTATION_CONTEXT('2D SPACE',''
  ) );
#16611 = ORIENTED_EDGE('',*,*,#2306,.F.);
#16612 = ADVANCED_FACE('',(#16613),#4870,.F.);
#16613 = FACE_BOUND('',#16614,.F.);
#16614 = EDGE_LOOP('',(#16615,#16636,#16637,#16638));
#16615 = ORIENTED_EDGE('',*,*,#16616,.T.);
#16616 = EDGE_CURVE('',#4827,#10813,#16617,.T.);
#16617 = SURFACE_CURVE('',#16618,(#16622,#16629),.PCURVE_S1.);
#16618 = LINE('',#16619,#16620);
#16619 = CARTESIAN_POINT('',(-14.,-33.14469018087,-70.05483218746));
#16620 = VECTOR('',#16621,1.);
#16621 = DIRECTION('',(1.,0.,0.));
#16622 = PCURVE('',#4870,#16623);
#16623 = DEFINITIONAL_REPRESENTATION('',(#16624),#16628);
#16624 = LINE('',#16625,#16626);
#16625 = CARTESIAN_POINT('',(0.,0.));
#16626 = VECTOR('',#16627,1.);
#16627 = DIRECTION('',(0.,-1.));
#16628 = ( GEOMETRIC_REPRESENTATION_CONTEXT(2) 
PARAMETRIC_REPRESENTATION_CONTEXT() REPRESENTATION_CONTEXT('2D SPACE',''
  ) );
#16629 = PCURVE('',#4842,#16630);
#16630 = DEFINITIONAL_REPRESENTATION('',(#16631),#16635);
#16631 = LINE('',#16632,#16633);
#16632 = CARTESIAN_POINT('',(5.905241890921,0.));
#16633 = VECTOR('',#16634,1.);
#16634 = DIRECTION('',(0.,-1.));
#16635 = ( GEOMETRIC_REPRESENTATION_CONTEXT(2) 
PARAMETRIC_REPRESENTATION_CONTEXT() REPRESENTATION_CONTEXT('2D SPACE',''
  ) );
#16636 = ORIENTED_EDGE('',*,*,#10835,.T.);
#16637 = ORIENTED_EDGE('',*,*,#16562,.F.);
#16638 = ORIENTED_EDGE('',*,*,#4854,.F.);
#16639 = ADVANCED_FACE('',(#16640),#2350,.F.);
#16640 = FACE_BOUND('',#16641,.F.);
#16641 = EDGE_LOOP('',(#16642,#16643,#16644,#16665));
#16642 = ORIENTED_EDGE('',*,*,#16591,.T.);
#16643 = ORIENTED_EDGE('',*,*,#8765,.T.);
#16644 = ORIENTED_EDGE('',*,*,#16645,.F.);
#16645 = EDGE_CURVE('',#2335,#8766,#16646,.T.);
#16646 = SURFACE_CURVE('',#16647,(#16651,#16658),.PCURVE_S1.);
#16647 = LINE('',#16648,#16649);
#16648 = CARTESIAN_POINT('',(-14.,-26.10868219024,66.965306982711));
#16649 = VECTOR('',#16650,1.);
#16650 = DIRECTION('',(1.,0.,0.));
#16651 = PCURVE('',#2350,#16652);
#16652 = DEFINITIONAL_REPRESENTATION('',(#16653),#16657);
#16653 = LINE('',#16654,#16655);
#16654 = CARTESIAN_POINT('',(0.752669800767,0.));
#16655 = VECTOR('',#16656,1.);
#16656 = DIRECTION('',(0.,-1.));
#16657 = ( GEOMETRIC_REPRESENTATION_CONTEXT(2) 
PARAMETRIC_REPRESENTATION_CONTEXT() REPRESENTATION_CONTEXT('2D SPACE',''
  ) );
#16658 = PCURVE('',#2378,#16659);
#16659 = DEFINITIONAL_REPRESENTATION('',(#16660),#16664);
#16660 = LINE('',#16661,#16662);
#16661 = CARTESIAN_POINT('',(0.,0.));
#16662 = VECTOR('',#16663,1.);
#16663 = DIRECTION('',(0.,-1.));
#16664 = ( GEOMETRIC_REPRESENTATION_CONTEXT(2) 
PARAMETRIC_REPRESENTATION_CONTEXT() REPRESENTATION_CONTEXT('2D SPACE',''
  ) );
#16665 = ORIENTED_EDGE('',*,*,#2334,.F.);
#16666 = ADVANCED_FACE('',(#16667),#4842,.F.);
#16667 = FACE_BOUND('',#16668,.F.);
#16668 = EDGE_LOOP('',(#16669,#16690,#16691,#16692));
#16669 = ORIENTED_EDGE('',*,*,#16670,.T.);
#16670 = EDGE_CURVE('',#4799,#10790,#16671,.T.);
#16671 = SURFACE_CURVE('',#16672,(#16676,#16683),.PCURVE_S1.);
#16672 = LINE('',#16673,#16674);
#16673 = CARTESIAN_POINT('',(-14.,-32.29480302551,-64.21106853606));
#16674 = VECTOR('',#16675,1.);
#16675 = DIRECTION('',(1.,0.,0.));
#16676 = PCURVE('',#4842,#16677);
#16677 = DEFINITIONAL_REPRESENTATION('',(#16678),#16682);
#16678 = LINE('',#16679,#16680);
#16679 = CARTESIAN_POINT('',(0.,0.));
#16680 = VECTOR('',#16681,1.);
#16681 = DIRECTION('',(0.,-1.));
#16682 = ( GEOMETRIC_REPRESENTATION_CONTEXT(2) 
PARAMETRIC_REPRESENTATION_CONTEXT() REPRESENTATION_CONTEXT('2D SPACE',''
  ) );
#16683 = PCURVE('',#4814,#16684);
#16684 = DEFINITIONAL_REPRESENTATION('',(#16685),#16689);
#16685 = LINE('',#16686,#16687);
#16686 = CARTESIAN_POINT('',(0.752669800767,0.));
#16687 = VECTOR('',#16688,1.);
#16688 = DIRECTION('',(0.,-1.));
#16689 = ( GEOMETRIC_REPRESENTATION_CONTEXT(2) 
PARAMETRIC_REPRESENTATION_CONTEXT() REPRESENTATION_CONTEXT('2D SPACE',''
  ) );
#16690 = ORIENTED_EDGE('',*,*,#10812,.T.);
#16691 = ORIENTED_EDGE('',*,*,#16616,.F.);
#16692 = ORIENTED_EDGE('',*,*,#4826,.F.);
#16693 = ADVANCED_FACE('',(#16694),#2378,.F.);
#16694 = FACE_BOUND('',#16695,.F.);
#16695 = EDGE_LOOP('',(#16696,#16697,#16698,#16719));
#16696 = ORIENTED_EDGE('',*,*,#16645,.T.);
#16697 = ORIENTED_EDGE('',*,*,#8788,.T.);
#16698 = ORIENTED_EDGE('',*,*,#16699,.F.);
#16699 = EDGE_CURVE('',#2363,#8789,#16700,.T.);
#16700 = SURFACE_CURVE('',#16701,(#16705,#16712),.PCURVE_S1.);
#16701 = LINE('',#16702,#16703);
#16702 = CARTESIAN_POINT('',(-14.,-29.88275940149,71.507137339934));
#16703 = VECTOR('',#16704,1.);
#16704 = DIRECTION('',(1.,0.,0.));
#16705 = PCURVE('',#2378,#16706);
#16706 = DEFINITIONAL_REPRESENTATION('',(#16707),#16711);
#16707 = LINE('',#16708,#16709);
#16708 = CARTESIAN_POINT('',(5.905241890921,0.));
#16709 = VECTOR('',#16710,1.);
#16710 = DIRECTION('',(0.,-1.));
#16711 = ( GEOMETRIC_REPRESENTATION_CONTEXT(2) 
PARAMETRIC_REPRESENTATION_CONTEXT() REPRESENTATION_CONTEXT('2D SPACE',''
  ) );
#16712 = PCURVE('',#2406,#16713);
#16713 = DEFINITIONAL_REPRESENTATION('',(#16714),#16718);
#16714 = LINE('',#16715,#16716);
#16715 = CARTESIAN_POINT('',(0.,0.));
#16716 = VECTOR('',#16717,1.);
#16717 = DIRECTION('',(0.,-1.));
#16718 = ( GEOMETRIC_REPRESENTATION_CONTEXT(2) 
PARAMETRIC_REPRESENTATION_CONTEXT() REPRESENTATION_CONTEXT('2D SPACE',''
  ) );
#16719 = ORIENTED_EDGE('',*,*,#2362,.F.);
#16720 = ADVANCED_FACE('',(#16721),#4814,.F.);
#16721 = FACE_BOUND('',#16722,.F.);
#16722 = EDGE_LOOP('',(#16723,#16744,#16745,#16746));
#16723 = ORIENTED_EDGE('',*,*,#16724,.T.);
#16724 = EDGE_CURVE('',#4771,#10767,#16725,.T.);
#16725 = SURFACE_CURVE('',#16726,(#16730,#16737),.PCURVE_S1.);
#16726 = LINE('',#16727,#16728);
#16727 = CARTESIAN_POINT('',(-14.,-32.96543672856,-63.86936359707));
#16728 = VECTOR('',#16729,1.);
#16729 = DIRECTION('',(1.,0.,0.));
#16730 = PCURVE('',#4814,#16731);
#16731 = DEFINITIONAL_REPRESENTATION('',(#16732),#16736);
#16732 = LINE('',#16733,#16734);
#16733 = CARTESIAN_POINT('',(0.,0.));
#16734 = VECTOR('',#16735,1.);
#16735 = DIRECTION('',(0.,-1.));
#16736 = ( GEOMETRIC_REPRESENTATION_CONTEXT(2) 
PARAMETRIC_REPRESENTATION_CONTEXT() REPRESENTATION_CONTEXT('2D SPACE',''
  ) );
#16737 = PCURVE('',#4786,#16738);
#16738 = DEFINITIONAL_REPRESENTATION('',(#16739),#16743);
#16739 = LINE('',#16740,#16741);
#16740 = CARTESIAN_POINT('',(5.905241890921,0.));
#16741 = VECTOR('',#16742,1.);
#16742 = DIRECTION('',(0.,-1.));
#16743 = ( GEOMETRIC_REPRESENTATION_CONTEXT(2) 
PARAMETRIC_REPRESENTATION_CONTEXT() REPRESENTATION_CONTEXT('2D SPACE',''
  ) );
#16744 = ORIENTED_EDGE('',*,*,#10789,.T.);
#16745 = ORIENTED_EDGE('',*,*,#16670,.F.);
#16746 = ORIENTED_EDGE('',*,*,#4798,.F.);
#16747 = ADVANCED_FACE('',(#16748),#2406,.F.);
#16748 = FACE_BOUND('',#16749,.F.);
#16749 = EDGE_LOOP('',(#16750,#16751,#16752,#16773));
#16750 = ORIENTED_EDGE('',*,*,#16699,.T.);
#16751 = ORIENTED_EDGE('',*,*,#8811,.T.);
#16752 = ORIENTED_EDGE('',*,*,#16753,.F.);
#16753 = EDGE_CURVE('',#2391,#8812,#16754,.T.);
#16754 = SURFACE_CURVE('',#16755,(#16759,#16766),.PCURVE_S1.);
#16755 = LINE('',#16756,#16757);
#16756 = CARTESIAN_POINT('',(-14.,-33.14469018087,70.054832187465));
#16757 = VECTOR('',#16758,1.);
#16758 = DIRECTION('',(1.,0.,0.));
#16759 = PCURVE('',#2406,#16760);
#16760 = DEFINITIONAL_REPRESENTATION('',(#16761),#16765);
#16761 = LINE('',#16762,#16763);
#16762 = CARTESIAN_POINT('',(3.570627769079,0.));
#16763 = VECTOR('',#16764,1.);
#16764 = DIRECTION('',(0.,-1.));
#16765 = ( GEOMETRIC_REPRESENTATION_CONTEXT(2) 
PARAMETRIC_REPRESENTATION_CONTEXT() REPRESENTATION_CONTEXT('2D SPACE',''
  ) );
#16766 = PCURVE('',#2434,#16767);
#16767 = DEFINITIONAL_REPRESENTATION('',(#16768),#16772);
#16768 = LINE('',#16769,#16770);
#16769 = CARTESIAN_POINT('',(0.,0.));
#16770 = VECTOR('',#16771,1.);
#16771 = DIRECTION('',(0.,-1.));
#16772 = ( GEOMETRIC_REPRESENTATION_CONTEXT(2) 
PARAMETRIC_REPRESENTATION_CONTEXT() REPRESENTATION_CONTEXT('2D SPACE',''
  ) );
#16773 = ORIENTED_EDGE('',*,*,#2390,.F.);
#16774 = ADVANCED_FACE('',(#16775),#4786,.F.);
#16775 = FACE_BOUND('',#16776,.F.);
#16776 = EDGE_LOOP('',(#16777,#16798,#16799,#16800));
#16777 = ORIENTED_EDGE('',*,*,#16778,.T.);
#16778 = EDGE_CURVE('',#4743,#10744,#16779,.T.);
#16779 = SURFACE_CURVE('',#16780,(#16784,#16791),.PCURVE_S1.);
#16780 = LINE('',#16781,#16782);
#16781 = CARTESIAN_POINT('',(-14.,-37.19358969762,-67.99181484123));
#16782 = VECTOR('',#16783,1.);
#16783 = DIRECTION('',(1.,0.,0.));
#16784 = PCURVE('',#4786,#16785);
#16785 = DEFINITIONAL_REPRESENTATION('',(#16786),#16790);
#16786 = LINE('',#16787,#16788);
#16787 = CARTESIAN_POINT('',(0.,0.));
#16788 = VECTOR('',#16789,1.);
#16789 = DIRECTION('',(0.,-1.));
#16790 = ( GEOMETRIC_REPRESENTATION_CONTEXT(2) 
PARAMETRIC_REPRESENTATION_CONTEXT() REPRESENTATION_CONTEXT('2D SPACE',''
  ) );
#16791 = PCURVE('',#4758,#16792);
#16792 = DEFINITIONAL_REPRESENTATION('',(#16793),#16797);
#16793 = LINE('',#16794,#16795);
#16794 = CARTESIAN_POINT('',(3.570627769079,0.));
#16795 = VECTOR('',#16796,1.);
#16796 = DIRECTION('',(0.,-1.));
#16797 = ( GEOMETRIC_REPRESENTATION_CONTEXT(2) 
PARAMETRIC_REPRESENTATION_CONTEXT() REPRESENTATION_CONTEXT('2D SPACE',''
  ) );
#16798 = ORIENTED_EDGE('',*,*,#10766,.T.);
#16799 = ORIENTED_EDGE('',*,*,#16724,.F.);
#16800 = ORIENTED_EDGE('',*,*,#4770,.F.);
#16801 = ADVANCED_FACE('',(#16802),#2434,.F.);
#16802 = FACE_BOUND('',#16803,.F.);
#16803 = EDGE_LOOP('',(#16804,#16805,#16806,#16827));
#16804 = ORIENTED_EDGE('',*,*,#16753,.T.);
#16805 = ORIENTED_EDGE('',*,*,#8834,.T.);
#16806 = ORIENTED_EDGE('',*,*,#16807,.F.);
#16807 = EDGE_CURVE('',#2419,#8835,#16808,.T.);
#16808 = SURFACE_CURVE('',#16809,(#16813,#16820),.PCURVE_S1.);
#16809 = LINE('',#16810,#16811);
#16810 = CARTESIAN_POINT('',(-14.,-32.29480302551,64.211068536063));
#16811 = VECTOR('',#16812,1.);
#16812 = DIRECTION('',(1.,0.,0.));
#16813 = PCURVE('',#2434,#16814);
#16814 = DEFINITIONAL_REPRESENTATION('',(#16815),#16819);
#16815 = LINE('',#16816,#16817);
#16816 = CARTESIAN_POINT('',(5.905241890921,0.));
#16817 = VECTOR('',#16818,1.);
#16818 = DIRECTION('',(0.,-1.));
#16819 = ( GEOMETRIC_REPRESENTATION_CONTEXT(2) 
PARAMETRIC_REPRESENTATION_CONTEXT() REPRESENTATION_CONTEXT('2D SPACE',''
  ) );
#16820 = PCURVE('',#2462,#16821);
#16821 = DEFINITIONAL_REPRESENTATION('',(#16822),#16826);
#16822 = LINE('',#16823,#16824);
#16823 = CARTESIAN_POINT('',(0.,0.));
#16824 = VECTOR('',#16825,1.);
#16825 = DIRECTION('',(0.,-1.));
#16826 = ( GEOMETRIC_REPRESENTATION_CONTEXT(2) 
PARAMETRIC_REPRESENTATION_CONTEXT() REPRESENTATION_CONTEXT('2D SPACE',''
  ) );
#16827 = ORIENTED_EDGE('',*,*,#2418,.F.);
#16828 = ADVANCED_FACE('',(#16829),#4758,.F.);
#16829 = FACE_BOUND('',#16830,.F.);
#16830 = EDGE_LOOP('',(#16831,#16852,#16853,#16854));
#16831 = ORIENTED_EDGE('',*,*,#16832,.T.);
#16832 = EDGE_CURVE('',#4715,#10721,#16833,.T.);
#16833 = SURFACE_CURVE('',#16834,(#16838,#16845),.PCURVE_S1.);
#16834 = LINE('',#16835,#16836);
#16835 = CARTESIAN_POINT('',(-14.,-40.2858440531,-66.20650095669));
#16836 = VECTOR('',#16837,1.);
#16837 = DIRECTION('',(1.,0.,0.));
#16838 = PCURVE('',#4758,#16839);
#16839 = DEFINITIONAL_REPRESENTATION('',(#16840),#16844);
#16840 = LINE('',#16841,#16842);
#16841 = CARTESIAN_POINT('',(0.,0.));
#16842 = VECTOR('',#16843,1.);
#16843 = DIRECTION('',(0.,-1.));
#16844 = ( GEOMETRIC_REPRESENTATION_CONTEXT(2) 
PARAMETRIC_REPRESENTATION_CONTEXT() REPRESENTATION_CONTEXT('2D SPACE',''
  ) );
#16845 = PCURVE('',#4730,#16846);
#16846 = DEFINITIONAL_REPRESENTATION('',(#16847),#16851);
#16847 = LINE('',#16848,#16849);
#16848 = CARTESIAN_POINT('',(5.905241890921,0.));
#16849 = VECTOR('',#16850,1.);
#16850 = DIRECTION('',(0.,-1.));
#16851 = ( GEOMETRIC_REPRESENTATION_CONTEXT(2) 
PARAMETRIC_REPRESENTATION_CONTEXT() REPRESENTATION_CONTEXT('2D SPACE',''
  ) );
#16852 = ORIENTED_EDGE('',*,*,#10743,.T.);
#16853 = ORIENTED_EDGE('',*,*,#16778,.F.);
#16854 = ORIENTED_EDGE('',*,*,#4742,.F.);
#16855 = ADVANCED_FACE('',(#16856),#2462,.F.);
#16856 = FACE_BOUND('',#16857,.F.);
#16857 = EDGE_LOOP('',(#16858,#16859,#16860,#16881));
#16858 = ORIENTED_EDGE('',*,*,#16807,.T.);
#16859 = ORIENTED_EDGE('',*,*,#8857,.T.);
#16860 = ORIENTED_EDGE('',*,*,#16861,.F.);
#16861 = EDGE_CURVE('',#2447,#8858,#16862,.T.);
#16862 = SURFACE_CURVE('',#16863,(#16867,#16874),.PCURVE_S1.);
#16863 = LINE('',#16864,#16865);
#16864 = CARTESIAN_POINT('',(-14.,-32.96543672856,63.869363597074));
#16865 = VECTOR('',#16866,1.);
#16866 = DIRECTION('',(1.,0.,0.));
#16867 = PCURVE('',#2462,#16868);
#16868 = DEFINITIONAL_REPRESENTATION('',(#16869),#16873);
#16869 = LINE('',#16870,#16871);
#16870 = CARTESIAN_POINT('',(0.752669800767,0.));
#16871 = VECTOR('',#16872,1.);
#16872 = DIRECTION('',(0.,-1.));
#16873 = ( GEOMETRIC_REPRESENTATION_CONTEXT(2) 
PARAMETRIC_REPRESENTATION_CONTEXT() REPRESENTATION_CONTEXT('2D SPACE',''
  ) );
#16874 = PCURVE('',#2490,#16875);
#16875 = DEFINITIONAL_REPRESENTATION('',(#16876),#16880);
#16876 = LINE('',#16877,#16878);
#16877 = CARTESIAN_POINT('',(0.,0.));
#16878 = VECTOR('',#16879,1.);
#16879 = DIRECTION('',(0.,-1.));
#16880 = ( GEOMETRIC_REPRESENTATION_CONTEXT(2) 
PARAMETRIC_REPRESENTATION_CONTEXT() REPRESENTATION_CONTEXT('2D SPACE',''
  ) );
#16881 = ORIENTED_EDGE('',*,*,#2446,.F.);
#16882 = ADVANCED_FACE('',(#16883),#4730,.F.);
#16883 = FACE_BOUND('',#16884,.F.);
#16884 = EDGE_LOOP('',(#16885,#16906,#16907,#16908));
#16885 = ORIENTED_EDGE('',*,*,#16886,.T.);
#16886 = EDGE_CURVE('',#4687,#10698,#16887,.T.);
#16887 = SURFACE_CURVE('',#16888,(#16892,#16899),.PCURVE_S1.);
#16888 = LINE('',#16889,#16890);
#16889 = CARTESIAN_POINT('',(-14.,-38.82977303433,-60.48358745231));
#16890 = VECTOR('',#16891,1.);
#16891 = DIRECTION('',(1.,0.,0.));
#16892 = PCURVE('',#4730,#16893);
#16893 = DEFINITIONAL_REPRESENTATION('',(#16894),#16898);
#16894 = LINE('',#16895,#16896);
#16895 = CARTESIAN_POINT('',(0.,0.));
#16896 = VECTOR('',#16897,1.);
#16897 = DIRECTION('',(0.,-1.));
#16898 = ( GEOMETRIC_REPRESENTATION_CONTEXT(2) 
PARAMETRIC_REPRESENTATION_CONTEXT() REPRESENTATION_CONTEXT('2D SPACE',''
  ) );
#16899 = PCURVE('',#4702,#16900);
#16900 = DEFINITIONAL_REPRESENTATION('',(#16901),#16905);
#16901 = LINE('',#16902,#16903);
#16902 = CARTESIAN_POINT('',(0.752669800767,0.));
#16903 = VECTOR('',#16904,1.);
#16904 = DIRECTION('',(0.,-1.));
#16905 = ( GEOMETRIC_REPRESENTATION_CONTEXT(2) 
PARAMETRIC_REPRESENTATION_CONTEXT() REPRESENTATION_CONTEXT('2D SPACE',''
  ) );
#16906 = ORIENTED_EDGE('',*,*,#10720,.T.);
#16907 = ORIENTED_EDGE('',*,*,#16832,.F.);
#16908 = ORIENTED_EDGE('',*,*,#4714,.F.);
#16909 = ADVANCED_FACE('',(#16910),#2490,.F.);
#16910 = FACE_BOUND('',#16911,.F.);
#16911 = EDGE_LOOP('',(#16912,#16913,#16914,#16935));
#16912 = ORIENTED_EDGE('',*,*,#16861,.T.);
#16913 = ORIENTED_EDGE('',*,*,#8880,.T.);
#16914 = ORIENTED_EDGE('',*,*,#16915,.F.);
#16915 = EDGE_CURVE('',#2475,#8881,#16916,.T.);
#16916 = SURFACE_CURVE('',#16917,(#16921,#16928),.PCURVE_S1.);
#16917 = LINE('',#16918,#16919);
#16918 = CARTESIAN_POINT('',(-14.,-37.19358969762,67.991814841235));
#16919 = VECTOR('',#16920,1.);
#16920 = DIRECTION('',(1.,0.,0.));
#16921 = PCURVE('',#2490,#16922);
#16922 = DEFINITIONAL_REPRESENTATION('',(#16923),#16927);
#16923 = LINE('',#16924,#16925);
#16924 = CARTESIAN_POINT('',(5.905241890921,0.));
#16925 = VECTOR('',#16926,1.);
#16926 = DIRECTION('',(0.,-1.));
#16927 = ( GEOMETRIC_REPRESENTATION_CONTEXT(2) 
PARAMETRIC_REPRESENTATION_CONTEXT() REPRESENTATION_CONTEXT('2D SPACE',''
  ) );
#16928 = PCURVE('',#2518,#16929);
#16929 = DEFINITIONAL_REPRESENTATION('',(#16930),#16934);
#16930 = LINE('',#16931,#16932);
#16931 = CARTESIAN_POINT('',(0.,0.));
#16932 = VECTOR('',#16933,1.);
#16933 = DIRECTION('',(0.,-1.));
#16934 = ( GEOMETRIC_REPRESENTATION_CONTEXT(2) 
PARAMETRIC_REPRESENTATION_CONTEXT() REPRESENTATION_CONTEXT('2D SPACE',''
  ) );
#16935 = ORIENTED_EDGE('',*,*,#2474,.F.);
#16936 = ADVANCED_FACE('',(#16937),#4702,.F.);
#16937 = FACE_BOUND('',#16938,.F.);
#16938 = EDGE_LOOP('',(#16939,#16960,#16961,#16962));
#16939 = ORIENTED_EDGE('',*,*,#16940,.T.);
#16940 = EDGE_CURVE('',#4659,#10675,#16941,.T.);
#16941 = SURFACE_CURVE('',#16942,(#16946,#16953),.PCURVE_S1.);
#16942 = LINE('',#16943,#16944);
#16943 = CARTESIAN_POINT('',(-14.,-39.46101504361,-60.07365409834));
#16944 = VECTOR('',#16945,1.);
#16945 = DIRECTION('',(1.,0.,0.));
#16946 = PCURVE('',#4702,#16947);
#16947 = DEFINITIONAL_REPRESENTATION('',(#16948),#16952);
#16948 = LINE('',#16949,#16950);
#16949 = CARTESIAN_POINT('',(0.,0.));
#16950 = VECTOR('',#16951,1.);
#16951 = DIRECTION('',(0.,-1.));
#16952 = ( GEOMETRIC_REPRESENTATION_CONTEXT(2) 
PARAMETRIC_REPRESENTATION_CONTEXT() REPRESENTATION_CONTEXT('2D SPACE',''
  ) );
#16953 = PCURVE('',#4674,#16954);
#16954 = DEFINITIONAL_REPRESENTATION('',(#16955),#16959);
#16955 = LINE('',#16956,#16957);
#16956 = CARTESIAN_POINT('',(5.905241890921,0.));
#16957 = VECTOR('',#16958,1.);
#16958 = DIRECTION('',(0.,-1.));
#16959 = ( GEOMETRIC_REPRESENTATION_CONTEXT(2) 
PARAMETRIC_REPRESENTATION_CONTEXT() REPRESENTATION_CONTEXT('2D SPACE',''
  ) );
#16960 = ORIENTED_EDGE('',*,*,#10697,.T.);
#16961 = ORIENTED_EDGE('',*,*,#16886,.F.);
#16962 = ORIENTED_EDGE('',*,*,#4686,.F.);
#16963 = ADVANCED_FACE('',(#16964),#2518,.F.);
#16964 = FACE_BOUND('',#16965,.F.);
#16965 = EDGE_LOOP('',(#16966,#16967,#16968,#16989));
#16966 = ORIENTED_EDGE('',*,*,#16915,.T.);
#16967 = ORIENTED_EDGE('',*,*,#8903,.T.);
#16968 = ORIENTED_EDGE('',*,*,#16969,.F.);
#16969 = EDGE_CURVE('',#2503,#8904,#16970,.T.);
#16970 = SURFACE_CURVE('',#16971,(#16975,#16982),.PCURVE_S1.);
#16971 = LINE('',#16972,#16973);
#16972 = CARTESIAN_POINT('',(-14.,-40.2858440531,66.206500956695));
#16973 = VECTOR('',#16974,1.);
#16974 = DIRECTION('',(1.,0.,0.));
#16975 = PCURVE('',#2518,#16976);
#16976 = DEFINITIONAL_REPRESENTATION('',(#16977),#16981);
#16977 = LINE('',#16978,#16979);
#16978 = CARTESIAN_POINT('',(3.570627769079,0.));
#16979 = VECTOR('',#16980,1.);
#16980 = DIRECTION('',(0.,-1.));
#16981 = ( GEOMETRIC_REPRESENTATION_CONTEXT(2) 
PARAMETRIC_REPRESENTATION_CONTEXT() REPRESENTATION_CONTEXT('2D SPACE',''
  ) );
#16982 = PCURVE('',#2546,#16983);
#16983 = DEFINITIONAL_REPRESENTATION('',(#16984),#16988);
#16984 = LINE('',#16985,#16986);
#16985 = CARTESIAN_POINT('',(0.,0.));
#16986 = VECTOR('',#16987,1.);
#16987 = DIRECTION('',(0.,-1.));
#16988 = ( GEOMETRIC_REPRESENTATION_CONTEXT(2) 
PARAMETRIC_REPRESENTATION_CONTEXT() REPRESENTATION_CONTEXT('2D SPACE',''
  ) );
#16989 = ORIENTED_EDGE('',*,*,#2502,.F.);
#16990 = ADVANCED_FACE('',(#16991),#4674,.F.);
#16991 = FACE_BOUND('',#16992,.F.);
#16992 = EDGE_LOOP('',(#16993,#17014,#17015,#17016));
#16993 = ORIENTED_EDGE('',*,*,#16994,.T.);
#16994 = EDGE_CURVE('',#4631,#10652,#16995,.T.);
#16995 = SURFACE_CURVE('',#16996,(#17000,#17007),.PCURVE_S1.);
#16996 = LINE('',#16997,#16998);
#16997 = CARTESIAN_POINT('',(-14.,-44.09691924176,-63.73155979093));
#16998 = VECTOR('',#16999,1.);
#16999 = DIRECTION('',(1.,0.,0.));
#17000 = PCURVE('',#4674,#17001);
#17001 = DEFINITIONAL_REPRESENTATION('',(#17002),#17006);
#17002 = LINE('',#17003,#17004);
#17003 = CARTESIAN_POINT('',(0.,0.));
#17004 = VECTOR('',#17005,1.);
#17005 = DIRECTION('',(0.,-1.));
#17006 = ( GEOMETRIC_REPRESENTATION_CONTEXT(2) 
PARAMETRIC_REPRESENTATION_CONTEXT() REPRESENTATION_CONTEXT('2D SPACE',''
  ) );
#17007 = PCURVE('',#4646,#17008);
#17008 = DEFINITIONAL_REPRESENTATION('',(#17009),#17013);
#17009 = LINE('',#17010,#17011);
#17010 = CARTESIAN_POINT('',(3.570627769079,0.));
#17011 = VECTOR('',#17012,1.);
#17012 = DIRECTION('',(0.,-1.));
#17013 = ( GEOMETRIC_REPRESENTATION_CONTEXT(2) 
PARAMETRIC_REPRESENTATION_CONTEXT() REPRESENTATION_CONTEXT('2D SPACE',''
  ) );
#17014 = ORIENTED_EDGE('',*,*,#10674,.T.);
#17015 = ORIENTED_EDGE('',*,*,#16940,.F.);
#17016 = ORIENTED_EDGE('',*,*,#4658,.F.);
#17017 = ADVANCED_FACE('',(#17018),#2546,.F.);
#17018 = FACE_BOUND('',#17019,.F.);
#17019 = EDGE_LOOP('',(#17020,#17021,#17022,#17043));
#17020 = ORIENTED_EDGE('',*,*,#16969,.T.);
#17021 = ORIENTED_EDGE('',*,*,#8926,.T.);
#17022 = ORIENTED_EDGE('',*,*,#17023,.F.);
#17023 = EDGE_CURVE('',#2531,#8927,#17024,.T.);
#17024 = SURFACE_CURVE('',#17025,(#17029,#17036),.PCURVE_S1.);
#17025 = LINE('',#17026,#17027);
#17026 = CARTESIAN_POINT('',(-14.,-38.82977303433,60.483587452319));
#17027 = VECTOR('',#17028,1.);
#17028 = DIRECTION('',(1.,0.,0.));
#17029 = PCURVE('',#2546,#17030);
#17030 = DEFINITIONAL_REPRESENTATION('',(#17031),#17035);
#17031 = LINE('',#17032,#17033);
#17032 = CARTESIAN_POINT('',(5.905241890921,0.));
#17033 = VECTOR('',#17034,1.);
#17034 = DIRECTION('',(0.,-1.));
#17035 = ( GEOMETRIC_REPRESENTATION_CONTEXT(2) 
PARAMETRIC_REPRESENTATION_CONTEXT() REPRESENTATION_CONTEXT('2D SPACE',''
  ) );
#17036 = PCURVE('',#2574,#17037);
#17037 = DEFINITIONAL_REPRESENTATION('',(#17038),#17042);
#17038 = LINE('',#17039,#17040);
#17039 = CARTESIAN_POINT('',(0.,0.));
#17040 = VECTOR('',#17041,1.);
#17041 = DIRECTION('',(0.,-1.));
#17042 = ( GEOMETRIC_REPRESENTATION_CONTEXT(2) 
PARAMETRIC_REPRESENTATION_CONTEXT() REPRESENTATION_CONTEXT('2D SPACE',''
  ) );
#17043 = ORIENTED_EDGE('',*,*,#2530,.F.);
#17044 = ADVANCED_FACE('',(#17045),#4646,.F.);
#17045 = FACE_BOUND('',#17046,.F.);
#17046 = EDGE_LOOP('',(#17047,#17068,#17069,#17070));
#17047 = ORIENTED_EDGE('',*,*,#17048,.T.);
#17048 = EDGE_CURVE('',#4603,#10629,#17049,.T.);
#17049 = SURFACE_CURVE('',#17050,(#17054,#17061),.PCURVE_S1.);
#17050 = LINE('',#17051,#17052);
#17051 = CARTESIAN_POINT('',(-14.,-46.98561778753,-61.63279744684));
#17052 = VECTOR('',#17053,1.);
#17053 = DIRECTION('',(1.,0.,0.));
#17054 = PCURVE('',#4646,#17055);
#17055 = DEFINITIONAL_REPRESENTATION('',(#17056),#17060);
#17056 = LINE('',#17057,#17058);
#17057 = CARTESIAN_POINT('',(0.,0.));
#17058 = VECTOR('',#17059,1.);
#17059 = DIRECTION('',(0.,-1.));
#17060 = ( GEOMETRIC_REPRESENTATION_CONTEXT(2) 
PARAMETRIC_REPRESENTATION_CONTEXT() REPRESENTATION_CONTEXT('2D SPACE',''
  ) );
#17061 = PCURVE('',#4618,#17062);
#17062 = DEFINITIONAL_REPRESENTATION('',(#17063),#17067);
#17063 = LINE('',#17064,#17065);
#17064 = CARTESIAN_POINT('',(5.905241890921,0.));
#17065 = VECTOR('',#17066,1.);
#17066 = DIRECTION('',(0.,-1.));
#17067 = ( GEOMETRIC_REPRESENTATION_CONTEXT(2) 
PARAMETRIC_REPRESENTATION_CONTEXT() REPRESENTATION_CONTEXT('2D SPACE',''
  ) );
#17068 = ORIENTED_EDGE('',*,*,#10651,.T.);
#17069 = ORIENTED_EDGE('',*,*,#16994,.F.);
#17070 = ORIENTED_EDGE('',*,*,#4630,.F.);
#17071 = ADVANCED_FACE('',(#17072),#2574,.F.);
#17072 = FACE_BOUND('',#17073,.F.);
#17073 = EDGE_LOOP('',(#17074,#17075,#17076,#17097));
#17074 = ORIENTED_EDGE('',*,*,#17023,.T.);
#17075 = ORIENTED_EDGE('',*,*,#8949,.T.);
#17076 = ORIENTED_EDGE('',*,*,#17077,.F.);
#17077 = EDGE_CURVE('',#2559,#8950,#17078,.T.);
#17078 = SURFACE_CURVE('',#17079,(#17083,#17090),.PCURVE_S1.);
#17079 = LINE('',#17080,#17081);
#17080 = CARTESIAN_POINT('',(-14.,-39.46101504361,60.073654098344));
#17081 = VECTOR('',#17082,1.);
#17082 = DIRECTION('',(1.,0.,0.));
#17083 = PCURVE('',#2574,#17084);
#17084 = DEFINITIONAL_REPRESENTATION('',(#17085),#17089);
#17085 = LINE('',#17086,#17087);
#17086 = CARTESIAN_POINT('',(0.752669800767,0.));
#17087 = VECTOR('',#17088,1.);
#17088 = DIRECTION('',(0.,-1.));
#17089 = ( GEOMETRIC_REPRESENTATION_CONTEXT(2) 
PARAMETRIC_REPRESENTATION_CONTEXT() REPRESENTATION_CONTEXT('2D SPACE',''
  ) );
#17090 = PCURVE('',#2602,#17091);
#17091 = DEFINITIONAL_REPRESENTATION('',(#17092),#17096);
#17092 = LINE('',#17093,#17094);
#17093 = CARTESIAN_POINT('',(0.,0.));
#17094 = VECTOR('',#17095,1.);
#17095 = DIRECTION('',(0.,-1.));
#17096 = ( GEOMETRIC_REPRESENTATION_CONTEXT(2) 
PARAMETRIC_REPRESENTATION_CONTEXT() REPRESENTATION_CONTEXT('2D SPACE',''
  ) );
#17097 = ORIENTED_EDGE('',*,*,#2558,.F.);
#17098 = ADVANCED_FACE('',(#17099),#4618,.F.);
#17099 = FACE_BOUND('',#17100,.F.);
#17100 = EDGE_LOOP('',(#17101,#17122,#17123,#17124));
#17101 = ORIENTED_EDGE('',*,*,#17102,.T.);
#17102 = EDGE_CURVE('',#4575,#10606,#17103,.T.);
#17103 = SURFACE_CURVE('',#17104,(#17108,#17115),.PCURVE_S1.);
#17104 = LINE('',#17105,#17106);
#17105 = CARTESIAN_POINT('',(-14.,-44.93931592412,-56.09343552744));
#17106 = VECTOR('',#17107,1.);
#17107 = DIRECTION('',(1.,0.,0.));
#17108 = PCURVE('',#4618,#17109);
#17109 = DEFINITIONAL_REPRESENTATION('',(#17110),#17114);
#17110 = LINE('',#17111,#17112);
#17111 = CARTESIAN_POINT('',(0.,0.));
#17112 = VECTOR('',#17113,1.);
#17113 = DIRECTION('',(0.,-1.));
#17114 = ( GEOMETRIC_REPRESENTATION_CONTEXT(2) 
PARAMETRIC_REPRESENTATION_CONTEXT() REPRESENTATION_CONTEXT('2D SPACE',''
  ) );
#17115 = PCURVE('',#4590,#17116);
#17116 = DEFINITIONAL_REPRESENTATION('',(#17117),#17121);
#17117 = LINE('',#17118,#17119);
#17118 = CARTESIAN_POINT('',(0.752669800767,0.));
#17119 = VECTOR('',#17120,1.);
#17120 = DIRECTION('',(0.,-1.));
#17121 = ( GEOMETRIC_REPRESENTATION_CONTEXT(2) 
PARAMETRIC_REPRESENTATION_CONTEXT() REPRESENTATION_CONTEXT('2D SPACE',''
  ) );
#17122 = ORIENTED_EDGE('',*,*,#10628,.T.);
#17123 = ORIENTED_EDGE('',*,*,#17048,.F.);
#17124 = ORIENTED_EDGE('',*,*,#4602,.F.);
#17125 = ADVANCED_FACE('',(#17126),#2602,.F.);
#17126 = FACE_BOUND('',#17127,.F.);
#17127 = EDGE_LOOP('',(#17128,#17129,#17130,#17151));
#17128 = ORIENTED_EDGE('',*,*,#17077,.T.);
#17129 = ORIENTED_EDGE('',*,*,#8972,.T.);
#17130 = ORIENTED_EDGE('',*,*,#17131,.F.);
#17131 = EDGE_CURVE('',#2587,#8973,#17132,.T.);
#17132 = SURFACE_CURVE('',#17133,(#17137,#17144),.PCURVE_S1.);
#17133 = LINE('',#17134,#17135);
#17134 = CARTESIAN_POINT('',(-14.,-44.09691924176,63.731559790933));
#17135 = VECTOR('',#17136,1.);
#17136 = DIRECTION('',(1.,0.,0.));
#17137 = PCURVE('',#2602,#17138);
#17138 = DEFINITIONAL_REPRESENTATION('',(#17139),#17143);
#17139 = LINE('',#17140,#17141);
#17140 = CARTESIAN_POINT('',(5.905241890921,0.));
#17141 = VECTOR('',#17142,1.);
#17142 = DIRECTION('',(0.,-1.));
#17143 = ( GEOMETRIC_REPRESENTATION_CONTEXT(2) 
PARAMETRIC_REPRESENTATION_CONTEXT() REPRESENTATION_CONTEXT('2D SPACE',''
  ) );
#17144 = PCURVE('',#2630,#17145);
#17145 = DEFINITIONAL_REPRESENTATION('',(#17146),#17150);
#17146 = LINE('',#17147,#17148);
#17147 = CARTESIAN_POINT('',(0.,0.));
#17148 = VECTOR('',#17149,1.);
#17149 = DIRECTION('',(0.,-1.));
#17150 = ( GEOMETRIC_REPRESENTATION_CONTEXT(2) 
PARAMETRIC_REPRESENTATION_CONTEXT() REPRESENTATION_CONTEXT('2D SPACE',''
  ) );
#17151 = ORIENTED_EDGE('',*,*,#2586,.F.);
#17152 = ADVANCED_FACE('',(#17153),#4590,.F.);
#17153 = FACE_BOUND('',#17154,.F.);
#17154 = EDGE_LOOP('',(#17155,#17176,#17177,#17178));
#17155 = ORIENTED_EDGE('',*,*,#17156,.T.);
#17156 = EDGE_CURVE('',#4547,#10583,#17157,.T.);
#17157 = SURFACE_CURVE('',#17158,(#17162,#17169),.PCURVE_S1.);
#17158 = LINE('',#17159,#17160);
#17159 = CARTESIAN_POINT('',(-14.,-45.5242502201,-55.61976507409));
#17160 = VECTOR('',#17161,1.);
#17161 = DIRECTION('',(1.,0.,0.));
#17162 = PCURVE('',#4590,#17163);
#17163 = DEFINITIONAL_REPRESENTATION('',(#17164),#17168);
#17164 = LINE('',#17165,#17166);
#17165 = CARTESIAN_POINT('',(0.,0.));
#17166 = VECTOR('',#17167,1.);
#17167 = DIRECTION('',(0.,-1.));
#17168 = ( GEOMETRIC_REPRESENTATION_CONTEXT(2) 
PARAMETRIC_REPRESENTATION_CONTEXT() REPRESENTATION_CONTEXT('2D SPACE',''
  ) );
#17169 = PCURVE('',#4562,#17170);
#17170 = DEFINITIONAL_REPRESENTATION('',(#17171),#17175);
#17171 = LINE('',#17172,#17173);
#17172 = CARTESIAN_POINT('',(5.905241890921,0.));
#17173 = VECTOR('',#17174,1.);
#17174 = DIRECTION('',(0.,-1.));
#17175 = ( GEOMETRIC_REPRESENTATION_CONTEXT(2) 
PARAMETRIC_REPRESENTATION_CONTEXT() REPRESENTATION_CONTEXT('2D SPACE',''
  ) );
#17176 = ORIENTED_EDGE('',*,*,#10605,.T.);
#17177 = ORIENTED_EDGE('',*,*,#17102,.F.);
#17178 = ORIENTED_EDGE('',*,*,#4574,.F.);
#17179 = ADVANCED_FACE('',(#17180),#2630,.F.);
#17180 = FACE_BOUND('',#17181,.F.);
#17181 = EDGE_LOOP('',(#17182,#17183,#17184,#17205));
#17182 = ORIENTED_EDGE('',*,*,#17131,.T.);
#17183 = ORIENTED_EDGE('',*,*,#8995,.T.);
#17184 = ORIENTED_EDGE('',*,*,#17185,.F.);
#17185 = EDGE_CURVE('',#2615,#8996,#17186,.T.);
#17186 = SURFACE_CURVE('',#17187,(#17191,#17198),.PCURVE_S1.);
#17187 = LINE('',#17188,#17189);
#17188 = CARTESIAN_POINT('',(-14.,-46.98561778753,61.632797446843));
#17189 = VECTOR('',#17190,1.);
#17190 = DIRECTION('',(1.,0.,0.));
#17191 = PCURVE('',#2630,#17192);
#17192 = DEFINITIONAL_REPRESENTATION('',(#17193),#17197);
#17193 = LINE('',#17194,#17195);
#17194 = CARTESIAN_POINT('',(3.570627769079,0.));
#17195 = VECTOR('',#17196,1.);
#17196 = DIRECTION('',(0.,-1.));
#17197 = ( GEOMETRIC_REPRESENTATION_CONTEXT(2) 
PARAMETRIC_REPRESENTATION_CONTEXT() REPRESENTATION_CONTEXT('2D SPACE',''
  ) );
#17198 = PCURVE('',#2658,#17199);
#17199 = DEFINITIONAL_REPRESENTATION('',(#17200),#17204);
#17200 = LINE('',#17201,#17202);
#17201 = CARTESIAN_POINT('',(0.,0.));
#17202 = VECTOR('',#17203,1.);
#17203 = DIRECTION('',(0.,-1.));
#17204 = ( GEOMETRIC_REPRESENTATION_CONTEXT(2) 
PARAMETRIC_REPRESENTATION_CONTEXT() REPRESENTATION_CONTEXT('2D SPACE',''
  ) );
#17205 = ORIENTED_EDGE('',*,*,#2614,.F.);
#17206 = ADVANCED_FACE('',(#17207),#4562,.F.);
#17207 = FACE_BOUND('',#17208,.F.);
#17208 = EDGE_LOOP('',(#17209,#17230,#17231,#17232));
#17209 = ORIENTED_EDGE('',*,*,#17210,.T.);
#17210 = EDGE_CURVE('',#4519,#10560,#17211,.T.);
#17211 = SURFACE_CURVE('',#17212,(#17216,#17223),.PCURVE_S1.);
#17212 = LINE('',#17213,#17214);
#17213 = CARTESIAN_POINT('',(-14.,-50.51711371081,-58.77304843487));
#17214 = VECTOR('',#17215,1.);
#17215 = DIRECTION('',(1.,0.,0.));
#17216 = PCURVE('',#4562,#17217);
#17217 = DEFINITIONAL_REPRESENTATION('',(#17218),#17222);
#17218 = LINE('',#17219,#17220);
#17219 = CARTESIAN_POINT('',(0.,0.));
#17220 = VECTOR('',#17221,1.);
#17221 = DIRECTION('',(0.,-1.));
#17222 = ( GEOMETRIC_REPRESENTATION_CONTEXT(2) 
PARAMETRIC_REPRESENTATION_CONTEXT() REPRESENTATION_CONTEXT('2D SPACE',''
  ) );
#17223 = PCURVE('',#4534,#17224);
#17224 = DEFINITIONAL_REPRESENTATION('',(#17225),#17229);
#17225 = LINE('',#17226,#17227);
#17226 = CARTESIAN_POINT('',(3.570627769079,0.));
#17227 = VECTOR('',#17228,1.);
#17228 = DIRECTION('',(0.,-1.));
#17229 = ( GEOMETRIC_REPRESENTATION_CONTEXT(2) 
PARAMETRIC_REPRESENTATION_CONTEXT() REPRESENTATION_CONTEXT('2D SPACE',''
  ) );
#17230 = ORIENTED_EDGE('',*,*,#10582,.T.);
#17231 = ORIENTED_EDGE('',*,*,#17156,.F.);
#17232 = ORIENTED_EDGE('',*,*,#4546,.F.);
#17233 = ADVANCED_FACE('',(#17234),#2658,.F.);
#17234 = FACE_BOUND('',#17235,.F.);
#17235 = EDGE_LOOP('',(#17236,#17237,#17238,#17259));
#17236 = ORIENTED_EDGE('',*,*,#17185,.T.);
#17237 = ORIENTED_EDGE('',*,*,#9018,.T.);
#17238 = ORIENTED_EDGE('',*,*,#17239,.F.);
#17239 = EDGE_CURVE('',#2643,#9019,#17240,.T.);
#17240 = SURFACE_CURVE('',#17241,(#17245,#17252),.PCURVE_S1.);
#17241 = LINE('',#17242,#17243);
#17242 = CARTESIAN_POINT('',(-14.,-44.93931592412,56.093435527442));
#17243 = VECTOR('',#17244,1.);
#17244 = DIRECTION('',(1.,0.,0.));
#17245 = PCURVE('',#2658,#17246);
#17246 = DEFINITIONAL_REPRESENTATION('',(#17247),#17251);
#17247 = LINE('',#17248,#17249);
#17248 = CARTESIAN_POINT('',(5.905241890921,0.));
#17249 = VECTOR('',#17250,1.);
#17250 = DIRECTION('',(0.,-1.));
#17251 = ( GEOMETRIC_REPRESENTATION_CONTEXT(2) 
PARAMETRIC_REPRESENTATION_CONTEXT() REPRESENTATION_CONTEXT('2D SPACE',''
  ) );
#17252 = PCURVE('',#2686,#17253);
#17253 = DEFINITIONAL_REPRESENTATION('',(#17254),#17258);
#17254 = LINE('',#17255,#17256);
#17255 = CARTESIAN_POINT('',(0.,0.));
#17256 = VECTOR('',#17257,1.);
#17257 = DIRECTION('',(0.,-1.));
#17258 = ( GEOMETRIC_REPRESENTATION_CONTEXT(2) 
PARAMETRIC_REPRESENTATION_CONTEXT() REPRESENTATION_CONTEXT('2D SPACE',''
  ) );
#17259 = ORIENTED_EDGE('',*,*,#2642,.F.);
#17260 = ADVANCED_FACE('',(#17261),#4534,.F.);
#17261 = FACE_BOUND('',#17262,.F.);
#17262 = EDGE_LOOP('',(#17263,#17284,#17285,#17286));
#17263 = ORIENTED_EDGE('',*,*,#17264,.T.);
#17264 = EDGE_CURVE('',#4491,#10537,#17265,.T.);
#17265 = SURFACE_CURVE('',#17266,(#17270,#17277),.PCURVE_S1.);
#17266 = LINE('',#17267,#17268);
#17267 = CARTESIAN_POINT('',(-14.,-53.17060726111,-56.38383211067));
#17268 = VECTOR('',#17269,1.);
#17269 = DIRECTION('',(1.,0.,0.));
#17270 = PCURVE('',#4534,#17271);
#17271 = DEFINITIONAL_REPRESENTATION('',(#17272),#17276);
#17272 = LINE('',#17273,#17274);
#17273 = CARTESIAN_POINT('',(0.,0.));
#17274 = VECTOR('',#17275,1.);
#17275 = DIRECTION('',(0.,-1.));
#17276 = ( GEOMETRIC_REPRESENTATION_CONTEXT(2) 
PARAMETRIC_REPRESENTATION_CONTEXT() REPRESENTATION_CONTEXT('2D SPACE',''
  ) );
#17277 = PCURVE('',#4506,#17278);
#17278 = DEFINITIONAL_REPRESENTATION('',(#17279),#17283);
#17279 = LINE('',#17280,#17281);
#17280 = CARTESIAN_POINT('',(5.905241890921,0.));
#17281 = VECTOR('',#17282,1.);
#17282 = DIRECTION('',(0.,-1.));
#17283 = ( GEOMETRIC_REPRESENTATION_CONTEXT(2) 
PARAMETRIC_REPRESENTATION_CONTEXT() REPRESENTATION_CONTEXT('2D SPACE',''
  ) );
#17284 = ORIENTED_EDGE('',*,*,#10559,.T.);
#17285 = ORIENTED_EDGE('',*,*,#17210,.F.);
#17286 = ORIENTED_EDGE('',*,*,#4518,.F.);
#17287 = ADVANCED_FACE('',(#17288),#2686,.F.);
#17288 = FACE_BOUND('',#17289,.F.);
#17289 = EDGE_LOOP('',(#17290,#17291,#17292,#17313));
#17290 = ORIENTED_EDGE('',*,*,#17239,.T.);
#17291 = ORIENTED_EDGE('',*,*,#9041,.T.);
#17292 = ORIENTED_EDGE('',*,*,#17293,.F.);
#17293 = EDGE_CURVE('',#2671,#9042,#17294,.T.);
#17294 = SURFACE_CURVE('',#17295,(#17299,#17306),.PCURVE_S1.);
#17295 = LINE('',#17296,#17297);
#17296 = CARTESIAN_POINT('',(-14.,-45.5242502201,55.619765074093));
#17297 = VECTOR('',#17298,1.);
#17298 = DIRECTION('',(1.,0.,0.));
#17299 = PCURVE('',#2686,#17300);
#17300 = DEFINITIONAL_REPRESENTATION('',(#17301),#17305);
#17301 = LINE('',#17302,#17303);
#17302 = CARTESIAN_POINT('',(0.752669800767,0.));
#17303 = VECTOR('',#17304,1.);
#17304 = DIRECTION('',(0.,-1.));
#17305 = ( GEOMETRIC_REPRESENTATION_CONTEXT(2) 
PARAMETRIC_REPRESENTATION_CONTEXT() REPRESENTATION_CONTEXT('2D SPACE',''
  ) );
#17306 = PCURVE('',#2714,#17307);
#17307 = DEFINITIONAL_REPRESENTATION('',(#17308),#17312);
#17308 = LINE('',#17309,#17310);
#17309 = CARTESIAN_POINT('',(0.,0.));
#17310 = VECTOR('',#17311,1.);
#17311 = DIRECTION('',(0.,-1.));
#17312 = ( GEOMETRIC_REPRESENTATION_CONTEXT(2) 
PARAMETRIC_REPRESENTATION_CONTEXT() REPRESENTATION_CONTEXT('2D SPACE',''
  ) );
#17313 = ORIENTED_EDGE('',*,*,#2670,.F.);
#17314 = ADVANCED_FACE('',(#17315),#4506,.F.);
#17315 = FACE_BOUND('',#17316,.F.);
#17316 = EDGE_LOOP('',(#17317,#17338,#17339,#17340));
#17317 = ORIENTED_EDGE('',*,*,#17318,.T.);
#17318 = EDGE_CURVE('',#4463,#10514,#17319,.T.);
#17319 = SURFACE_CURVE('',#17320,(#17324,#17331),.PCURVE_S1.);
#17320 = LINE('',#17321,#17322);
#17321 = CARTESIAN_POINT('',(-14.,-50.5564942645,-51.08871218462));
#17322 = VECTOR('',#17323,1.);
#17323 = DIRECTION('',(1.,0.,0.));
#17324 = PCURVE('',#4506,#17325);
#17325 = DEFINITIONAL_REPRESENTATION('',(#17326),#17330);
#17326 = LINE('',#17327,#17328);
#17327 = CARTESIAN_POINT('',(0.,0.));
#17328 = VECTOR('',#17329,1.);
#17329 = DIRECTION('',(0.,-1.));
#17330 = ( GEOMETRIC_REPRESENTATION_CONTEXT(2) 
PARAMETRIC_REPRESENTATION_CONTEXT() REPRESENTATION_CONTEXT('2D SPACE',''
  ) );
#17331 = PCURVE('',#4478,#17332);
#17332 = DEFINITIONAL_REPRESENTATION('',(#17333),#17337);
#17333 = LINE('',#17334,#17335);
#17334 = CARTESIAN_POINT('',(0.752669800767,0.));
#17335 = VECTOR('',#17336,1.);
#17336 = DIRECTION('',(0.,-1.));
#17337 = ( GEOMETRIC_REPRESENTATION_CONTEXT(2) 
PARAMETRIC_REPRESENTATION_CONTEXT() REPRESENTATION_CONTEXT('2D SPACE',''
  ) );
#17338 = ORIENTED_EDGE('',*,*,#10536,.T.);
#17339 = ORIENTED_EDGE('',*,*,#17264,.F.);
#17340 = ORIENTED_EDGE('',*,*,#4490,.F.);
#17341 = ADVANCED_FACE('',(#17342),#2714,.F.);
#17342 = FACE_BOUND('',#17343,.F.);
#17343 = EDGE_LOOP('',(#17344,#17345,#17346,#17367));
#17344 = ORIENTED_EDGE('',*,*,#17293,.T.);
#17345 = ORIENTED_EDGE('',*,*,#9064,.T.);
#17346 = ORIENTED_EDGE('',*,*,#17347,.F.);
#17347 = EDGE_CURVE('',#2699,#9065,#17348,.T.);
#17348 = SURFACE_CURVE('',#17349,(#17353,#17360),.PCURVE_S1.);
#17349 = LINE('',#17350,#17351);
#17350 = CARTESIAN_POINT('',(-14.,-50.51711371081,58.773048434876));
#17351 = VECTOR('',#17352,1.);
#17352 = DIRECTION('',(1.,0.,0.));
#17353 = PCURVE('',#2714,#17354);
#17354 = DEFINITIONAL_REPRESENTATION('',(#17355),#17359);
#17355 = LINE('',#17356,#17357);
#17356 = CARTESIAN_POINT('',(5.905241890921,0.));
#17357 = VECTOR('',#17358,1.);
#17358 = DIRECTION('',(0.,-1.));
#17359 = ( GEOMETRIC_REPRESENTATION_CONTEXT(2) 
PARAMETRIC_REPRESENTATION_CONTEXT() REPRESENTATION_CONTEXT('2D SPACE',''
  ) );
#17360 = PCURVE('',#2742,#17361);
#17361 = DEFINITIONAL_REPRESENTATION('',(#17362),#17366);
#17362 = LINE('',#17363,#17364);
#17363 = CARTESIAN_POINT('',(0.,0.));
#17364 = VECTOR('',#17365,1.);
#17365 = DIRECTION('',(0.,-1.));
#17366 = ( GEOMETRIC_REPRESENTATION_CONTEXT(2) 
PARAMETRIC_REPRESENTATION_CONTEXT() REPRESENTATION_CONTEXT('2D SPACE',''
  ) );
#17367 = ORIENTED_EDGE('',*,*,#2698,.F.);
#17368 = ADVANCED_FACE('',(#17369),#4478,.F.);
#17369 = FACE_BOUND('',#17370,.F.);
#17370 = EDGE_LOOP('',(#17371,#17392,#17393,#17394));
#17371 = ORIENTED_EDGE('',*,*,#17372,.T.);
#17372 = EDGE_CURVE('',#4435,#10491,#17373,.T.);
#17373 = SURFACE_CURVE('',#17374,(#17378,#17385),.PCURVE_S1.);
#17374 = LINE('',#17375,#17376);
#17375 = CARTESIAN_POINT('',(-14.,-51.08871218462,-50.5564942645));
#17376 = VECTOR('',#17377,1.);
#17377 = DIRECTION('',(1.,0.,0.));
#17378 = PCURVE('',#4478,#17379);
#17379 = DEFINITIONAL_REPRESENTATION('',(#17380),#17384);
#17380 = LINE('',#17381,#17382);
#17381 = CARTESIAN_POINT('',(0.,0.));
#17382 = VECTOR('',#17383,1.);
#17383 = DIRECTION('',(0.,-1.));
#17384 = ( GEOMETRIC_REPRESENTATION_CONTEXT(2) 
PARAMETRIC_REPRESENTATION_CONTEXT() REPRESENTATION_CONTEXT('2D SPACE',''
  ) );
#17385 = PCURVE('',#4450,#17386);
#17386 = DEFINITIONAL_REPRESENTATION('',(#17387),#17391);
#17387 = LINE('',#17388,#17389);
#17388 = CARTESIAN_POINT('',(5.905241890921,0.));
#17389 = VECTOR('',#17390,1.);
#17390 = DIRECTION('',(0.,-1.));
#17391 = ( GEOMETRIC_REPRESENTATION_CONTEXT(2) 
PARAMETRIC_REPRESENTATION_CONTEXT() REPRESENTATION_CONTEXT('2D SPACE',''
  ) );
#17392 = ORIENTED_EDGE('',*,*,#10513,.T.);
#17393 = ORIENTED_EDGE('',*,*,#17318,.F.);
#17394 = ORIENTED_EDGE('',*,*,#4462,.F.);
#17395 = ADVANCED_FACE('',(#17396),#2742,.F.);
#17396 = FACE_BOUND('',#17397,.F.);
#17397 = EDGE_LOOP('',(#17398,#17399,#17400,#17421));
#17398 = ORIENTED_EDGE('',*,*,#17347,.T.);
#17399 = ORIENTED_EDGE('',*,*,#9087,.T.);
#17400 = ORIENTED_EDGE('',*,*,#17401,.F.);
#17401 = EDGE_CURVE('',#2727,#9088,#17402,.T.);
#17402 = SURFACE_CURVE('',#17403,(#17407,#17414),.PCURVE_S1.);
#17403 = LINE('',#17404,#17405);
#17404 = CARTESIAN_POINT('',(-14.,-53.17060726111,56.38383211067));
#17405 = VECTOR('',#17406,1.);
#17406 = DIRECTION('',(1.,0.,0.));
#17407 = PCURVE('',#2742,#17408);
#17408 = DEFINITIONAL_REPRESENTATION('',(#17409),#17413);
#17409 = LINE('',#17410,#17411);
#17410 = CARTESIAN_POINT('',(3.570627769079,0.));
#17411 = VECTOR('',#17412,1.);
#17412 = DIRECTION('',(0.,-1.));
#17413 = ( GEOMETRIC_REPRESENTATION_CONTEXT(2) 
PARAMETRIC_REPRESENTATION_CONTEXT() REPRESENTATION_CONTEXT('2D SPACE',''
  ) );
#17414 = PCURVE('',#2770,#17415);
#17415 = DEFINITIONAL_REPRESENTATION('',(#17416),#17420);
#17416 = LINE('',#17417,#17418);
#17417 = CARTESIAN_POINT('',(0.,0.));
#17418 = VECTOR('',#17419,1.);
#17419 = DIRECTION('',(0.,-1.));
#17420 = ( GEOMETRIC_REPRESENTATION_CONTEXT(2) 
PARAMETRIC_REPRESENTATION_CONTEXT() REPRESENTATION_CONTEXT('2D SPACE',''
  ) );
#17421 = ORIENTED_EDGE('',*,*,#2726,.F.);
#17422 = ADVANCED_FACE('',(#17423),#4450,.F.);
#17423 = FACE_BOUND('',#17424,.F.);
#17424 = EDGE_LOOP('',(#17425,#17446,#17447,#17448));
#17425 = ORIENTED_EDGE('',*,*,#17426,.T.);
#17426 = EDGE_CURVE('',#4407,#10468,#17427,.T.);
#17427 = SURFACE_CURVE('',#17428,(#17432,#17439),.PCURVE_S1.);
#17428 = LINE('',#17429,#17430);
#17429 = CARTESIAN_POINT('',(-14.,-56.38383211067,-53.17060726111));
#17430 = VECTOR('',#17431,1.);
#17431 = DIRECTION('',(1.,0.,0.));
#17432 = PCURVE('',#4450,#17433);
#17433 = DEFINITIONAL_REPRESENTATION('',(#17434),#17438);
#17434 = LINE('',#17435,#17436);
#17435 = CARTESIAN_POINT('',(0.,0.));
#17436 = VECTOR('',#17437,1.);
#17437 = DIRECTION('',(0.,-1.));
#17438 = ( GEOMETRIC_REPRESENTATION_CONTEXT(2) 
PARAMETRIC_REPRESENTATION_CONTEXT() REPRESENTATION_CONTEXT('2D SPACE',''
  ) );
#17439 = PCURVE('',#4422,#17440);
#17440 = DEFINITIONAL_REPRESENTATION('',(#17441),#17445);
#17441 = LINE('',#17442,#17443);
#17442 = CARTESIAN_POINT('',(3.570627769079,0.));
#17443 = VECTOR('',#17444,1.);
#17444 = DIRECTION('',(0.,-1.));
#17445 = ( GEOMETRIC_REPRESENTATION_CONTEXT(2) 
PARAMETRIC_REPRESENTATION_CONTEXT() REPRESENTATION_CONTEXT('2D SPACE',''
  ) );
#17446 = ORIENTED_EDGE('',*,*,#10490,.T.);
#17447 = ORIENTED_EDGE('',*,*,#17372,.F.);
#17448 = ORIENTED_EDGE('',*,*,#4434,.F.);
#17449 = ADVANCED_FACE('',(#17450),#2770,.F.);
#17450 = FACE_BOUND('',#17451,.F.);
#17451 = EDGE_LOOP('',(#17452,#17453,#17454,#17475));
#17452 = ORIENTED_EDGE('',*,*,#17401,.T.);
#17453 = ORIENTED_EDGE('',*,*,#9110,.T.);
#17454 = ORIENTED_EDGE('',*,*,#17455,.F.);
#17455 = EDGE_CURVE('',#2755,#9111,#17456,.T.);
#17456 = SURFACE_CURVE('',#17457,(#17461,#17468),.PCURVE_S1.);
#17457 = LINE('',#17458,#17459);
#17458 = CARTESIAN_POINT('',(-14.,-50.5564942645,51.088712184621));
#17459 = VECTOR('',#17460,1.);
#17460 = DIRECTION('',(1.,0.,0.));
#17461 = PCURVE('',#2770,#17462);
#17462 = DEFINITIONAL_REPRESENTATION('',(#17463),#17467);
#17463 = LINE('',#17464,#17465);
#17464 = CARTESIAN_POINT('',(5.905241890921,0.));
#17465 = VECTOR('',#17466,1.);
#17466 = DIRECTION('',(0.,-1.));
#17467 = ( GEOMETRIC_REPRESENTATION_CONTEXT(2) 
PARAMETRIC_REPRESENTATION_CONTEXT() REPRESENTATION_CONTEXT('2D SPACE',''
  ) );
#17468 = PCURVE('',#2798,#17469);
#17469 = DEFINITIONAL_REPRESENTATION('',(#17470),#17474);
#17470 = LINE('',#17471,#17472);
#17471 = CARTESIAN_POINT('',(0.,0.));
#17472 = VECTOR('',#17473,1.);
#17473 = DIRECTION('',(0.,-1.));
#17474 = ( GEOMETRIC_REPRESENTATION_CONTEXT(2) 
PARAMETRIC_REPRESENTATION_CONTEXT() REPRESENTATION_CONTEXT('2D SPACE',''
  ) );
#17475 = ORIENTED_EDGE('',*,*,#2754,.F.);
#17476 = ADVANCED_FACE('',(#17477),#4422,.F.);
#17477 = FACE_BOUND('',#17478,.F.);
#17478 = EDGE_LOOP('',(#17479,#17500,#17501,#17502));
#17479 = ORIENTED_EDGE('',*,*,#17480,.T.);
#17480 = EDGE_CURVE('',#4379,#10445,#17481,.T.);
#17481 = SURFACE_CURVE('',#17482,(#17486,#17493),.PCURVE_S1.);
#17482 = LINE('',#17483,#17484);
#17483 = CARTESIAN_POINT('',(-14.,-58.77304843487,-50.51711371081));
#17484 = VECTOR('',#17485,1.);
#17485 = DIRECTION('',(1.,0.,0.));
#17486 = PCURVE('',#4422,#17487);
#17487 = DEFINITIONAL_REPRESENTATION('',(#17488),#17492);
#17488 = LINE('',#17489,#17490);
#17489 = CARTESIAN_POINT('',(0.,0.));
#17490 = VECTOR('',#17491,1.);
#17491 = DIRECTION('',(0.,-1.));
#17492 = ( GEOMETRIC_REPRESENTATION_CONTEXT(2) 
PARAMETRIC_REPRESENTATION_CONTEXT() REPRESENTATION_CONTEXT('2D SPACE',''
  ) );
#17493 = PCURVE('',#4394,#17494);
#17494 = DEFINITIONAL_REPRESENTATION('',(#17495),#17499);
#17495 = LINE('',#17496,#17497);
#17496 = CARTESIAN_POINT('',(5.905241890921,0.));
#17497 = VECTOR('',#17498,1.);
#17498 = DIRECTION('',(0.,-1.));
#17499 = ( GEOMETRIC_REPRESENTATION_CONTEXT(2) 
PARAMETRIC_REPRESENTATION_CONTEXT() REPRESENTATION_CONTEXT('2D SPACE',''
  ) );
#17500 = ORIENTED_EDGE('',*,*,#10467,.T.);
#17501 = ORIENTED_EDGE('',*,*,#17426,.F.);
#17502 = ORIENTED_EDGE('',*,*,#4406,.F.);
#17503 = ADVANCED_FACE('',(#17504),#2798,.F.);
#17504 = FACE_BOUND('',#17505,.F.);
#17505 = EDGE_LOOP('',(#17506,#17507,#17508,#17529));
#17506 = ORIENTED_EDGE('',*,*,#17455,.T.);
#17507 = ORIENTED_EDGE('',*,*,#9133,.T.);
#17508 = ORIENTED_EDGE('',*,*,#17509,.F.);
#17509 = EDGE_CURVE('',#2783,#9134,#17510,.T.);
#17510 = SURFACE_CURVE('',#17511,(#17515,#17522),.PCURVE_S1.);
#17511 = LINE('',#17512,#17513);
#17512 = CARTESIAN_POINT('',(-14.,-51.08871218462,50.556494264505));
#17513 = VECTOR('',#17514,1.);
#17514 = DIRECTION('',(1.,0.,0.));
#17515 = PCURVE('',#2798,#17516);
#17516 = DEFINITIONAL_REPRESENTATION('',(#17517),#17521);
#17517 = LINE('',#17518,#17519);
#17518 = CARTESIAN_POINT('',(0.752669800767,0.));
#17519 = VECTOR('',#17520,1.);
#17520 = DIRECTION('',(0.,-1.));
#17521 = ( GEOMETRIC_REPRESENTATION_CONTEXT(2) 
PARAMETRIC_REPRESENTATION_CONTEXT() REPRESENTATION_CONTEXT('2D SPACE',''
  ) );
#17522 = PCURVE('',#2826,#17523);
#17523 = DEFINITIONAL_REPRESENTATION('',(#17524),#17528);
#17524 = LINE('',#17525,#17526);
#17525 = CARTESIAN_POINT('',(0.,0.));
#17526 = VECTOR('',#17527,1.);
#17527 = DIRECTION('',(0.,-1.));
#17528 = ( GEOMETRIC_REPRESENTATION_CONTEXT(2) 
PARAMETRIC_REPRESENTATION_CONTEXT() REPRESENTATION_CONTEXT('2D SPACE',''
  ) );
#17529 = ORIENTED_EDGE('',*,*,#2782,.F.);
#17530 = ADVANCED_FACE('',(#17531),#4394,.F.);
#17531 = FACE_BOUND('',#17532,.F.);
#17532 = EDGE_LOOP('',(#17533,#17554,#17555,#17556));
#17533 = ORIENTED_EDGE('',*,*,#17534,.T.);
#17534 = EDGE_CURVE('',#4351,#10422,#17535,.T.);
#17535 = SURFACE_CURVE('',#17536,(#17540,#17547),.PCURVE_S1.);
#17536 = LINE('',#17537,#17538);
#17537 = CARTESIAN_POINT('',(-14.,-55.61976507409,-45.5242502201));
#17538 = VECTOR('',#17539,1.);
#17539 = DIRECTION('',(1.,0.,0.));
#17540 = PCURVE('',#4394,#17541);
#17541 = DEFINITIONAL_REPRESENTATION('',(#17542),#17546);
#17542 = LINE('',#17543,#17544);
#17543 = CARTESIAN_POINT('',(0.,0.));
#17544 = VECTOR('',#17545,1.);
#17545 = DIRECTION('',(0.,-1.));
#17546 = ( GEOMETRIC_REPRESENTATION_CONTEXT(2) 
PARAMETRIC_REPRESENTATION_CONTEXT() REPRESENTATION_CONTEXT('2D SPACE',''
  ) );
#17547 = PCURVE('',#4366,#17548);
#17548 = DEFINITIONAL_REPRESENTATION('',(#17549),#17553);
#17549 = LINE('',#17550,#17551);
#17550 = CARTESIAN_POINT('',(0.752669800767,0.));
#17551 = VECTOR('',#17552,1.);
#17552 = DIRECTION('',(0.,-1.));
#17553 = ( GEOMETRIC_REPRESENTATION_CONTEXT(2) 
PARAMETRIC_REPRESENTATION_CONTEXT() REPRESENTATION_CONTEXT('2D SPACE',''
  ) );
#17554 = ORIENTED_EDGE('',*,*,#10444,.T.);
#17555 = ORIENTED_EDGE('',*,*,#17480,.F.);
#17556 = ORIENTED_EDGE('',*,*,#4378,.F.);
#17557 = ADVANCED_FACE('',(#17558),#2826,.F.);
#17558 = FACE_BOUND('',#17559,.F.);
#17559 = EDGE_LOOP('',(#17560,#17561,#17562,#17583));
#17560 = ORIENTED_EDGE('',*,*,#17509,.T.);
#17561 = ORIENTED_EDGE('',*,*,#9156,.T.);
#17562 = ORIENTED_EDGE('',*,*,#17563,.F.);
#17563 = EDGE_CURVE('',#2811,#9157,#17564,.T.);
#17564 = SURFACE_CURVE('',#17565,(#17569,#17576),.PCURVE_S1.);
#17565 = LINE('',#17566,#17567);
#17566 = CARTESIAN_POINT('',(-14.,-56.38383211067,53.170607261115));
#17567 = VECTOR('',#17568,1.);
#17568 = DIRECTION('',(1.,0.,0.));
#17569 = PCURVE('',#2826,#17570);
#17570 = DEFINITIONAL_REPRESENTATION('',(#17571),#17575);
#17571 = LINE('',#17572,#17573);
#17572 = CARTESIAN_POINT('',(5.905241890921,0.));
#17573 = VECTOR('',#17574,1.);
#17574 = DIRECTION('',(0.,-1.));
#17575 = ( GEOMETRIC_REPRESENTATION_CONTEXT(2) 
PARAMETRIC_REPRESENTATION_CONTEXT() REPRESENTATION_CONTEXT('2D SPACE',''
  ) );
#17576 = PCURVE('',#2854,#17577);
#17577 = DEFINITIONAL_REPRESENTATION('',(#17578),#17582);
#17578 = LINE('',#17579,#17580);
#17579 = CARTESIAN_POINT('',(0.,0.));
#17580 = VECTOR('',#17581,1.);
#17581 = DIRECTION('',(0.,-1.));
#17582 = ( GEOMETRIC_REPRESENTATION_CONTEXT(2) 
PARAMETRIC_REPRESENTATION_CONTEXT() REPRESENTATION_CONTEXT('2D SPACE',''
  ) );
#17583 = ORIENTED_EDGE('',*,*,#2810,.F.);
#17584 = ADVANCED_FACE('',(#17585),#4366,.F.);
#17585 = FACE_BOUND('',#17586,.F.);
#17586 = EDGE_LOOP('',(#17587,#17608,#17609,#17610));
#17587 = ORIENTED_EDGE('',*,*,#17588,.T.);
#17588 = EDGE_CURVE('',#4323,#10399,#17589,.T.);
#17589 = SURFACE_CURVE('',#17590,(#17594,#17601),.PCURVE_S1.);
#17590 = LINE('',#17591,#17592);
#17591 = CARTESIAN_POINT('',(-14.,-56.09343552744,-44.93931592412));
#17592 = VECTOR('',#17593,1.);
#17593 = DIRECTION('',(1.,0.,0.));
#17594 = PCURVE('',#4366,#17595);
#17595 = DEFINITIONAL_REPRESENTATION('',(#17596),#17600);
#17596 = LINE('',#17597,#17598);
#17597 = CARTESIAN_POINT('',(0.,0.));
#17598 = VECTOR('',#17599,1.);
#17599 = DIRECTION('',(0.,-1.));
#17600 = ( GEOMETRIC_REPRESENTATION_CONTEXT(2) 
PARAMETRIC_REPRESENTATION_CONTEXT() REPRESENTATION_CONTEXT('2D SPACE',''
  ) );
#17601 = PCURVE('',#4338,#17602);
#17602 = DEFINITIONAL_REPRESENTATION('',(#17603),#17607);
#17603 = LINE('',#17604,#17605);
#17604 = CARTESIAN_POINT('',(5.905241890921,0.));
#17605 = VECTOR('',#17606,1.);
#17606 = DIRECTION('',(0.,-1.));
#17607 = ( GEOMETRIC_REPRESENTATION_CONTEXT(2) 
PARAMETRIC_REPRESENTATION_CONTEXT() REPRESENTATION_CONTEXT('2D SPACE',''
  ) );
#17608 = ORIENTED_EDGE('',*,*,#10421,.T.);
#17609 = ORIENTED_EDGE('',*,*,#17534,.F.);
#17610 = ORIENTED_EDGE('',*,*,#4350,.F.);
#17611 = ADVANCED_FACE('',(#17612),#2854,.F.);
#17612 = FACE_BOUND('',#17613,.F.);
#17613 = EDGE_LOOP('',(#17614,#17615,#17616,#17637));
#17614 = ORIENTED_EDGE('',*,*,#17563,.T.);
#17615 = ORIENTED_EDGE('',*,*,#9179,.T.);
#17616 = ORIENTED_EDGE('',*,*,#17617,.F.);
#17617 = EDGE_CURVE('',#2839,#9180,#17618,.T.);
#17618 = SURFACE_CURVE('',#17619,(#17623,#17630),.PCURVE_S1.);
#17619 = LINE('',#17620,#17621);
#17620 = CARTESIAN_POINT('',(-14.,-58.77304843487,50.517113710818));
#17621 = VECTOR('',#17622,1.);
#17622 = DIRECTION('',(1.,0.,0.));
#17623 = PCURVE('',#2854,#17624);
#17624 = DEFINITIONAL_REPRESENTATION('',(#17625),#17629);
#17625 = LINE('',#17626,#17627);
#17626 = CARTESIAN_POINT('',(3.570627769079,0.));
#17627 = VECTOR('',#17628,1.);
#17628 = DIRECTION('',(0.,-1.));
#17629 = ( GEOMETRIC_REPRESENTATION_CONTEXT(2) 
PARAMETRIC_REPRESENTATION_CONTEXT() REPRESENTATION_CONTEXT('2D SPACE',''
  ) );
#17630 = PCURVE('',#2882,#17631);
#17631 = DEFINITIONAL_REPRESENTATION('',(#17632),#17636);
#17632 = LINE('',#17633,#17634);
#17633 = CARTESIAN_POINT('',(0.,0.));
#17634 = VECTOR('',#17635,1.);
#17635 = DIRECTION('',(0.,-1.));
#17636 = ( GEOMETRIC_REPRESENTATION_CONTEXT(2) 
PARAMETRIC_REPRESENTATION_CONTEXT() REPRESENTATION_CONTEXT('2D SPACE',''
  ) );
#17637 = ORIENTED_EDGE('',*,*,#2838,.F.);
#17638 = ADVANCED_FACE('',(#17639),#4338,.F.);
#17639 = FACE_BOUND('',#17640,.F.);
#17640 = EDGE_LOOP('',(#17641,#17662,#17663,#17664));
#17641 = ORIENTED_EDGE('',*,*,#17642,.T.);
#17642 = EDGE_CURVE('',#4295,#10376,#17643,.T.);
#17643 = SURFACE_CURVE('',#17644,(#17648,#17655),.PCURVE_S1.);
#17644 = LINE('',#17645,#17646);
#17645 = CARTESIAN_POINT('',(-14.,-61.63279744684,-46.98561778753));
#17646 = VECTOR('',#17647,1.);
#17647 = DIRECTION('',(1.,0.,0.));
#17648 = PCURVE('',#4338,#17649);
#17649 = DEFINITIONAL_REPRESENTATION('',(#17650),#17654);
#17650 = LINE('',#17651,#17652);
#17651 = CARTESIAN_POINT('',(0.,0.));
#17652 = VECTOR('',#17653,1.);
#17653 = DIRECTION('',(0.,-1.));
#17654 = ( GEOMETRIC_REPRESENTATION_CONTEXT(2) 
PARAMETRIC_REPRESENTATION_CONTEXT() REPRESENTATION_CONTEXT('2D SPACE',''
  ) );
#17655 = PCURVE('',#4310,#17656);
#17656 = DEFINITIONAL_REPRESENTATION('',(#17657),#17661);
#17657 = LINE('',#17658,#17659);
#17658 = CARTESIAN_POINT('',(3.570627769079,0.));
#17659 = VECTOR('',#17660,1.);
#17660 = DIRECTION('',(0.,-1.));
#17661 = ( GEOMETRIC_REPRESENTATION_CONTEXT(2) 
PARAMETRIC_REPRESENTATION_CONTEXT() REPRESENTATION_CONTEXT('2D SPACE',''
  ) );
#17662 = ORIENTED_EDGE('',*,*,#10398,.T.);
#17663 = ORIENTED_EDGE('',*,*,#17588,.F.);
#17664 = ORIENTED_EDGE('',*,*,#4322,.F.);
#17665 = ADVANCED_FACE('',(#17666),#2882,.F.);
#17666 = FACE_BOUND('',#17667,.F.);
#17667 = EDGE_LOOP('',(#17668,#17669,#17670,#17691));
#17668 = ORIENTED_EDGE('',*,*,#17617,.T.);
#17669 = ORIENTED_EDGE('',*,*,#9202,.T.);
#17670 = ORIENTED_EDGE('',*,*,#17671,.F.);
#17671 = EDGE_CURVE('',#2867,#9203,#17672,.T.);
#17672 = SURFACE_CURVE('',#17673,(#17677,#17684),.PCURVE_S1.);
#17673 = LINE('',#17674,#17675);
#17674 = CARTESIAN_POINT('',(-14.,-55.61976507409,45.524250220105));
#17675 = VECTOR('',#17676,1.);
#17676 = DIRECTION('',(1.,0.,0.));
#17677 = PCURVE('',#2882,#17678);
#17678 = DEFINITIONAL_REPRESENTATION('',(#17679),#17683);
#17679 = LINE('',#17680,#17681);
#17680 = CARTESIAN_POINT('',(5.905241890921,0.));
#17681 = VECTOR('',#17682,1.);
#17682 = DIRECTION('',(0.,-1.));
#17683 = ( GEOMETRIC_REPRESENTATION_CONTEXT(2) 
PARAMETRIC_REPRESENTATION_CONTEXT() REPRESENTATION_CONTEXT('2D SPACE',''
  ) );
#17684 = PCURVE('',#2910,#17685);
#17685 = DEFINITIONAL_REPRESENTATION('',(#17686),#17690);
#17686 = LINE('',#17687,#17688);
#17687 = CARTESIAN_POINT('',(0.,0.));
#17688 = VECTOR('',#17689,1.);
#17689 = DIRECTION('',(0.,-1.));
#17690 = ( GEOMETRIC_REPRESENTATION_CONTEXT(2) 
PARAMETRIC_REPRESENTATION_CONTEXT() REPRESENTATION_CONTEXT('2D SPACE',''
  ) );
#17691 = ORIENTED_EDGE('',*,*,#2866,.F.);
#17692 = ADVANCED_FACE('',(#17693),#4310,.F.);
#17693 = FACE_BOUND('',#17694,.F.);
#17694 = EDGE_LOOP('',(#17695,#17716,#17717,#17718));
#17695 = ORIENTED_EDGE('',*,*,#17696,.T.);
#17696 = EDGE_CURVE('',#4267,#10353,#17697,.T.);
#17697 = SURFACE_CURVE('',#17698,(#17702,#17709),.PCURVE_S1.);
#17698 = LINE('',#17699,#17700);
#17699 = CARTESIAN_POINT('',(-14.,-63.73155979093,-44.09691924176));
#17700 = VECTOR('',#17701,1.);
#17701 = DIRECTION('',(1.,0.,0.));
#17702 = PCURVE('',#4310,#17703);
#17703 = DEFINITIONAL_REPRESENTATION('',(#17704),#17708);
#17704 = LINE('',#17705,#17706);
#17705 = CARTESIAN_POINT('',(0.,0.));
#17706 = VECTOR('',#17707,1.);
#17707 = DIRECTION('',(0.,-1.));
#17708 = ( GEOMETRIC_REPRESENTATION_CONTEXT(2) 
PARAMETRIC_REPRESENTATION_CONTEXT() REPRESENTATION_CONTEXT('2D SPACE',''
  ) );
#17709 = PCURVE('',#4282,#17710);
#17710 = DEFINITIONAL_REPRESENTATION('',(#17711),#17715);
#17711 = LINE('',#17712,#17713);
#17712 = CARTESIAN_POINT('',(5.905241890921,0.));
#17713 = VECTOR('',#17714,1.);
#17714 = DIRECTION('',(0.,-1.));
#17715 = ( GEOMETRIC_REPRESENTATION_CONTEXT(2) 
PARAMETRIC_REPRESENTATION_CONTEXT() REPRESENTATION_CONTEXT('2D SPACE',''
  ) );
#17716 = ORIENTED_EDGE('',*,*,#10375,.T.);
#17717 = ORIENTED_EDGE('',*,*,#17642,.F.);
#17718 = ORIENTED_EDGE('',*,*,#4294,.F.);
#17719 = ADVANCED_FACE('',(#17720),#2910,.F.);
#17720 = FACE_BOUND('',#17721,.F.);
#17721 = EDGE_LOOP('',(#17722,#17723,#17724,#17745));
#17722 = ORIENTED_EDGE('',*,*,#17671,.T.);
#17723 = ORIENTED_EDGE('',*,*,#9225,.T.);
#17724 = ORIENTED_EDGE('',*,*,#17725,.F.);
#17725 = EDGE_CURVE('',#2895,#9226,#17726,.T.);
#17726 = SURFACE_CURVE('',#17727,(#17731,#17738),.PCURVE_S1.);
#17727 = LINE('',#17728,#17729);
#17728 = CARTESIAN_POINT('',(-14.,-56.09343552744,44.939315924129));
#17729 = VECTOR('',#17730,1.);
#17730 = DIRECTION('',(1.,0.,0.));
#17731 = PCURVE('',#2910,#17732);
#17732 = DEFINITIONAL_REPRESENTATION('',(#17733),#17737);
#17733 = LINE('',#17734,#17735);
#17734 = CARTESIAN_POINT('',(0.752669800767,0.));
#17735 = VECTOR('',#17736,1.);
#17736 = DIRECTION('',(0.,-1.));
#17737 = ( GEOMETRIC_REPRESENTATION_CONTEXT(2) 
PARAMETRIC_REPRESENTATION_CONTEXT() REPRESENTATION_CONTEXT('2D SPACE',''
  ) );
#17738 = PCURVE('',#2938,#17739);
#17739 = DEFINITIONAL_REPRESENTATION('',(#17740),#17744);
#17740 = LINE('',#17741,#17742);
#17741 = CARTESIAN_POINT('',(0.,0.));
#17742 = VECTOR('',#17743,1.);
#17743 = DIRECTION('',(0.,-1.));
#17744 = ( GEOMETRIC_REPRESENTATION_CONTEXT(2) 
PARAMETRIC_REPRESENTATION_CONTEXT() REPRESENTATION_CONTEXT('2D SPACE',''
  ) );
#17745 = ORIENTED_EDGE('',*,*,#2894,.F.);
#17746 = ADVANCED_FACE('',(#17747),#4282,.F.);
#17747 = FACE_BOUND('',#17748,.F.);
#17748 = EDGE_LOOP('',(#17749,#17770,#17771,#17772));
#17749 = ORIENTED_EDGE('',*,*,#17750,.T.);
#17750 = EDGE_CURVE('',#4239,#10330,#17751,.T.);
#17751 = SURFACE_CURVE('',#17752,(#17756,#17763),.PCURVE_S1.);
#17752 = LINE('',#17753,#17754);
#17753 = CARTESIAN_POINT('',(-14.,-60.07365409834,-39.46101504361));
#17754 = VECTOR('',#17755,1.);
#17755 = DIRECTION('',(1.,0.,0.));
#17756 = PCURVE('',#4282,#17757);
#17757 = DEFINITIONAL_REPRESENTATION('',(#17758),#17762);
#17758 = LINE('',#17759,#17760);
#17759 = CARTESIAN_POINT('',(0.,0.));
#17760 = VECTOR('',#17761,1.);
#17761 = DIRECTION('',(0.,-1.));
#17762 = ( GEOMETRIC_REPRESENTATION_CONTEXT(2) 
PARAMETRIC_REPRESENTATION_CONTEXT() REPRESENTATION_CONTEXT('2D SPACE',''
  ) );
#17763 = PCURVE('',#4254,#17764);
#17764 = DEFINITIONAL_REPRESENTATION('',(#17765),#17769);
#17765 = LINE('',#17766,#17767);
#17766 = CARTESIAN_POINT('',(0.752669800767,0.));
#17767 = VECTOR('',#17768,1.);
#17768 = DIRECTION('',(0.,-1.));
#17769 = ( GEOMETRIC_REPRESENTATION_CONTEXT(2) 
PARAMETRIC_REPRESENTATION_CONTEXT() REPRESENTATION_CONTEXT('2D SPACE',''
  ) );
#17770 = ORIENTED_EDGE('',*,*,#10352,.T.);
#17771 = ORIENTED_EDGE('',*,*,#17696,.F.);
#17772 = ORIENTED_EDGE('',*,*,#4266,.F.);
#17773 = ADVANCED_FACE('',(#17774),#2938,.F.);
#17774 = FACE_BOUND('',#17775,.F.);
#17775 = EDGE_LOOP('',(#17776,#17777,#17778,#17799));
#17776 = ORIENTED_EDGE('',*,*,#17725,.T.);
#17777 = ORIENTED_EDGE('',*,*,#9248,.T.);
#17778 = ORIENTED_EDGE('',*,*,#17779,.F.);
#17779 = EDGE_CURVE('',#2923,#9249,#17780,.T.);
#17780 = SURFACE_CURVE('',#17781,(#17785,#17792),.PCURVE_S1.);
#17781 = LINE('',#17782,#17783);
#17782 = CARTESIAN_POINT('',(-14.,-61.63279744684,46.985617787536));
#17783 = VECTOR('',#17784,1.);
#17784 = DIRECTION('',(1.,0.,0.));
#17785 = PCURVE('',#2938,#17786);
#17786 = DEFINITIONAL_REPRESENTATION('',(#17787),#17791);
#17787 = LINE('',#17788,#17789);
#17788 = CARTESIAN_POINT('',(5.905241890921,0.));
#17789 = VECTOR('',#17790,1.);
#17790 = DIRECTION('',(0.,-1.));
#17791 = ( GEOMETRIC_REPRESENTATION_CONTEXT(2) 
PARAMETRIC_REPRESENTATION_CONTEXT() REPRESENTATION_CONTEXT('2D SPACE',''
  ) );
#17792 = PCURVE('',#2966,#17793);
#17793 = DEFINITIONAL_REPRESENTATION('',(#17794),#17798);
#17794 = LINE('',#17795,#17796);
#17795 = CARTESIAN_POINT('',(0.,0.));
#17796 = VECTOR('',#17797,1.);
#17797 = DIRECTION('',(0.,-1.));
#17798 = ( GEOMETRIC_REPRESENTATION_CONTEXT(2) 
PARAMETRIC_REPRESENTATION_CONTEXT() REPRESENTATION_CONTEXT('2D SPACE',''
  ) );
#17799 = ORIENTED_EDGE('',*,*,#2922,.F.);
#17800 = ADVANCED_FACE('',(#17801),#4254,.F.);
#17801 = FACE_BOUND('',#17802,.F.);
#17802 = EDGE_LOOP('',(#17803,#17824,#17825,#17826));
#17803 = ORIENTED_EDGE('',*,*,#17804,.T.);
#17804 = EDGE_CURVE('',#4211,#10307,#17805,.T.);
#17805 = SURFACE_CURVE('',#17806,(#17810,#17817),.PCURVE_S1.);
#17806 = LINE('',#17807,#17808);
#17807 = CARTESIAN_POINT('',(-14.,-60.48358745231,-38.82977303433));
#17808 = VECTOR('',#17809,1.);
#17809 = DIRECTION('',(1.,0.,0.));
#17810 = PCURVE('',#4254,#17811);
#17811 = DEFINITIONAL_REPRESENTATION('',(#17812),#17816);
#17812 = LINE('',#17813,#17814);
#17813 = CARTESIAN_POINT('',(0.,0.));
#17814 = VECTOR('',#17815,1.);
#17815 = DIRECTION('',(0.,-1.));
#17816 = ( GEOMETRIC_REPRESENTATION_CONTEXT(2) 
PARAMETRIC_REPRESENTATION_CONTEXT() REPRESENTATION_CONTEXT('2D SPACE',''
  ) );
#17817 = PCURVE('',#4226,#17818);
#17818 = DEFINITIONAL_REPRESENTATION('',(#17819),#17823);
#17819 = LINE('',#17820,#17821);
#17820 = CARTESIAN_POINT('',(5.905241890921,0.));
#17821 = VECTOR('',#17822,1.);
#17822 = DIRECTION('',(0.,-1.));
#17823 = ( GEOMETRIC_REPRESENTATION_CONTEXT(2) 
PARAMETRIC_REPRESENTATION_CONTEXT() REPRESENTATION_CONTEXT('2D SPACE',''
  ) );
#17824 = ORIENTED_EDGE('',*,*,#10329,.T.);
#17825 = ORIENTED_EDGE('',*,*,#17750,.F.);
#17826 = ORIENTED_EDGE('',*,*,#4238,.F.);
#17827 = ADVANCED_FACE('',(#17828),#2966,.F.);
#17828 = FACE_BOUND('',#17829,.F.);
#17829 = EDGE_LOOP('',(#17830,#17831,#17832,#17853));
#17830 = ORIENTED_EDGE('',*,*,#17779,.T.);
#17831 = ORIENTED_EDGE('',*,*,#9271,.T.);
#17832 = ORIENTED_EDGE('',*,*,#17833,.F.);
#17833 = EDGE_CURVE('',#2951,#9272,#17834,.T.);
#17834 = SURFACE_CURVE('',#17835,(#17839,#17846),.PCURVE_S1.);
#17835 = LINE('',#17836,#17837);
#17836 = CARTESIAN_POINT('',(-14.,-63.73155979093,44.096919241764));
#17837 = VECTOR('',#17838,1.);
#17838 = DIRECTION('',(1.,0.,0.));
#17839 = PCURVE('',#2966,#17840);
#17840 = DEFINITIONAL_REPRESENTATION('',(#17841),#17845);
#17841 = LINE('',#17842,#17843);
#17842 = CARTESIAN_POINT('',(3.570627769079,0.));
#17843 = VECTOR('',#17844,1.);
#17844 = DIRECTION('',(0.,-1.));
#17845 = ( GEOMETRIC_REPRESENTATION_CONTEXT(2) 
PARAMETRIC_REPRESENTATION_CONTEXT() REPRESENTATION_CONTEXT('2D SPACE',''
  ) );
#17846 = PCURVE('',#2994,#17847);
#17847 = DEFINITIONAL_REPRESENTATION('',(#17848),#17852);
#17848 = LINE('',#17849,#17850);
#17849 = CARTESIAN_POINT('',(0.,0.));
#17850 = VECTOR('',#17851,1.);
#17851 = DIRECTION('',(0.,-1.));
#17852 = ( GEOMETRIC_REPRESENTATION_CONTEXT(2) 
PARAMETRIC_REPRESENTATION_CONTEXT() REPRESENTATION_CONTEXT('2D SPACE',''
  ) );
#17853 = ORIENTED_EDGE('',*,*,#2950,.F.);
#17854 = ADVANCED_FACE('',(#17855),#4226,.F.);
#17855 = FACE_BOUND('',#17856,.F.);
#17856 = EDGE_LOOP('',(#17857,#17878,#17879,#17880));
#17857 = ORIENTED_EDGE('',*,*,#17858,.T.);
#17858 = EDGE_CURVE('',#4183,#10284,#17859,.T.);
#17859 = SURFACE_CURVE('',#17860,(#17864,#17871),.PCURVE_S1.);
#17860 = LINE('',#17861,#17862);
#17861 = CARTESIAN_POINT('',(-14.,-66.20650095669,-40.2858440531));
#17862 = VECTOR('',#17863,1.);
#17863 = DIRECTION('',(1.,0.,0.));
#17864 = PCURVE('',#4226,#17865);
#17865 = DEFINITIONAL_REPRESENTATION('',(#17866),#17870);
#17866 = LINE('',#17867,#17868);
#17867 = CARTESIAN_POINT('',(0.,0.));
#17868 = VECTOR('',#17869,1.);
#17869 = DIRECTION('',(0.,-1.));
#17870 = ( GEOMETRIC_REPRESENTATION_CONTEXT(2) 
PARAMETRIC_REPRESENTATION_CONTEXT() REPRESENTATION_CONTEXT('2D SPACE',''
  ) );
#17871 = PCURVE('',#4198,#17872);
#17872 = DEFINITIONAL_REPRESENTATION('',(#17873),#17877);
#17873 = LINE('',#17874,#17875);
#17874 = CARTESIAN_POINT('',(3.570627769079,0.));
#17875 = VECTOR('',#17876,1.);
#17876 = DIRECTION('',(0.,-1.));
#17877 = ( GEOMETRIC_REPRESENTATION_CONTEXT(2) 
PARAMETRIC_REPRESENTATION_CONTEXT() REPRESENTATION_CONTEXT('2D SPACE',''
  ) );
#17878 = ORIENTED_EDGE('',*,*,#10306,.T.);
#17879 = ORIENTED_EDGE('',*,*,#17804,.F.);
#17880 = ORIENTED_EDGE('',*,*,#4210,.F.);
#17881 = ADVANCED_FACE('',(#17882),#2994,.F.);
#17882 = FACE_BOUND('',#17883,.F.);
#17883 = EDGE_LOOP('',(#17884,#17885,#17886,#17907));
#17884 = ORIENTED_EDGE('',*,*,#17833,.T.);
#17885 = ORIENTED_EDGE('',*,*,#9294,.T.);
#17886 = ORIENTED_EDGE('',*,*,#17887,.F.);
#17887 = EDGE_CURVE('',#2979,#9295,#17888,.T.);
#17888 = SURFACE_CURVE('',#17889,(#17893,#17900),.PCURVE_S1.);
#17889 = LINE('',#17890,#17891);
#17890 = CARTESIAN_POINT('',(-14.,-60.07365409834,39.461015043616));
#17891 = VECTOR('',#17892,1.);
#17892 = DIRECTION('',(1.,0.,0.));
#17893 = PCURVE('',#2994,#17894);
#17894 = DEFINITIONAL_REPRESENTATION('',(#17895),#17899);
#17895 = LINE('',#17896,#17897);
#17896 = CARTESIAN_POINT('',(5.905241890921,0.));
#17897 = VECTOR('',#17898,1.);
#17898 = DIRECTION('',(0.,-1.));
#17899 = ( GEOMETRIC_REPRESENTATION_CONTEXT(2) 
PARAMETRIC_REPRESENTATION_CONTEXT() REPRESENTATION_CONTEXT('2D SPACE',''
  ) );
#17900 = PCURVE('',#3022,#17901);
#17901 = DEFINITIONAL_REPRESENTATION('',(#17902),#17906);
#17902 = LINE('',#17903,#17904);
#17903 = CARTESIAN_POINT('',(0.,0.));
#17904 = VECTOR('',#17905,1.);
#17905 = DIRECTION('',(0.,-1.));
#17906 = ( GEOMETRIC_REPRESENTATION_CONTEXT(2) 
PARAMETRIC_REPRESENTATION_CONTEXT() REPRESENTATION_CONTEXT('2D SPACE',''
  ) );
#17907 = ORIENTED_EDGE('',*,*,#2978,.F.);
#17908 = ADVANCED_FACE('',(#17909),#4198,.F.);
#17909 = FACE_BOUND('',#17910,.F.);
#17910 = EDGE_LOOP('',(#17911,#17932,#17933,#17934));
#17911 = ORIENTED_EDGE('',*,*,#17912,.T.);
#17912 = EDGE_CURVE('',#4155,#10261,#17913,.T.);
#17913 = SURFACE_CURVE('',#17914,(#17918,#17925),.PCURVE_S1.);
#17914 = LINE('',#17915,#17916);
#17915 = CARTESIAN_POINT('',(-14.,-67.99181484123,-37.19358969762));
#17916 = VECTOR('',#17917,1.);
#17917 = DIRECTION('',(1.,0.,0.));
#17918 = PCURVE('',#4198,#17919);
#17919 = DEFINITIONAL_REPRESENTATION('',(#17920),#17924);
#17920 = LINE('',#17921,#17922);
#17921 = CARTESIAN_POINT('',(0.,0.));
#17922 = VECTOR('',#17923,1.);
#17923 = DIRECTION('',(0.,-1.));
#17924 = ( GEOMETRIC_REPRESENTATION_CONTEXT(2) 
PARAMETRIC_REPRESENTATION_CONTEXT() REPRESENTATION_CONTEXT('2D SPACE',''
  ) );
#17925 = PCURVE('',#4170,#17926);
#17926 = DEFINITIONAL_REPRESENTATION('',(#17927),#17931);
#17927 = LINE('',#17928,#17929);
#17928 = CARTESIAN_POINT('',(5.905241890921,0.));
#17929 = VECTOR('',#17930,1.);
#17930 = DIRECTION('',(0.,-1.));
#17931 = ( GEOMETRIC_REPRESENTATION_CONTEXT(2) 
PARAMETRIC_REPRESENTATION_CONTEXT() REPRESENTATION_CONTEXT('2D SPACE',''
  ) );
#17932 = ORIENTED_EDGE('',*,*,#10283,.T.);
#17933 = ORIENTED_EDGE('',*,*,#17858,.F.);
#17934 = ORIENTED_EDGE('',*,*,#4182,.F.);
#17935 = ADVANCED_FACE('',(#17936),#3022,.F.);
#17936 = FACE_BOUND('',#17937,.F.);
#17937 = EDGE_LOOP('',(#17938,#17939,#17940,#17961));
#17938 = ORIENTED_EDGE('',*,*,#17887,.T.);
#17939 = ORIENTED_EDGE('',*,*,#9317,.T.);
#17940 = ORIENTED_EDGE('',*,*,#17941,.F.);
#17941 = EDGE_CURVE('',#3007,#9318,#17942,.T.);
#17942 = SURFACE_CURVE('',#17943,(#17947,#17954),.PCURVE_S1.);
#17943 = LINE('',#17944,#17945);
#17944 = CARTESIAN_POINT('',(-14.,-60.48358745231,38.829773034331));
#17945 = VECTOR('',#17946,1.);
#17946 = DIRECTION('',(1.,0.,0.));
#17947 = PCURVE('',#3022,#17948);
#17948 = DEFINITIONAL_REPRESENTATION('',(#17949),#17953);
#17949 = LINE('',#17950,#17951);
#17950 = CARTESIAN_POINT('',(0.752669800767,0.));
#17951 = VECTOR('',#17952,1.);
#17952 = DIRECTION('',(0.,-1.));
#17953 = ( GEOMETRIC_REPRESENTATION_CONTEXT(2) 
PARAMETRIC_REPRESENTATION_CONTEXT() REPRESENTATION_CONTEXT('2D SPACE',''
  ) );
#17954 = PCURVE('',#3050,#17955);
#17955 = DEFINITIONAL_REPRESENTATION('',(#17956),#17960);
#17956 = LINE('',#17957,#17958);
#17957 = CARTESIAN_POINT('',(0.,0.));
#17958 = VECTOR('',#17959,1.);
#17959 = DIRECTION('',(0.,-1.));
#17960 = ( GEOMETRIC_REPRESENTATION_CONTEXT(2) 
PARAMETRIC_REPRESENTATION_CONTEXT() REPRESENTATION_CONTEXT('2D SPACE',''
  ) );
#17961 = ORIENTED_EDGE('',*,*,#3006,.F.);
#17962 = ADVANCED_FACE('',(#17963),#4170,.F.);
#17963 = FACE_BOUND('',#17964,.F.);
#17964 = EDGE_LOOP('',(#17965,#17986,#17987,#17988));
#17965 = ORIENTED_EDGE('',*,*,#17966,.T.);
#17966 = EDGE_CURVE('',#4127,#10238,#17967,.T.);
#17967 = SURFACE_CURVE('',#17968,(#17972,#17979),.PCURVE_S1.);
#17968 = LINE('',#17969,#17970);
#17969 = CARTESIAN_POINT('',(-14.,-63.86936359707,-32.96543672856));
#17970 = VECTOR('',#17971,1.);
#17971 = DIRECTION('',(1.,0.,0.));
#17972 = PCURVE('',#4170,#17973);
#17973 = DEFINITIONAL_REPRESENTATION('',(#17974),#17978);
#17974 = LINE('',#17975,#17976);
#17975 = CARTESIAN_POINT('',(0.,0.));
#17976 = VECTOR('',#17977,1.);
#17977 = DIRECTION('',(0.,-1.));
#17978 = ( GEOMETRIC_REPRESENTATION_CONTEXT(2) 
PARAMETRIC_REPRESENTATION_CONTEXT() REPRESENTATION_CONTEXT('2D SPACE',''
  ) );
#17979 = PCURVE('',#4142,#17980);
#17980 = DEFINITIONAL_REPRESENTATION('',(#17981),#17985);
#17981 = LINE('',#17982,#17983);
#17982 = CARTESIAN_POINT('',(0.752669800767,0.));
#17983 = VECTOR('',#17984,1.);
#17984 = DIRECTION('',(0.,-1.));
#17985 = ( GEOMETRIC_REPRESENTATION_CONTEXT(2) 
PARAMETRIC_REPRESENTATION_CONTEXT() REPRESENTATION_CONTEXT('2D SPACE',''
  ) );
#17986 = ORIENTED_EDGE('',*,*,#10260,.T.);
#17987 = ORIENTED_EDGE('',*,*,#17912,.F.);
#17988 = ORIENTED_EDGE('',*,*,#4154,.F.);
#17989 = ADVANCED_FACE('',(#17990),#3050,.F.);
#17990 = FACE_BOUND('',#17991,.F.);
#17991 = EDGE_LOOP('',(#17992,#17993,#17994,#18015));
#17992 = ORIENTED_EDGE('',*,*,#17941,.T.);
#17993 = ORIENTED_EDGE('',*,*,#9340,.T.);
#17994 = ORIENTED_EDGE('',*,*,#17995,.F.);
#17995 = EDGE_CURVE('',#3035,#9341,#17996,.T.);
#17996 = SURFACE_CURVE('',#17997,(#18001,#18008),.PCURVE_S1.);
#17997 = LINE('',#17998,#17999);
#17998 = CARTESIAN_POINT('',(-14.,-66.20650095669,40.285844053105));
#17999 = VECTOR('',#18000,1.);
#18000 = DIRECTION('',(1.,0.,0.));
#18001 = PCURVE('',#3050,#18002);
#18002 = DEFINITIONAL_REPRESENTATION('',(#18003),#18007);
#18003 = LINE('',#18004,#18005);
#18004 = CARTESIAN_POINT('',(5.905241890921,0.));
#18005 = VECTOR('',#18006,1.);
#18006 = DIRECTION('',(0.,-1.));
#18007 = ( GEOMETRIC_REPRESENTATION_CONTEXT(2) 
PARAMETRIC_REPRESENTATION_CONTEXT() REPRESENTATION_CONTEXT('2D SPACE',''
  ) );
#18008 = PCURVE('',#3078,#18009);
#18009 = DEFINITIONAL_REPRESENTATION('',(#18010),#18014);
#18010 = LINE('',#18011,#18012);
#18011 = CARTESIAN_POINT('',(0.,0.));
#18012 = VECTOR('',#18013,1.);
#18013 = DIRECTION('',(0.,-1.));
#18014 = ( GEOMETRIC_REPRESENTATION_CONTEXT(2) 
PARAMETRIC_REPRESENTATION_CONTEXT() REPRESENTATION_CONTEXT('2D SPACE',''
  ) );
#18015 = ORIENTED_EDGE('',*,*,#3034,.F.);
#18016 = ADVANCED_FACE('',(#18017),#4142,.F.);
#18017 = FACE_BOUND('',#18018,.F.);
#18018 = EDGE_LOOP('',(#18019,#18040,#18041,#18042));
#18019 = ORIENTED_EDGE('',*,*,#18020,.T.);
#18020 = EDGE_CURVE('',#4099,#10215,#18021,.T.);
#18021 = SURFACE_CURVE('',#18022,(#18026,#18033),.PCURVE_S1.);
#18022 = LINE('',#18023,#18024);
#18023 = CARTESIAN_POINT('',(-14.,-64.21106853606,-32.29480302551));
#18024 = VECTOR('',#18025,1.);
#18025 = DIRECTION('',(1.,0.,0.));
#18026 = PCURVE('',#4142,#18027);
#18027 = DEFINITIONAL_REPRESENTATION('',(#18028),#18032);
#18028 = LINE('',#18029,#18030);
#18029 = CARTESIAN_POINT('',(0.,0.));
#18030 = VECTOR('',#18031,1.);
#18031 = DIRECTION('',(0.,-1.));
#18032 = ( GEOMETRIC_REPRESENTATION_CONTEXT(2) 
PARAMETRIC_REPRESENTATION_CONTEXT() REPRESENTATION_CONTEXT('2D SPACE',''
  ) );
#18033 = PCURVE('',#4114,#18034);
#18034 = DEFINITIONAL_REPRESENTATION('',(#18035),#18039);
#18035 = LINE('',#18036,#18037);
#18036 = CARTESIAN_POINT('',(5.905241890921,0.));
#18037 = VECTOR('',#18038,1.);
#18038 = DIRECTION('',(0.,-1.));
#18039 = ( GEOMETRIC_REPRESENTATION_CONTEXT(2) 
PARAMETRIC_REPRESENTATION_CONTEXT() REPRESENTATION_CONTEXT('2D SPACE',''
  ) );
#18040 = ORIENTED_EDGE('',*,*,#10237,.T.);
#18041 = ORIENTED_EDGE('',*,*,#17966,.F.);
#18042 = ORIENTED_EDGE('',*,*,#4126,.F.);
#18043 = ADVANCED_FACE('',(#18044),#3078,.F.);
#18044 = FACE_BOUND('',#18045,.F.);
#18045 = EDGE_LOOP('',(#18046,#18047,#18048,#18069));
#18046 = ORIENTED_EDGE('',*,*,#17995,.T.);
#18047 = ORIENTED_EDGE('',*,*,#9363,.T.);
#18048 = ORIENTED_EDGE('',*,*,#18049,.F.);
#18049 = EDGE_CURVE('',#3063,#9364,#18050,.T.);
#18050 = SURFACE_CURVE('',#18051,(#18055,#18062),.PCURVE_S1.);
#18051 = LINE('',#18052,#18053);
#18052 = CARTESIAN_POINT('',(-14.,-67.99181484123,37.193589697624));
#18053 = VECTOR('',#18054,1.);
#18054 = DIRECTION('',(1.,0.,0.));
#18055 = PCURVE('',#3078,#18056);
#18056 = DEFINITIONAL_REPRESENTATION('',(#18057),#18061);
#18057 = LINE('',#18058,#18059);
#18058 = CARTESIAN_POINT('',(3.570627769079,0.));
#18059 = VECTOR('',#18060,1.);
#18060 = DIRECTION('',(0.,-1.));
#18061 = ( GEOMETRIC_REPRESENTATION_CONTEXT(2) 
PARAMETRIC_REPRESENTATION_CONTEXT() REPRESENTATION_CONTEXT('2D SPACE',''
  ) );
#18062 = PCURVE('',#3106,#18063);
#18063 = DEFINITIONAL_REPRESENTATION('',(#18064),#18068);
#18064 = LINE('',#18065,#18066);
#18065 = CARTESIAN_POINT('',(0.,0.));
#18066 = VECTOR('',#18067,1.);
#18067 = DIRECTION('',(0.,-1.));
#18068 = ( GEOMETRIC_REPRESENTATION_CONTEXT(2) 
PARAMETRIC_REPRESENTATION_CONTEXT() REPRESENTATION_CONTEXT('2D SPACE',''
  ) );
#18069 = ORIENTED_EDGE('',*,*,#3062,.F.);
#18070 = ADVANCED_FACE('',(#18071),#4114,.F.);
#18071 = FACE_BOUND('',#18072,.F.);
#18072 = EDGE_LOOP('',(#18073,#18094,#18095,#18096));
#18073 = ORIENTED_EDGE('',*,*,#18074,.T.);
#18074 = EDGE_CURVE('',#4071,#10192,#18075,.T.);
#18075 = SURFACE_CURVE('',#18076,(#18080,#18087),.PCURVE_S1.);
#18076 = LINE('',#18077,#18078);
#18077 = CARTESIAN_POINT('',(-14.,-70.05483218746,-33.14469018087));
#18078 = VECTOR('',#18079,1.);
#18079 = DIRECTION('',(1.,0.,0.));
#18080 = PCURVE('',#4114,#18081);
#18081 = DEFINITIONAL_REPRESENTATION('',(#18082),#18086);
#18082 = LINE('',#18083,#18084);
#18083 = CARTESIAN_POINT('',(0.,0.));
#18084 = VECTOR('',#18085,1.);
#18085 = DIRECTION('',(0.,-1.));
#18086 = ( GEOMETRIC_REPRESENTATION_CONTEXT(2) 
PARAMETRIC_REPRESENTATION_CONTEXT() REPRESENTATION_CONTEXT('2D SPACE',''
  ) );
#18087 = PCURVE('',#4086,#18088);
#18088 = DEFINITIONAL_REPRESENTATION('',(#18089),#18093);
#18089 = LINE('',#18090,#18091);
#18090 = CARTESIAN_POINT('',(3.570627769079,0.));
#18091 = VECTOR('',#18092,1.);
#18092 = DIRECTION('',(0.,-1.));
#18093 = ( GEOMETRIC_REPRESENTATION_CONTEXT(2) 
PARAMETRIC_REPRESENTATION_CONTEXT() REPRESENTATION_CONTEXT('2D SPACE',''
  ) );
#18094 = ORIENTED_EDGE('',*,*,#10214,.T.);
#18095 = ORIENTED_EDGE('',*,*,#18020,.F.);
#18096 = ORIENTED_EDGE('',*,*,#4098,.F.);
#18097 = ADVANCED_FACE('',(#18098),#3106,.F.);
#18098 = FACE_BOUND('',#18099,.F.);
#18099 = EDGE_LOOP('',(#18100,#18101,#18102,#18123));
#18100 = ORIENTED_EDGE('',*,*,#18049,.T.);
#18101 = ORIENTED_EDGE('',*,*,#9386,.T.);
#18102 = ORIENTED_EDGE('',*,*,#18103,.F.);
#18103 = EDGE_CURVE('',#3091,#9387,#18104,.T.);
#18104 = SURFACE_CURVE('',#18105,(#18109,#18116),.PCURVE_S1.);
#18105 = LINE('',#18106,#18107);
#18106 = CARTESIAN_POINT('',(-14.,-63.86936359707,32.96543672856));
#18107 = VECTOR('',#18108,1.);
#18108 = DIRECTION('',(1.,0.,0.));
#18109 = PCURVE('',#3106,#18110);
#18110 = DEFINITIONAL_REPRESENTATION('',(#18111),#18115);
#18111 = LINE('',#18112,#18113);
#18112 = CARTESIAN_POINT('',(5.905241890921,0.));
#18113 = VECTOR('',#18114,1.);
#18114 = DIRECTION('',(0.,-1.));
#18115 = ( GEOMETRIC_REPRESENTATION_CONTEXT(2) 
PARAMETRIC_REPRESENTATION_CONTEXT() REPRESENTATION_CONTEXT('2D SPACE',''
  ) );
#18116 = PCURVE('',#3134,#18117);
#18117 = DEFINITIONAL_REPRESENTATION('',(#18118),#18122);
#18118 = LINE('',#18119,#18120);
#18119 = CARTESIAN_POINT('',(0.,0.));
#18120 = VECTOR('',#18121,1.);
#18121 = DIRECTION('',(0.,-1.));
#18122 = ( GEOMETRIC_REPRESENTATION_CONTEXT(2) 
PARAMETRIC_REPRESENTATION_CONTEXT() REPRESENTATION_CONTEXT('2D SPACE',''
  ) );
#18123 = ORIENTED_EDGE('',*,*,#3090,.F.);
#18124 = ADVANCED_FACE('',(#18125),#4086,.F.);
#18125 = FACE_BOUND('',#18126,.F.);
#18126 = EDGE_LOOP('',(#18127,#18148,#18149,#18150));
#18127 = ORIENTED_EDGE('',*,*,#18128,.T.);
#18128 = EDGE_CURVE('',#4043,#10169,#18129,.T.);
#18129 = SURFACE_CURVE('',#18130,(#18134,#18141),.PCURVE_S1.);
#18130 = LINE('',#18131,#18132);
#18131 = CARTESIAN_POINT('',(-14.,-71.50713733993,-29.88275940149));
#18132 = VECTOR('',#18133,1.);
#18133 = DIRECTION('',(1.,0.,0.));
#18134 = PCURVE('',#4086,#18135);
#18135 = DEFINITIONAL_REPRESENTATION('',(#18136),#18140);
#18136 = LINE('',#18137,#18138);
#18137 = CARTESIAN_POINT('',(0.,0.));
#18138 = VECTOR('',#18139,1.);
#18139 = DIRECTION('',(0.,-1.));
#18140 = ( GEOMETRIC_REPRESENTATION_CONTEXT(2) 
PARAMETRIC_REPRESENTATION_CONTEXT() REPRESENTATION_CONTEXT('2D SPACE',''
  ) );
#18141 = PCURVE('',#4058,#18142);
#18142 = DEFINITIONAL_REPRESENTATION('',(#18143),#18147);
#18143 = LINE('',#18144,#18145);
#18144 = CARTESIAN_POINT('',(5.905241890921,0.));
#18145 = VECTOR('',#18146,1.);
#18146 = DIRECTION('',(0.,-1.));
#18147 = ( GEOMETRIC_REPRESENTATION_CONTEXT(2) 
PARAMETRIC_REPRESENTATION_CONTEXT() REPRESENTATION_CONTEXT('2D SPACE',''
  ) );
#18148 = ORIENTED_EDGE('',*,*,#10191,.T.);
#18149 = ORIENTED_EDGE('',*,*,#18074,.F.);
#18150 = ORIENTED_EDGE('',*,*,#4070,.F.);
#18151 = ADVANCED_FACE('',(#18152),#3134,.F.);
#18152 = FACE_BOUND('',#18153,.F.);
#18153 = EDGE_LOOP('',(#18154,#18155,#18156,#18177));
#18154 = ORIENTED_EDGE('',*,*,#18103,.T.);
#18155 = ORIENTED_EDGE('',*,*,#9409,.T.);
#18156 = ORIENTED_EDGE('',*,*,#18157,.F.);
#18157 = EDGE_CURVE('',#3119,#9410,#18158,.T.);
#18158 = SURFACE_CURVE('',#18159,(#18163,#18170),.PCURVE_S1.);
#18159 = LINE('',#18160,#18161);
#18160 = CARTESIAN_POINT('',(-14.,-64.21106853606,32.294803025518));
#18161 = VECTOR('',#18162,1.);
#18162 = DIRECTION('',(1.,0.,0.));
#18163 = PCURVE('',#3134,#18164);
#18164 = DEFINITIONAL_REPRESENTATION('',(#18165),#18169);
#18165 = LINE('',#18166,#18167);
#18166 = CARTESIAN_POINT('',(0.752669800767,0.));
#18167 = VECTOR('',#18168,1.);
#18168 = DIRECTION('',(0.,-1.));
#18169 = ( GEOMETRIC_REPRESENTATION_CONTEXT(2) 
PARAMETRIC_REPRESENTATION_CONTEXT() REPRESENTATION_CONTEXT('2D SPACE',''
  ) );
#18170 = PCURVE('',#3162,#18171);
#18171 = DEFINITIONAL_REPRESENTATION('',(#18172),#18176);
#18172 = LINE('',#18173,#18174);
#18173 = CARTESIAN_POINT('',(0.,0.));
#18174 = VECTOR('',#18175,1.);
#18175 = DIRECTION('',(0.,-1.));
#18176 = ( GEOMETRIC_REPRESENTATION_CONTEXT(2) 
PARAMETRIC_REPRESENTATION_CONTEXT() REPRESENTATION_CONTEXT('2D SPACE',''
  ) );
#18177 = ORIENTED_EDGE('',*,*,#3118,.F.);
#18178 = ADVANCED_FACE('',(#18179),#4058,.F.);
#18179 = FACE_BOUND('',#18180,.F.);
#18180 = EDGE_LOOP('',(#18181,#18202,#18203,#18204));
#18181 = ORIENTED_EDGE('',*,*,#18182,.T.);
#18182 = EDGE_CURVE('',#4015,#10146,#18183,.T.);
#18183 = SURFACE_CURVE('',#18184,(#18188,#18195),.PCURVE_S1.);
#18184 = LINE('',#18185,#18186);
#18185 = CARTESIAN_POINT('',(-14.,-66.96530698271,-26.10868219024));
#18186 = VECTOR('',#18187,1.);
#18187 = DIRECTION('',(1.,0.,0.));
#18188 = PCURVE('',#4058,#18189);
#18189 = DEFINITIONAL_REPRESENTATION('',(#18190),#18194);
#18190 = LINE('',#18191,#18192);
#18191 = CARTESIAN_POINT('',(0.,0.));
#18192 = VECTOR('',#18193,1.);
#18193 = DIRECTION('',(0.,-1.));
#18194 = ( GEOMETRIC_REPRESENTATION_CONTEXT(2) 
PARAMETRIC_REPRESENTATION_CONTEXT() REPRESENTATION_CONTEXT('2D SPACE',''
  ) );
#18195 = PCURVE('',#4030,#18196);
#18196 = DEFINITIONAL_REPRESENTATION('',(#18197),#18201);
#18197 = LINE('',#18198,#18199);
#18198 = CARTESIAN_POINT('',(0.752669800767,0.));
#18199 = VECTOR('',#18200,1.);
#18200 = DIRECTION('',(0.,-1.));
#18201 = ( GEOMETRIC_REPRESENTATION_CONTEXT(2) 
PARAMETRIC_REPRESENTATION_CONTEXT() REPRESENTATION_CONTEXT('2D SPACE',''
  ) );
#18202 = ORIENTED_EDGE('',*,*,#10168,.T.);
#18203 = ORIENTED_EDGE('',*,*,#18128,.F.);
#18204 = ORIENTED_EDGE('',*,*,#4042,.F.);
#18205 = ADVANCED_FACE('',(#18206),#3162,.F.);
#18206 = FACE_BOUND('',#18207,.F.);
#18207 = EDGE_LOOP('',(#18208,#18209,#18210,#18231));
#18208 = ORIENTED_EDGE('',*,*,#18157,.T.);
#18209 = ORIENTED_EDGE('',*,*,#9432,.T.);
#18210 = ORIENTED_EDGE('',*,*,#18211,.F.);
#18211 = EDGE_CURVE('',#3147,#9433,#18212,.T.);
#18212 = SURFACE_CURVE('',#18213,(#18217,#18224),.PCURVE_S1.);
#18213 = LINE('',#18214,#18215);
#18214 = CARTESIAN_POINT('',(-14.,-70.05483218746,33.144690180873));
#18215 = VECTOR('',#18216,1.);
#18216 = DIRECTION('',(1.,0.,0.));
#18217 = PCURVE('',#3162,#18218);
#18218 = DEFINITIONAL_REPRESENTATION('',(#18219),#18223);
#18219 = LINE('',#18220,#18221);
#18220 = CARTESIAN_POINT('',(5.905241890921,0.));
#18221 = VECTOR('',#18222,1.);
#18222 = DIRECTION('',(0.,-1.));
#18223 = ( GEOMETRIC_REPRESENTATION_CONTEXT(2) 
PARAMETRIC_REPRESENTATION_CONTEXT() REPRESENTATION_CONTEXT('2D SPACE',''
  ) );
#18224 = PCURVE('',#3190,#18225);
#18225 = DEFINITIONAL_REPRESENTATION('',(#18226),#18230);
#18226 = LINE('',#18227,#18228);
#18227 = CARTESIAN_POINT('',(0.,0.));
#18228 = VECTOR('',#18229,1.);
#18229 = DIRECTION('',(0.,-1.));
#18230 = ( GEOMETRIC_REPRESENTATION_CONTEXT(2) 
PARAMETRIC_REPRESENTATION_CONTEXT() REPRESENTATION_CONTEXT('2D SPACE',''
  ) );
#18231 = ORIENTED_EDGE('',*,*,#3146,.F.);
#18232 = ADVANCED_FACE('',(#18233),#4030,.F.);
#18233 = FACE_BOUND('',#18234,.F.);
#18234 = EDGE_LOOP('',(#18235,#18256,#18257,#18258));
#18235 = ORIENTED_EDGE('',*,*,#18236,.T.);
#18236 = EDGE_CURVE('',#3987,#10123,#18237,.T.);
#18237 = SURFACE_CURVE('',#18238,(#18242,#18249),.PCURVE_S1.);
#18238 = LINE('',#18239,#18240);
#18239 = CARTESIAN_POINT('',(-14.,-67.23503971589,-25.40600439663));
#18240 = VECTOR('',#18241,1.);
#18241 = DIRECTION('',(1.,0.,0.));
#18242 = PCURVE('',#4030,#18243);
#18243 = DEFINITIONAL_REPRESENTATION('',(#18244),#18248);
#18244 = LINE('',#18245,#18246);
#18245 = CARTESIAN_POINT('',(0.,0.));
#18246 = VECTOR('',#18247,1.);
#18247 = DIRECTION('',(0.,-1.));
#18248 = ( GEOMETRIC_REPRESENTATION_CONTEXT(2) 
PARAMETRIC_REPRESENTATION_CONTEXT() REPRESENTATION_CONTEXT('2D SPACE',''
  ) );
#18249 = PCURVE('',#4002,#18250);
#18250 = DEFINITIONAL_REPRESENTATION('',(#18251),#18255);
#18251 = LINE('',#18252,#18253);
#18252 = CARTESIAN_POINT('',(5.905241890921,0.));
#18253 = VECTOR('',#18254,1.);
#18254 = DIRECTION('',(0.,-1.));
#18255 = ( GEOMETRIC_REPRESENTATION_CONTEXT(2) 
PARAMETRIC_REPRESENTATION_CONTEXT() REPRESENTATION_CONTEXT('2D SPACE',''
  ) );
#18256 = ORIENTED_EDGE('',*,*,#10145,.T.);
#18257 = ORIENTED_EDGE('',*,*,#18182,.F.);
#18258 = ORIENTED_EDGE('',*,*,#4014,.F.);
#18259 = ADVANCED_FACE('',(#18260),#3190,.F.);
#18260 = FACE_BOUND('',#18261,.F.);
#18261 = EDGE_LOOP('',(#18262,#18263,#18264,#18285));
#18262 = ORIENTED_EDGE('',*,*,#18211,.T.);
#18263 = ORIENTED_EDGE('',*,*,#9455,.T.);
#18264 = ORIENTED_EDGE('',*,*,#18265,.F.);
#18265 = EDGE_CURVE('',#3175,#9456,#18266,.T.);
#18266 = SURFACE_CURVE('',#18267,(#18271,#18278),.PCURVE_S1.);
#18267 = LINE('',#18268,#18269);
#18268 = CARTESIAN_POINT('',(-14.,-71.50713733993,29.882759401498));
#18269 = VECTOR('',#18270,1.);
#18270 = DIRECTION('',(1.,0.,0.));
#18271 = PCURVE('',#3190,#18272);
#18272 = DEFINITIONAL_REPRESENTATION('',(#18273),#18277);
#18273 = LINE('',#18274,#18275);
#18274 = CARTESIAN_POINT('',(3.570627769079,0.));
#18275 = VECTOR('',#18276,1.);
#18276 = DIRECTION('',(0.,-1.));
#18277 = ( GEOMETRIC_REPRESENTATION_CONTEXT(2) 
PARAMETRIC_REPRESENTATION_CONTEXT() REPRESENTATION_CONTEXT('2D SPACE',''
  ) );
#18278 = PCURVE('',#3218,#18279);
#18279 = DEFINITIONAL_REPRESENTATION('',(#18280),#18284);
#18280 = LINE('',#18281,#18282);
#18281 = CARTESIAN_POINT('',(0.,0.));
#18282 = VECTOR('',#18283,1.);
#18283 = DIRECTION('',(0.,-1.));
#18284 = ( GEOMETRIC_REPRESENTATION_CONTEXT(2) 
PARAMETRIC_REPRESENTATION_CONTEXT() REPRESENTATION_CONTEXT('2D SPACE',''
  ) );
#18285 = ORIENTED_EDGE('',*,*,#3174,.F.);
#18286 = ADVANCED_FACE('',(#18287),#4002,.F.);
#18287 = FACE_BOUND('',#18288,.F.);
#18288 = EDGE_LOOP('',(#18289,#18310,#18311,#18312));
#18289 = ORIENTED_EDGE('',*,*,#18290,.T.);
#18290 = EDGE_CURVE('',#3959,#10100,#18291,.T.);
#18291 = SURFACE_CURVE('',#18292,(#18296,#18303),.PCURVE_S1.);
#18292 = LINE('',#18293,#18294);
#18293 = CARTESIAN_POINT('',(-14.,-73.13562801687,-25.64039614704));
#18294 = VECTOR('',#18295,1.);
#18295 = DIRECTION('',(1.,0.,0.));
#18296 = PCURVE('',#4002,#18297);
#18297 = DEFINITIONAL_REPRESENTATION('',(#18298),#18302);
#18298 = LINE('',#18299,#18300);
#18299 = CARTESIAN_POINT('',(0.,0.));
#18300 = VECTOR('',#18301,1.);
#18301 = DIRECTION('',(0.,-1.));
#18302 = ( GEOMETRIC_REPRESENTATION_CONTEXT(2) 
PARAMETRIC_REPRESENTATION_CONTEXT() REPRESENTATION_CONTEXT('2D SPACE',''
  ) );
#18303 = PCURVE('',#3974,#18304);
#18304 = DEFINITIONAL_REPRESENTATION('',(#18305),#18309);
#18305 = LINE('',#18306,#18307);
#18306 = CARTESIAN_POINT('',(3.570627769079,0.));
#18307 = VECTOR('',#18308,1.);
#18308 = DIRECTION('',(0.,-1.));
#18309 = ( GEOMETRIC_REPRESENTATION_CONTEXT(2) 
PARAMETRIC_REPRESENTATION_CONTEXT() REPRESENTATION_CONTEXT('2D SPACE',''
  ) );
#18310 = ORIENTED_EDGE('',*,*,#10122,.T.);
#18311 = ORIENTED_EDGE('',*,*,#18236,.F.);
#18312 = ORIENTED_EDGE('',*,*,#3986,.F.);
#18313 = ADVANCED_FACE('',(#18314),#3218,.F.);
#18314 = FACE_BOUND('',#18315,.F.);
#18315 = EDGE_LOOP('',(#18316,#18317,#18318,#18339));
#18316 = ORIENTED_EDGE('',*,*,#18265,.T.);
#18317 = ORIENTED_EDGE('',*,*,#9478,.T.);
#18318 = ORIENTED_EDGE('',*,*,#18319,.F.);
#18319 = EDGE_CURVE('',#3203,#9479,#18320,.T.);
#18320 = SURFACE_CURVE('',#18321,(#18325,#18332),.PCURVE_S1.);
#18321 = LINE('',#18322,#18323);
#18322 = CARTESIAN_POINT('',(-14.,-66.96530698271,26.108682190245));
#18323 = VECTOR('',#18324,1.);
#18324 = DIRECTION('',(1.,0.,0.));
#18325 = PCURVE('',#3218,#18326);
#18326 = DEFINITIONAL_REPRESENTATION('',(#18327),#18331);
#18327 = LINE('',#18328,#18329);
#18328 = CARTESIAN_POINT('',(5.905241890921,0.));
#18329 = VECTOR('',#18330,1.);
#18330 = DIRECTION('',(0.,-1.));
#18331 = ( GEOMETRIC_REPRESENTATION_CONTEXT(2) 
PARAMETRIC_REPRESENTATION_CONTEXT() REPRESENTATION_CONTEXT('2D SPACE',''
  ) );
#18332 = PCURVE('',#3246,#18333);
#18333 = DEFINITIONAL_REPRESENTATION('',(#18334),#18338);
#18334 = LINE('',#18335,#18336);
#18335 = CARTESIAN_POINT('',(0.,0.));
#18336 = VECTOR('',#18337,1.);
#18337 = DIRECTION('',(0.,-1.));
#18338 = ( GEOMETRIC_REPRESENTATION_CONTEXT(2) 
PARAMETRIC_REPRESENTATION_CONTEXT() REPRESENTATION_CONTEXT('2D SPACE',''
  ) );
#18339 = ORIENTED_EDGE('',*,*,#3202,.F.);
#18340 = ADVANCED_FACE('',(#18341),#3974,.F.);
#18341 = FACE_BOUND('',#18342,.F.);
#18342 = EDGE_LOOP('',(#18343,#18364,#18365,#18366));
#18343 = ORIENTED_EDGE('',*,*,#18344,.T.);
#18344 = EDGE_CURVE('',#3931,#10077,#18345,.T.);
#18345 = SURFACE_CURVE('',#18346,(#18350,#18357),.PCURVE_S1.);
#18346 = LINE('',#18347,#18348);
#18347 = CARTESIAN_POINT('',(-14.,-74.2390126781,-22.24452734));
#18348 = VECTOR('',#18349,1.);
#18349 = DIRECTION('',(1.,0.,0.));
#18350 = PCURVE('',#3974,#18351);
#18351 = DEFINITIONAL_REPRESENTATION('',(#18352),#18356);
#18352 = LINE('',#18353,#18354);
#18353 = CARTESIAN_POINT('',(0.,0.));
#18354 = VECTOR('',#18355,1.);
#18355 = DIRECTION('',(0.,-1.));
#18356 = ( GEOMETRIC_REPRESENTATION_CONTEXT(2) 
PARAMETRIC_REPRESENTATION_CONTEXT() REPRESENTATION_CONTEXT('2D SPACE',''
  ) );
#18357 = PCURVE('',#3946,#18358);
#18358 = DEFINITIONAL_REPRESENTATION('',(#18359),#18363);
#18359 = LINE('',#18360,#18361);
#18360 = CARTESIAN_POINT('',(5.905241890921,0.));
#18361 = VECTOR('',#18362,1.);
#18362 = DIRECTION('',(0.,-1.));
#18363 = ( GEOMETRIC_REPRESENTATION_CONTEXT(2) 
PARAMETRIC_REPRESENTATION_CONTEXT() REPRESENTATION_CONTEXT('2D SPACE',''
  ) );
#18364 = ORIENTED_EDGE('',*,*,#10099,.T.);
#18365 = ORIENTED_EDGE('',*,*,#18290,.F.);
#18366 = ORIENTED_EDGE('',*,*,#3958,.F.);
#18367 = ADVANCED_FACE('',(#18368),#3246,.F.);
#18368 = FACE_BOUND('',#18369,.F.);
#18369 = EDGE_LOOP('',(#18370,#18371,#18372,#18393));
#18370 = ORIENTED_EDGE('',*,*,#18319,.T.);
#18371 = ORIENTED_EDGE('',*,*,#9501,.T.);
#18372 = ORIENTED_EDGE('',*,*,#18373,.F.);
#18373 = EDGE_CURVE('',#3231,#9502,#18374,.T.);
#18374 = SURFACE_CURVE('',#18375,(#18379,#18386),.PCURVE_S1.);
#18375 = LINE('',#18376,#18377);
#18376 = CARTESIAN_POINT('',(-14.,-67.23503971589,25.406004396634));
#18377 = VECTOR('',#18378,1.);
#18378 = DIRECTION('',(1.,0.,0.));
#18379 = PCURVE('',#3246,#18380);
#18380 = DEFINITIONAL_REPRESENTATION('',(#18381),#18385);
#18381 = LINE('',#18382,#18383);
#18382 = CARTESIAN_POINT('',(0.752669800767,0.));
#18383 = VECTOR('',#18384,1.);
#18384 = DIRECTION('',(0.,-1.));
#18385 = ( GEOMETRIC_REPRESENTATION_CONTEXT(2) 
PARAMETRIC_REPRESENTATION_CONTEXT() REPRESENTATION_CONTEXT('2D SPACE',''
  ) );
#18386 = PCURVE('',#3274,#18387);
#18387 = DEFINITIONAL_REPRESENTATION('',(#18388),#18392);
#18388 = LINE('',#18389,#18390);
#18389 = CARTESIAN_POINT('',(0.,0.));
#18390 = VECTOR('',#18391,1.);
#18391 = DIRECTION('',(0.,-1.));
#18392 = ( GEOMETRIC_REPRESENTATION_CONTEXT(2) 
PARAMETRIC_REPRESENTATION_CONTEXT() REPRESENTATION_CONTEXT('2D SPACE',''
  ) );
#18393 = ORIENTED_EDGE('',*,*,#3230,.F.);
#18394 = ADVANCED_FACE('',(#18395),#3946,.F.);
#18395 = FACE_BOUND('',#18396,.F.);
#18396 = EDGE_LOOP('',(#18397,#18418,#18419,#18420));
#18397 = ORIENTED_EDGE('',*,*,#18398,.T.);
#18398 = EDGE_CURVE('',#3903,#10054,#18399,.T.);
#18399 = SURFACE_CURVE('',#18400,(#18404,#18411),.PCURVE_S1.);
#18400 = LINE('',#18401,#18402);
#18401 = CARTESIAN_POINT('',(-14.,-69.32756445165,-18.96587546626));
#18402 = VECTOR('',#18403,1.);
#18403 = DIRECTION('',(1.,0.,0.));
#18404 = PCURVE('',#3946,#18405);
#18405 = DEFINITIONAL_REPRESENTATION('',(#18406),#18410);
#18406 = LINE('',#18407,#18408);
#18407 = CARTESIAN_POINT('',(0.,0.));
#18408 = VECTOR('',#18409,1.);
#18409 = DIRECTION('',(0.,-1.));
#18410 = ( GEOMETRIC_REPRESENTATION_CONTEXT(2) 
PARAMETRIC_REPRESENTATION_CONTEXT() REPRESENTATION_CONTEXT('2D SPACE',''
  ) );
#18411 = PCURVE('',#3918,#18412);
#18412 = DEFINITIONAL_REPRESENTATION('',(#18413),#18417);
#18413 = LINE('',#18414,#18415);
#18414 = CARTESIAN_POINT('',(0.752669800767,0.));
#18415 = VECTOR('',#18416,1.);
#18416 = DIRECTION('',(0.,-1.));
#18417 = ( GEOMETRIC_REPRESENTATION_CONTEXT(2) 
PARAMETRIC_REPRESENTATION_CONTEXT() REPRESENTATION_CONTEXT('2D SPACE',''
  ) );
#18418 = ORIENTED_EDGE('',*,*,#10076,.T.);
#18419 = ORIENTED_EDGE('',*,*,#18344,.F.);
#18420 = ORIENTED_EDGE('',*,*,#3930,.F.);
#18421 = ADVANCED_FACE('',(#18422),#3274,.F.);
#18422 = FACE_BOUND('',#18423,.F.);
#18423 = EDGE_LOOP('',(#18424,#18425,#18426,#18447));
#18424 = ORIENTED_EDGE('',*,*,#18373,.T.);
#18425 = ORIENTED_EDGE('',*,*,#9524,.T.);
#18426 = ORIENTED_EDGE('',*,*,#18427,.F.);
#18427 = EDGE_CURVE('',#3259,#9525,#18428,.T.);
#18428 = SURFACE_CURVE('',#18429,(#18433,#18440),.PCURVE_S1.);
#18429 = LINE('',#18430,#18431);
#18430 = CARTESIAN_POINT('',(-14.,-73.13562801687,25.640396147047));
#18431 = VECTOR('',#18432,1.);
#18432 = DIRECTION('',(1.,0.,0.));
#18433 = PCURVE('',#3274,#18434);
#18434 = DEFINITIONAL_REPRESENTATION('',(#18435),#18439);
#18435 = LINE('',#18436,#18437);
#18436 = CARTESIAN_POINT('',(5.905241890921,0.));
#18437 = VECTOR('',#18438,1.);
#18438 = DIRECTION('',(0.,-1.));
#18439 = ( GEOMETRIC_REPRESENTATION_CONTEXT(2) 
PARAMETRIC_REPRESENTATION_CONTEXT() REPRESENTATION_CONTEXT('2D SPACE',''
  ) );
#18440 = PCURVE('',#3302,#18441);
#18441 = DEFINITIONAL_REPRESENTATION('',(#18442),#18446);
#18442 = LINE('',#18443,#18444);
#18443 = CARTESIAN_POINT('',(0.,0.));
#18444 = VECTOR('',#18445,1.);
#18445 = DIRECTION('',(0.,-1.));
#18446 = ( GEOMETRIC_REPRESENTATION_CONTEXT(2) 
PARAMETRIC_REPRESENTATION_CONTEXT() REPRESENTATION_CONTEXT('2D SPACE',''
  ) );
#18447 = ORIENTED_EDGE('',*,*,#3258,.F.);
#18448 = ADVANCED_FACE('',(#18449),#3918,.F.);
#18449 = FACE_BOUND('',#18450,.F.);
#18450 = EDGE_LOOP('',(#18451,#18472,#18473,#18474));
#18451 = ORIENTED_EDGE('',*,*,#18452,.T.);
#18452 = EDGE_CURVE('',#3875,#10031,#18453,.T.);
#18453 = SURFACE_CURVE('',#18454,(#18458,#18465),.PCURVE_S1.);
#18454 = LINE('',#18455,#18456);
#18455 = CARTESIAN_POINT('',(-14.,-69.52236973076,-18.23885226703));
#18456 = VECTOR('',#18457,1.);
#18457 = DIRECTION('',(1.,0.,0.));
#18458 = PCURVE('',#3918,#18459);
#18459 = DEFINITIONAL_REPRESENTATION('',(#18460),#18464);
#18460 = LINE('',#18461,#18462);
#18461 = CARTESIAN_POINT('',(0.,0.));
#18462 = VECTOR('',#18463,1.);
#18463 = DIRECTION('',(0.,-1.));
#18464 = ( GEOMETRIC_REPRESENTATION_CONTEXT(2) 
PARAMETRIC_REPRESENTATION_CONTEXT() REPRESENTATION_CONTEXT('2D SPACE',''
  ) );
#18465 = PCURVE('',#3890,#18466);
#18466 = DEFINITIONAL_REPRESENTATION('',(#18467),#18471);
#18467 = LINE('',#18468,#18469);
#18468 = CARTESIAN_POINT('',(5.905241890921,0.));
#18469 = VECTOR('',#18470,1.);
#18470 = DIRECTION('',(0.,-1.));
#18471 = ( GEOMETRIC_REPRESENTATION_CONTEXT(2) 
PARAMETRIC_REPRESENTATION_CONTEXT() REPRESENTATION_CONTEXT('2D SPACE',''
  ) );
#18472 = ORIENTED_EDGE('',*,*,#10053,.T.);
#18473 = ORIENTED_EDGE('',*,*,#18398,.F.);
#18474 = ORIENTED_EDGE('',*,*,#3902,.F.);
#18475 = ADVANCED_FACE('',(#18476),#3302,.F.);
#18476 = FACE_BOUND('',#18477,.F.);
#18477 = EDGE_LOOP('',(#18478,#18479,#18480,#18501));
#18478 = ORIENTED_EDGE('',*,*,#18427,.T.);
#18479 = ORIENTED_EDGE('',*,*,#9547,.T.);
#18480 = ORIENTED_EDGE('',*,*,#18481,.F.);
#18481 = EDGE_CURVE('',#3287,#9548,#18482,.T.);
#18482 = SURFACE_CURVE('',#18483,(#18487,#18494),.PCURVE_S1.);
#18483 = LINE('',#18484,#18485);
#18484 = CARTESIAN_POINT('',(-14.,-74.2390126781,22.24452734));
#18485 = VECTOR('',#18486,1.);
#18486 = DIRECTION('',(1.,0.,0.));
#18487 = PCURVE('',#3302,#18488);
#18488 = DEFINITIONAL_REPRESENTATION('',(#18489),#18493);
#18489 = LINE('',#18490,#18491);
#18490 = CARTESIAN_POINT('',(3.570627769079,0.));
#18491 = VECTOR('',#18492,1.);
#18492 = DIRECTION('',(0.,-1.));
#18493 = ( GEOMETRIC_REPRESENTATION_CONTEXT(2) 
PARAMETRIC_REPRESENTATION_CONTEXT() REPRESENTATION_CONTEXT('2D SPACE',''
  ) );
#18494 = PCURVE('',#3330,#18495);
#18495 = DEFINITIONAL_REPRESENTATION('',(#18496),#18500);
#18496 = LINE('',#18497,#18498);
#18497 = CARTESIAN_POINT('',(0.,0.));
#18498 = VECTOR('',#18499,1.);
#18499 = DIRECTION('',(0.,-1.));
#18500 = ( GEOMETRIC_REPRESENTATION_CONTEXT(2) 
PARAMETRIC_REPRESENTATION_CONTEXT() REPRESENTATION_CONTEXT('2D SPACE',''
  ) );
#18501 = ORIENTED_EDGE('',*,*,#3286,.F.);
#18502 = ADVANCED_FACE('',(#18503),#3890,.F.);
#18503 = FACE_BOUND('',#18504,.F.);
#18504 = EDGE_LOOP('',(#18505,#18526,#18527,#18528));
#18505 = ORIENTED_EDGE('',*,*,#18506,.T.);
#18506 = EDGE_CURVE('',#3847,#10008,#18507,.T.);
#18507 = SURFACE_CURVE('',#18508,(#18512,#18519),.PCURVE_S1.);
#18508 = LINE('',#18509,#18510);
#18509 = CARTESIAN_POINT('',(-14.,-75.41513460111,-17.85518056743));
#18510 = VECTOR('',#18511,1.);
#18511 = DIRECTION('',(1.,0.,0.));
#18512 = PCURVE('',#3890,#18513);
#18513 = DEFINITIONAL_REPRESENTATION('',(#18514),#18518);
#18514 = LINE('',#18515,#18516);
#18515 = CARTESIAN_POINT('',(0.,0.));
#18516 = VECTOR('',#18517,1.);
#18517 = DIRECTION('',(0.,-1.));
#18518 = ( GEOMETRIC_REPRESENTATION_CONTEXT(2) 
PARAMETRIC_REPRESENTATION_CONTEXT() REPRESENTATION_CONTEXT('2D SPACE',''
  ) );
#18519 = PCURVE('',#3862,#18520);
#18520 = DEFINITIONAL_REPRESENTATION('',(#18521),#18525);
#18521 = LINE('',#18522,#18523);
#18522 = CARTESIAN_POINT('',(3.570627769079,0.));
#18523 = VECTOR('',#18524,1.);
#18524 = DIRECTION('',(0.,-1.));
#18525 = ( GEOMETRIC_REPRESENTATION_CONTEXT(2) 
PARAMETRIC_REPRESENTATION_CONTEXT() REPRESENTATION_CONTEXT('2D SPACE',''
  ) );
#18526 = ORIENTED_EDGE('',*,*,#10030,.T.);
#18527 = ORIENTED_EDGE('',*,*,#18452,.F.);
#18528 = ORIENTED_EDGE('',*,*,#3874,.F.);
#18529 = ADVANCED_FACE('',(#18530),#3330,.F.);
#18530 = FACE_BOUND('',#18531,.F.);
#18531 = EDGE_LOOP('',(#18532,#18533,#18534,#18555));
#18532 = ORIENTED_EDGE('',*,*,#18481,.T.);
#18533 = ORIENTED_EDGE('',*,*,#9570,.T.);
#18534 = ORIENTED_EDGE('',*,*,#18535,.F.);
#18535 = EDGE_CURVE('',#3315,#9571,#18536,.T.);
#18536 = SURFACE_CURVE('',#18537,(#18541,#18548),.PCURVE_S1.);
#18537 = LINE('',#18538,#18539);
#18538 = CARTESIAN_POINT('',(-14.,-69.32756445165,18.965875466261));
#18539 = VECTOR('',#18540,1.);
#18540 = DIRECTION('',(1.,0.,0.));
#18541 = PCURVE('',#3330,#18542);
#18542 = DEFINITIONAL_REPRESENTATION('',(#18543),#18547);
#18543 = LINE('',#18544,#18545);
#18544 = CARTESIAN_POINT('',(5.905241890921,0.));
#18545 = VECTOR('',#18546,1.);
#18546 = DIRECTION('',(0.,-1.));
#18547 = ( GEOMETRIC_REPRESENTATION_CONTEXT(2) 
PARAMETRIC_REPRESENTATION_CONTEXT() REPRESENTATION_CONTEXT('2D SPACE',''
  ) );
#18548 = PCURVE('',#3358,#18549);
#18549 = DEFINITIONAL_REPRESENTATION('',(#18550),#18554);
#18550 = LINE('',#18551,#18552);
#18551 = CARTESIAN_POINT('',(0.,0.));
#18552 = VECTOR('',#18553,1.);
#18553 = DIRECTION('',(0.,-1.));
#18554 = ( GEOMETRIC_REPRESENTATION_CONTEXT(2) 
PARAMETRIC_REPRESENTATION_CONTEXT() REPRESENTATION_CONTEXT('2D SPACE',''
  ) );
#18555 = ORIENTED_EDGE('',*,*,#3314,.F.);
#18556 = ADVANCED_FACE('',(#18557),#3862,.F.);
#18557 = FACE_BOUND('',#18558,.F.);
#18558 = EDGE_LOOP('',(#18559,#18580,#18581,#18582));
#18559 = ORIENTED_EDGE('',*,*,#18560,.T.);
#18560 = EDGE_CURVE('',#3819,#9985,#18561,.T.);
#18561 = SURFACE_CURVE('',#18562,(#18566,#18573),.PCURVE_S1.);
#18562 = LINE('',#18563,#18564);
#18563 = CARTESIAN_POINT('',(-14.,-76.15750985786,-14.36257958199));
#18564 = VECTOR('',#18565,1.);
#18565 = DIRECTION('',(1.,0.,0.));
#18566 = PCURVE('',#3862,#18567);
#18567 = DEFINITIONAL_REPRESENTATION('',(#18568),#18572);
#18568 = LINE('',#18569,#18570);
#18569 = CARTESIAN_POINT('',(0.,0.));
#18570 = VECTOR('',#18571,1.);
#18571 = DIRECTION('',(0.,-1.));
#18572 = ( GEOMETRIC_REPRESENTATION_CONTEXT(2) 
PARAMETRIC_REPRESENTATION_CONTEXT() REPRESENTATION_CONTEXT('2D SPACE',''
  ) );
#18573 = PCURVE('',#3834,#18574);
#18574 = DEFINITIONAL_REPRESENTATION('',(#18575),#18579);
#18575 = LINE('',#18576,#18577);
#18576 = CARTESIAN_POINT('',(5.905241890921,0.));
#18577 = VECTOR('',#18578,1.);
#18578 = DIRECTION('',(0.,-1.));
#18579 = ( GEOMETRIC_REPRESENTATION_CONTEXT(2) 
PARAMETRIC_REPRESENTATION_CONTEXT() REPRESENTATION_CONTEXT('2D SPACE',''
  ) );
#18580 = ORIENTED_EDGE('',*,*,#10007,.T.);
#18581 = ORIENTED_EDGE('',*,*,#18506,.F.);
#18582 = ORIENTED_EDGE('',*,*,#3846,.F.);
#18583 = ADVANCED_FACE('',(#18584),#3358,.F.);
#18584 = FACE_BOUND('',#18585,.F.);
#18585 = EDGE_LOOP('',(#18586,#18587,#18588,#18609));
#18586 = ORIENTED_EDGE('',*,*,#18535,.T.);
#18587 = ORIENTED_EDGE('',*,*,#9593,.T.);
#18588 = ORIENTED_EDGE('',*,*,#18589,.F.);
#18589 = EDGE_CURVE('',#3343,#9594,#18590,.T.);
#18590 = SURFACE_CURVE('',#18591,(#18595,#18602),.PCURVE_S1.);
#18591 = LINE('',#18592,#18593);
#18592 = CARTESIAN_POINT('',(-14.,-69.52236973076,18.238852267033));
#18593 = VECTOR('',#18594,1.);
#18594 = DIRECTION('',(1.,0.,0.));
#18595 = PCURVE('',#3358,#18596);
#18596 = DEFINITIONAL_REPRESENTATION('',(#18597),#18601);
#18597 = LINE('',#18598,#18599);
#18598 = CARTESIAN_POINT('',(0.752669800767,0.));
#18599 = VECTOR('',#18600,1.);
#18600 = DIRECTION('',(0.,-1.));
#18601 = ( GEOMETRIC_REPRESENTATION_CONTEXT(2) 
PARAMETRIC_REPRESENTATION_CONTEXT() REPRESENTATION_CONTEXT('2D SPACE',''
  ) );
#18602 = PCURVE('',#3386,#18603);
#18603 = DEFINITIONAL_REPRESENTATION('',(#18604),#18608);
#18604 = LINE('',#18605,#18606);
#18605 = CARTESIAN_POINT('',(0.,0.));
#18606 = VECTOR('',#18607,1.);
#18607 = DIRECTION('',(0.,-1.));
#18608 = ( GEOMETRIC_REPRESENTATION_CONTEXT(2) 
PARAMETRIC_REPRESENTATION_CONTEXT() REPRESENTATION_CONTEXT('2D SPACE',''
  ) );
#18609 = ORIENTED_EDGE('',*,*,#3342,.F.);
#18610 = ADVANCED_FACE('',(#18611),#3834,.F.);
#18611 = FACE_BOUND('',#18612,.F.);
#18612 = EDGE_LOOP('',(#18613,#18634,#18635,#18636));
#18613 = ORIENTED_EDGE('',*,*,#18614,.T.);
#18614 = EDGE_CURVE('',#3791,#9962,#18615,.T.);
#18615 = SURFACE_CURVE('',#18616,(#18620,#18627),.PCURVE_S1.);
#18616 = LINE('',#18617,#18618);
#18617 = CARTESIAN_POINT('',(-14.,-70.93025461673,-11.6152746418));
#18618 = VECTOR('',#18619,1.);
#18619 = DIRECTION('',(1.,0.,0.));
#18620 = PCURVE('',#3834,#18621);
#18621 = DEFINITIONAL_REPRESENTATION('',(#18622),#18626);
#18622 = LINE('',#18623,#18624);
#18623 = CARTESIAN_POINT('',(0.,0.));
#18624 = VECTOR('',#18625,1.);
#18625 = DIRECTION('',(0.,-1.));
#18626 = ( GEOMETRIC_REPRESENTATION_CONTEXT(2) 
PARAMETRIC_REPRESENTATION_CONTEXT() REPRESENTATION_CONTEXT('2D SPACE',''
  ) );
#18627 = PCURVE('',#3806,#18628);
#18628 = DEFINITIONAL_REPRESENTATION('',(#18629),#18633);
#18629 = LINE('',#18630,#18631);
#18630 = CARTESIAN_POINT('',(0.752669800767,0.));
#18631 = VECTOR('',#18632,1.);
#18632 = DIRECTION('',(0.,-1.));
#18633 = ( GEOMETRIC_REPRESENTATION_CONTEXT(2) 
PARAMETRIC_REPRESENTATION_CONTEXT() REPRESENTATION_CONTEXT('2D SPACE',''
  ) );
#18634 = ORIENTED_EDGE('',*,*,#9984,.T.);
#18635 = ORIENTED_EDGE('',*,*,#18560,.F.);
#18636 = ORIENTED_EDGE('',*,*,#3818,.F.);
#18637 = ADVANCED_FACE('',(#18638),#3386,.F.);
#18638 = FACE_BOUND('',#18639,.F.);
#18639 = EDGE_LOOP('',(#18640,#18641,#18642,#18663));
#18640 = ORIENTED_EDGE('',*,*,#18589,.T.);
#18641 = ORIENTED_EDGE('',*,*,#9616,.T.);
#18642 = ORIENTED_EDGE('',*,*,#18643,.F.);
#18643 = EDGE_CURVE('',#3371,#9617,#18644,.T.);
#18644 = SURFACE_CURVE('',#18645,(#18649,#18656),.PCURVE_S1.);
#18645 = LINE('',#18646,#18647);
#18646 = CARTESIAN_POINT('',(-14.,-75.41513460111,17.855180567436));
#18647 = VECTOR('',#18648,1.);
#18648 = DIRECTION('',(1.,0.,0.));
#18649 = PCURVE('',#3386,#18650);
#18650 = DEFINITIONAL_REPRESENTATION('',(#18651),#18655);
#18651 = LINE('',#18652,#18653);
#18652 = CARTESIAN_POINT('',(5.905241890921,0.));
#18653 = VECTOR('',#18654,1.);
#18654 = DIRECTION('',(0.,-1.));
#18655 = ( GEOMETRIC_REPRESENTATION_CONTEXT(2) 
PARAMETRIC_REPRESENTATION_CONTEXT() REPRESENTATION_CONTEXT('2D SPACE',''
  ) );
#18656 = PCURVE('',#3414,#18657);
#18657 = DEFINITIONAL_REPRESENTATION('',(#18658),#18662);
#18658 = LINE('',#18659,#18660);
#18659 = CARTESIAN_POINT('',(0.,0.));
#18660 = VECTOR('',#18661,1.);
#18661 = DIRECTION('',(0.,-1.));
#18662 = ( GEOMETRIC_REPRESENTATION_CONTEXT(2) 
PARAMETRIC_REPRESENTATION_CONTEXT() REPRESENTATION_CONTEXT('2D SPACE',''
  ) );
#18663 = ORIENTED_EDGE('',*,*,#3370,.F.);
#18664 = ADVANCED_FACE('',(#18665),#3806,.F.);
#18665 = FACE_BOUND('',#18666,.F.);
#18666 = EDGE_LOOP('',(#18667,#18688,#18689,#18690));
#18667 = ORIENTED_EDGE('',*,*,#18668,.T.);
#18668 = EDGE_CURVE('',#3763,#9939,#18669,.T.);
#18669 = SURFACE_CURVE('',#18670,(#18674,#18681),.PCURVE_S1.);
#18670 = LINE('',#18671,#18672);
#18671 = CARTESIAN_POINT('',(-14.,-71.04799811437,-10.87187145526));
#18672 = VECTOR('',#18673,1.);
#18673 = DIRECTION('',(1.,0.,0.));
#18674 = PCURVE('',#3806,#18675);
#18675 = DEFINITIONAL_REPRESENTATION('',(#18676),#18680);
#18676 = LINE('',#18677,#18678);
#18677 = CARTESIAN_POINT('',(0.,0.));
#18678 = VECTOR('',#18679,1.);
#18679 = DIRECTION('',(0.,-1.));
#18680 = ( GEOMETRIC_REPRESENTATION_CONTEXT(2) 
PARAMETRIC_REPRESENTATION_CONTEXT() REPRESENTATION_CONTEXT('2D SPACE',''
  ) );
#18681 = PCURVE('',#3778,#18682);
#18682 = DEFINITIONAL_REPRESENTATION('',(#18683),#18687);
#18683 = LINE('',#18684,#18685);
#18684 = CARTESIAN_POINT('',(5.905241890921,0.));
#18685 = VECTOR('',#18686,1.);
#18686 = DIRECTION('',(0.,-1.));
#18687 = ( GEOMETRIC_REPRESENTATION_CONTEXT(2) 
PARAMETRIC_REPRESENTATION_CONTEXT() REPRESENTATION_CONTEXT('2D SPACE',''
  ) );
#18688 = ORIENTED_EDGE('',*,*,#9961,.T.);
#18689 = ORIENTED_EDGE('',*,*,#18614,.F.);
#18690 = ORIENTED_EDGE('',*,*,#3790,.F.);
#18691 = ADVANCED_FACE('',(#18692),#3414,.F.);
#18692 = FACE_BOUND('',#18693,.F.);
#18693 = EDGE_LOOP('',(#18694,#18695,#18696,#18717));
#18694 = ORIENTED_EDGE('',*,*,#18643,.T.);
#18695 = ORIENTED_EDGE('',*,*,#9639,.T.);
#18696 = ORIENTED_EDGE('',*,*,#18697,.F.);
#18697 = EDGE_CURVE('',#3399,#9640,#18698,.T.);
#18698 = SURFACE_CURVE('',#18699,(#18703,#18710),.PCURVE_S1.);
#18699 = LINE('',#18700,#18701);
#18700 = CARTESIAN_POINT('',(-14.,-76.15750985786,14.362579581998));
#18701 = VECTOR('',#18702,1.);
#18702 = DIRECTION('',(1.,0.,0.));
#18703 = PCURVE('',#3414,#18704);
#18704 = DEFINITIONAL_REPRESENTATION('',(#18705),#18709);
#18705 = LINE('',#18706,#18707);
#18706 = CARTESIAN_POINT('',(3.570627769079,0.));
#18707 = VECTOR('',#18708,1.);
#18708 = DIRECTION('',(0.,-1.));
#18709 = ( GEOMETRIC_REPRESENTATION_CONTEXT(2) 
PARAMETRIC_REPRESENTATION_CONTEXT() REPRESENTATION_CONTEXT('2D SPACE',''
  ) );
#18710 = PCURVE('',#3442,#18711);
#18711 = DEFINITIONAL_REPRESENTATION('',(#18712),#18716);
#18712 = LINE('',#18713,#18714);
#18713 = CARTESIAN_POINT('',(0.,0.));
#18714 = VECTOR('',#18715,1.);
#18715 = DIRECTION('',(0.,-1.));
#18716 = ( GEOMETRIC_REPRESENTATION_CONTEXT(2) 
PARAMETRIC_REPRESENTATION_CONTEXT() REPRESENTATION_CONTEXT('2D SPACE',''
  ) );
#18717 = ORIENTED_EDGE('',*,*,#3398,.F.);
#18718 = ADVANCED_FACE('',(#18719),#3778,.F.);
#18719 = FACE_BOUND('',#18720,.F.);
#18720 = EDGE_LOOP('',(#18721,#18742,#18743,#18744));
#18721 = ORIENTED_EDGE('',*,*,#18722,.T.);
#18722 = EDGE_CURVE('',#3735,#9916,#18723,.T.);
#18723 = SURFACE_CURVE('',#18724,(#18728,#18735),.PCURVE_S1.);
#18724 = LINE('',#18725,#18726);
#18725 = CARTESIAN_POINT('',(-14.,-76.86837718903,-9.874339893091));
#18726 = VECTOR('',#18727,1.);
#18727 = DIRECTION('',(1.,0.,0.));
#18728 = PCURVE('',#3778,#18729);
#18729 = DEFINITIONAL_REPRESENTATION('',(#18730),#18734);
#18730 = LINE('',#18731,#18732);
#18731 = CARTESIAN_POINT('',(0.,0.));
#18732 = VECTOR('',#18733,1.);
#18733 = DIRECTION('',(0.,-1.));
#18734 = ( GEOMETRIC_REPRESENTATION_CONTEXT(2) 
PARAMETRIC_REPRESENTATION_CONTEXT() REPRESENTATION_CONTEXT('2D SPACE',''
  ) );
#18735 = PCURVE('',#3750,#18736);
#18736 = DEFINITIONAL_REPRESENTATION('',(#18737),#18741);
#18737 = LINE('',#18738,#18739);
#18738 = CARTESIAN_POINT('',(3.570627769079,0.));
#18739 = VECTOR('',#18740,1.);
#18740 = DIRECTION('',(0.,-1.));
#18741 = ( GEOMETRIC_REPRESENTATION_CONTEXT(2) 
PARAMETRIC_REPRESENTATION_CONTEXT() REPRESENTATION_CONTEXT('2D SPACE',''
  ) );
#18742 = ORIENTED_EDGE('',*,*,#9938,.T.);
#18743 = ORIENTED_EDGE('',*,*,#18668,.F.);
#18744 = ORIENTED_EDGE('',*,*,#3762,.F.);
#18745 = ADVANCED_FACE('',(#18746),#3442,.F.);
#18746 = FACE_BOUND('',#18747,.F.);
#18747 = EDGE_LOOP('',(#18748,#18749,#18750,#18771));
#18748 = ORIENTED_EDGE('',*,*,#18697,.T.);
#18749 = ORIENTED_EDGE('',*,*,#9662,.T.);
#18750 = ORIENTED_EDGE('',*,*,#18751,.F.);
#18751 = EDGE_CURVE('',#3427,#9663,#18752,.T.);
#18752 = SURFACE_CURVE('',#18753,(#18757,#18764),.PCURVE_S1.);
#18753 = LINE('',#18754,#18755);
#18754 = CARTESIAN_POINT('',(-14.,-70.93025461673,11.615274641804));
#18755 = VECTOR('',#18756,1.);
#18756 = DIRECTION('',(1.,0.,0.));
#18757 = PCURVE('',#3442,#18758);
#18758 = DEFINITIONAL_REPRESENTATION('',(#18759),#18763);
#18759 = LINE('',#18760,#18761);
#18760 = CARTESIAN_POINT('',(5.905241890921,0.));
#18761 = VECTOR('',#18762,1.);
#18762 = DIRECTION('',(0.,-1.));
#18763 = ( GEOMETRIC_REPRESENTATION_CONTEXT(2) 
PARAMETRIC_REPRESENTATION_CONTEXT() REPRESENTATION_CONTEXT('2D SPACE',''
  ) );
#18764 = PCURVE('',#3470,#18765);
#18765 = DEFINITIONAL_REPRESENTATION('',(#18766),#18770);
#18766 = LINE('',#18767,#18768);
#18767 = CARTESIAN_POINT('',(0.,0.));
#18768 = VECTOR('',#18769,1.);
#18769 = DIRECTION('',(0.,-1.));
#18770 = ( GEOMETRIC_REPRESENTATION_CONTEXT(2) 
PARAMETRIC_REPRESENTATION_CONTEXT() REPRESENTATION_CONTEXT('2D SPACE',''
  ) );
#18771 = ORIENTED_EDGE('',*,*,#3426,.F.);
#18772 = ADVANCED_FACE('',(#18773),#3750,.F.);
#18773 = FACE_BOUND('',#18774,.F.);
#18774 = EDGE_LOOP('',(#18775,#18796,#18797,#18798));
#18775 = ORIENTED_EDGE('',*,*,#18776,.T.);
#18776 = EDGE_CURVE('',#3707,#9893,#18777,.T.);
#18777 = SURFACE_CURVE('',#18778,(#18782,#18789),.PCURVE_S1.);
#18778 = LINE('',#18779,#18780);
#18779 = CARTESIAN_POINT('',(-14.,-77.24160942263,-6.323272396532));
#18780 = VECTOR('',#18781,1.);
#18781 = DIRECTION('',(1.,0.,0.));
#18782 = PCURVE('',#3750,#18783);
#18783 = DEFINITIONAL_REPRESENTATION('',(#18784),#18788);
#18784 = LINE('',#18785,#18786);
#18785 = CARTESIAN_POINT('',(0.,0.));
#18786 = VECTOR('',#18787,1.);
#18787 = DIRECTION('',(0.,-1.));
#18788 = ( GEOMETRIC_REPRESENTATION_CONTEXT(2) 
PARAMETRIC_REPRESENTATION_CONTEXT() REPRESENTATION_CONTEXT('2D SPACE',''
  ) );
#18789 = PCURVE('',#3722,#18790);
#18790 = DEFINITIONAL_REPRESENTATION('',(#18791),#18795);
#18791 = LINE('',#18792,#18793);
#18792 = CARTESIAN_POINT('',(5.905241890921,0.));
#18793 = VECTOR('',#18794,1.);
#18794 = DIRECTION('',(0.,-1.));
#18795 = ( GEOMETRIC_REPRESENTATION_CONTEXT(2) 
PARAMETRIC_REPRESENTATION_CONTEXT() REPRESENTATION_CONTEXT('2D SPACE',''
  ) );
#18796 = ORIENTED_EDGE('',*,*,#9915,.T.);
#18797 = ORIENTED_EDGE('',*,*,#18722,.F.);
#18798 = ORIENTED_EDGE('',*,*,#3734,.F.);
#18799 = ADVANCED_FACE('',(#18800),#3470,.F.);
#18800 = FACE_BOUND('',#18801,.F.);
#18801 = EDGE_LOOP('',(#18802,#18803,#18804,#18825));
#18802 = ORIENTED_EDGE('',*,*,#18751,.T.);
#18803 = ORIENTED_EDGE('',*,*,#9685,.T.);
#18804 = ORIENTED_EDGE('',*,*,#18805,.F.);
#18805 = EDGE_CURVE('',#3455,#9686,#18806,.T.);
#18806 = SURFACE_CURVE('',#18807,(#18811,#18818),.PCURVE_S1.);
#18807 = LINE('',#18808,#18809);
#18808 = CARTESIAN_POINT('',(-14.,-71.04799811437,10.871871455269));
#18809 = VECTOR('',#18810,1.);
#18810 = DIRECTION('',(1.,0.,0.));
#18811 = PCURVE('',#3470,#18812);
#18812 = DEFINITIONAL_REPRESENTATION('',(#18813),#18817);
#18813 = LINE('',#18814,#18815);
#18814 = CARTESIAN_POINT('',(0.752669800767,0.));
#18815 = VECTOR('',#18816,1.);
#18816 = DIRECTION('',(0.,-1.));
#18817 = ( GEOMETRIC_REPRESENTATION_CONTEXT(2) 
PARAMETRIC_REPRESENTATION_CONTEXT() REPRESENTATION_CONTEXT('2D SPACE',''
  ) );
#18818 = PCURVE('',#3498,#18819);
#18819 = DEFINITIONAL_REPRESENTATION('',(#18820),#18824);
#18820 = LINE('',#18821,#18822);
#18821 = CARTESIAN_POINT('',(0.,0.));
#18822 = VECTOR('',#18823,1.);
#18823 = DIRECTION('',(0.,-1.));
#18824 = ( GEOMETRIC_REPRESENTATION_CONTEXT(2) 
PARAMETRIC_REPRESENTATION_CONTEXT() REPRESENTATION_CONTEXT('2D SPACE',''
  ) );
#18825 = ORIENTED_EDGE('',*,*,#3454,.F.);
#18826 = ADVANCED_FACE('',(#18827),#3722,.F.);
#18827 = FACE_BOUND('',#18828,.F.);
#18828 = EDGE_LOOP('',(#18829,#18850,#18851,#18852));
#18829 = ORIENTED_EDGE('',*,*,#18830,.T.);
#18830 = EDGE_CURVE('',#3679,#9870,#18831,.T.);
#18831 = SURFACE_CURVE('',#18832,(#18836,#18843),.PCURVE_S1.);
#18832 = LINE('',#18833,#18834);
#18833 = CARTESIAN_POINT('',(-14.,-71.75581806913,-4.137414437719));
#18834 = VECTOR('',#18835,1.);
#18835 = DIRECTION('',(1.,0.,0.));
#18836 = PCURVE('',#3722,#18837);
#18837 = DEFINITIONAL_REPRESENTATION('',(#18838),#18842);
#18838 = LINE('',#18839,#18840);
#18839 = CARTESIAN_POINT('',(0.,0.));
#18840 = VECTOR('',#18841,1.);
#18841 = DIRECTION('',(0.,-1.));
#18842 = ( GEOMETRIC_REPRESENTATION_CONTEXT(2) 
PARAMETRIC_REPRESENTATION_CONTEXT() REPRESENTATION_CONTEXT('2D SPACE',''
  ) );
#18843 = PCURVE('',#3694,#18844);
#18844 = DEFINITIONAL_REPRESENTATION('',(#18845),#18849);
#18845 = LINE('',#18846,#18847);
#18846 = CARTESIAN_POINT('',(0.752669800767,0.));
#18847 = VECTOR('',#18848,1.);
#18848 = DIRECTION('',(0.,-1.));
#18849 = ( GEOMETRIC_REPRESENTATION_CONTEXT(2) 
PARAMETRIC_REPRESENTATION_CONTEXT() REPRESENTATION_CONTEXT('2D SPACE',''
  ) );
#18850 = ORIENTED_EDGE('',*,*,#9892,.T.);
#18851 = ORIENTED_EDGE('',*,*,#18776,.F.);
#18852 = ORIENTED_EDGE('',*,*,#3706,.F.);
#18853 = ADVANCED_FACE('',(#18854),#3498,.F.);
#18854 = FACE_BOUND('',#18855,.F.);
#18855 = EDGE_LOOP('',(#18856,#18857,#18858,#18879));
#18856 = ORIENTED_EDGE('',*,*,#18805,.T.);
#18857 = ORIENTED_EDGE('',*,*,#9708,.T.);
#18858 = ORIENTED_EDGE('',*,*,#18859,.F.);
#18859 = EDGE_CURVE('',#3483,#9709,#18860,.T.);
#18860 = SURFACE_CURVE('',#18861,(#18865,#18872),.PCURVE_S1.);
#18861 = LINE('',#18862,#18863);
#18862 = CARTESIAN_POINT('',(-14.,-76.86837718903,9.874339893091));
#18863 = VECTOR('',#18864,1.);
#18864 = DIRECTION('',(1.,0.,0.));
#18865 = PCURVE('',#3498,#18866);
#18866 = DEFINITIONAL_REPRESENTATION('',(#18867),#18871);
#18867 = LINE('',#18868,#18869);
#18868 = CARTESIAN_POINT('',(5.905241890921,0.));
#18869 = VECTOR('',#18870,1.);
#18870 = DIRECTION('',(0.,-1.));
#18871 = ( GEOMETRIC_REPRESENTATION_CONTEXT(2) 
PARAMETRIC_REPRESENTATION_CONTEXT() REPRESENTATION_CONTEXT('2D SPACE',''
  ) );
#18872 = PCURVE('',#3526,#18873);
#18873 = DEFINITIONAL_REPRESENTATION('',(#18874),#18878);
#18874 = LINE('',#18875,#18876);
#18875 = CARTESIAN_POINT('',(0.,0.));
#18876 = VECTOR('',#18877,1.);
#18877 = DIRECTION('',(0.,-1.));
#18878 = ( GEOMETRIC_REPRESENTATION_CONTEXT(2) 
PARAMETRIC_REPRESENTATION_CONTEXT() REPRESENTATION_CONTEXT('2D SPACE',''
  ) );
#18879 = ORIENTED_EDGE('',*,*,#3482,.F.);
#18880 = ADVANCED_FACE('',(#18881),#3694,.F.);
#18881 = FACE_BOUND('',#18882,.F.);
#18882 = EDGE_LOOP('',(#18883,#18904,#18905,#18906));
#18883 = ORIENTED_EDGE('',*,*,#18884,.T.);
#18884 = EDGE_CURVE('',#3651,#9847,#18885,.T.);
#18885 = SURFACE_CURVE('',#18886,(#18890,#18897),.PCURVE_S1.);
#18886 = LINE('',#18887,#18888);
#18887 = CARTESIAN_POINT('',(-14.,-71.79520976289,-3.385776144756));
#18888 = VECTOR('',#18889,1.);
#18889 = DIRECTION('',(1.,0.,0.));
#18890 = PCURVE('',#3694,#18891);
#18891 = DEFINITIONAL_REPRESENTATION('',(#18892),#18896);
#18892 = LINE('',#18893,#18894);
#18893 = CARTESIAN_POINT('',(0.,0.));
#18894 = VECTOR('',#18895,1.);
#18895 = DIRECTION('',(0.,-1.));
#18896 = ( GEOMETRIC_REPRESENTATION_CONTEXT(2) 
PARAMETRIC_REPRESENTATION_CONTEXT() REPRESENTATION_CONTEXT('2D SPACE',''
  ) );
#18897 = PCURVE('',#3666,#18898);
#18898 = DEFINITIONAL_REPRESENTATION('',(#18899),#18903);
#18899 = LINE('',#18900,#18901);
#18900 = CARTESIAN_POINT('',(5.905241890921,0.));
#18901 = VECTOR('',#18902,1.);
#18902 = DIRECTION('',(0.,-1.));
#18903 = ( GEOMETRIC_REPRESENTATION_CONTEXT(2) 
PARAMETRIC_REPRESENTATION_CONTEXT() REPRESENTATION_CONTEXT('2D SPACE',''
  ) );
#18904 = ORIENTED_EDGE('',*,*,#9869,.T.);
#18905 = ORIENTED_EDGE('',*,*,#18830,.F.);
#18906 = ORIENTED_EDGE('',*,*,#3678,.F.);
#18907 = ADVANCED_FACE('',(#18908),#3526,.F.);
#18908 = FACE_BOUND('',#18909,.F.);
#18909 = EDGE_LOOP('',(#18910,#18911,#18912,#18933));
#18910 = ORIENTED_EDGE('',*,*,#18859,.T.);
#18911 = ORIENTED_EDGE('',*,*,#9731,.T.);
#18912 = ORIENTED_EDGE('',*,*,#18913,.F.);
#18913 = EDGE_CURVE('',#3511,#9732,#18914,.T.);
#18914 = SURFACE_CURVE('',#18915,(#18919,#18926),.PCURVE_S1.);
#18915 = LINE('',#18916,#18917);
#18916 = CARTESIAN_POINT('',(-14.,-77.24160942263,6.323272396532));
#18917 = VECTOR('',#18918,1.);
#18918 = DIRECTION('',(1.,0.,0.));
#18919 = PCURVE('',#3526,#18920);
#18920 = DEFINITIONAL_REPRESENTATION('',(#18921),#18925);
#18921 = LINE('',#18922,#18923);
#18922 = CARTESIAN_POINT('',(3.570627769079,0.));
#18923 = VECTOR('',#18924,1.);
#18924 = DIRECTION('',(0.,-1.));
#18925 = ( GEOMETRIC_REPRESENTATION_CONTEXT(2) 
PARAMETRIC_REPRESENTATION_CONTEXT() REPRESENTATION_CONTEXT('2D SPACE',''
  ) );
#18926 = PCURVE('',#3554,#18927);
#18927 = DEFINITIONAL_REPRESENTATION('',(#18928),#18932);
#18928 = LINE('',#18929,#18930);
#18929 = CARTESIAN_POINT('',(0.,0.));
#18930 = VECTOR('',#18931,1.);
#18931 = DIRECTION('',(0.,-1.));
#18932 = ( GEOMETRIC_REPRESENTATION_CONTEXT(2) 
PARAMETRIC_REPRESENTATION_CONTEXT() REPRESENTATION_CONTEXT('2D SPACE',''
  ) );
#18933 = ORIENTED_EDGE('',*,*,#3510,.F.);
#18934 = ADVANCED_FACE('',(#18935),#3666,.F.);
#18935 = FACE_BOUND('',#18936,.F.);
#18936 = EDGE_LOOP('',(#18937,#18958,#18959,#18960));
#18937 = ORIENTED_EDGE('',*,*,#18938,.T.);
#18938 = EDGE_CURVE('',#3623,#9824,#18939,.T.);
#18939 = SURFACE_CURVE('',#18940,(#18944,#18951),.PCURVE_S1.);
#18940 = LINE('',#18941,#18942);
#18941 = CARTESIAN_POINT('',(-14.,-77.47943375072,-1.785313884539));
#18942 = VECTOR('',#18943,1.);
#18943 = DIRECTION('',(1.,0.,0.));
#18944 = PCURVE('',#3666,#18945);
#18945 = DEFINITIONAL_REPRESENTATION('',(#18946),#18950);
#18946 = LINE('',#18947,#18948);
#18947 = CARTESIAN_POINT('',(0.,0.));
#18948 = VECTOR('',#18949,1.);
#18949 = DIRECTION('',(0.,-1.));
#18950 = ( GEOMETRIC_REPRESENTATION_CONTEXT(2) 
PARAMETRIC_REPRESENTATION_CONTEXT() REPRESENTATION_CONTEXT('2D SPACE',''
  ) );
#18951 = PCURVE('',#3638,#18952);
#18952 = DEFINITIONAL_REPRESENTATION('',(#18953),#18957);
#18953 = LINE('',#18954,#18955);
#18954 = CARTESIAN_POINT('',(3.570627769079,0.));
#18955 = VECTOR('',#18956,1.);
#18956 = DIRECTION('',(0.,-1.));
#18957 = ( GEOMETRIC_REPRESENTATION_CONTEXT(2) 
PARAMETRIC_REPRESENTATION_CONTEXT() REPRESENTATION_CONTEXT('2D SPACE',''
  ) );
#18958 = ORIENTED_EDGE('',*,*,#9846,.T.);
#18959 = ORIENTED_EDGE('',*,*,#18884,.F.);
#18960 = ORIENTED_EDGE('',*,*,#3650,.F.);
#18961 = ADVANCED_FACE('',(#18962),#3554,.F.);
#18962 = FACE_BOUND('',#18963,.F.);
#18963 = EDGE_LOOP('',(#18964,#18965,#18966,#18987));
#18964 = ORIENTED_EDGE('',*,*,#18913,.T.);
#18965 = ORIENTED_EDGE('',*,*,#9754,.T.);
#18966 = ORIENTED_EDGE('',*,*,#18967,.F.);
#18967 = EDGE_CURVE('',#3539,#9755,#18968,.T.);
#18968 = SURFACE_CURVE('',#18969,(#18973,#18980),.PCURVE_S1.);
#18969 = LINE('',#18970,#18971);
#18970 = CARTESIAN_POINT('',(-14.,-71.75581806913,4.137414437719));
#18971 = VECTOR('',#18972,1.);
#18972 = DIRECTION('',(1.,0.,0.));
#18973 = PCURVE('',#3554,#18974);
#18974 = DEFINITIONAL_REPRESENTATION('',(#18975),#18979);
#18975 = LINE('',#18976,#18977);
#18976 = CARTESIAN_POINT('',(5.905241890921,0.));
#18977 = VECTOR('',#18978,1.);
#18978 = DIRECTION('',(0.,-1.));
#18979 = ( GEOMETRIC_REPRESENTATION_CONTEXT(2) 
PARAMETRIC_REPRESENTATION_CONTEXT() REPRESENTATION_CONTEXT('2D SPACE',''
  ) );
#18980 = PCURVE('',#3582,#18981);
#18981 = DEFINITIONAL_REPRESENTATION('',(#18982),#18986);
#18982 = LINE('',#18983,#18984);
#18983 = CARTESIAN_POINT('',(0.,0.));
#18984 = VECTOR('',#18985,1.);
#18985 = DIRECTION('',(0.,-1.));
#18986 = ( GEOMETRIC_REPRESENTATION_CONTEXT(2) 
PARAMETRIC_REPRESENTATION_CONTEXT() REPRESENTATION_CONTEXT('2D SPACE',''
  ) );
#18987 = ORIENTED_EDGE('',*,*,#3538,.F.);
#18988 = ADVANCED_FACE('',(#18989),#3638,.F.);
#18989 = FACE_BOUND('',#18990,.F.);
#18990 = EDGE_LOOP('',(#18991,#19012,#19013,#19014));
#18991 = ORIENTED_EDGE('',*,*,#18992,.T.);
#18992 = EDGE_CURVE('',#3595,#9801,#18993,.T.);
#18993 = SURFACE_CURVE('',#18994,(#18998,#19005),.PCURVE_S1.);
#18994 = LINE('',#18995,#18996);
#18995 = CARTESIAN_POINT('',(-14.,-77.47943375072,1.785313884539));
#18996 = VECTOR('',#18997,1.);
#18997 = DIRECTION('',(1.,0.,0.));
#18998 = PCURVE('',#3638,#18999);
#18999 = DEFINITIONAL_REPRESENTATION('',(#19000),#19004);
#19000 = LINE('',#19001,#19002);
#19001 = CARTESIAN_POINT('',(0.,0.));
#19002 = VECTOR('',#19003,1.);
#19003 = DIRECTION('',(0.,-1.));
#19004 = ( GEOMETRIC_REPRESENTATION_CONTEXT(2) 
PARAMETRIC_REPRESENTATION_CONTEXT() REPRESENTATION_CONTEXT('2D SPACE',''
  ) );
#19005 = PCURVE('',#3610,#19006);
#19006 = DEFINITIONAL_REPRESENTATION('',(#19007),#19011);
#19007 = LINE('',#19008,#19009);
#19008 = CARTESIAN_POINT('',(5.905241890921,0.));
#19009 = VECTOR('',#19010,1.);
#19010 = DIRECTION('',(0.,-1.));
#19011 = ( GEOMETRIC_REPRESENTATION_CONTEXT(2) 
PARAMETRIC_REPRESENTATION_CONTEXT() REPRESENTATION_CONTEXT('2D SPACE',''
  ) );
#19012 = ORIENTED_EDGE('',*,*,#9823,.T.);
#19013 = ORIENTED_EDGE('',*,*,#18938,.F.);
#19014 = ORIENTED_EDGE('',*,*,#3622,.F.);
#19015 = ADVANCED_FACE('',(#19016),#3582,.F.);
#19016 = FACE_BOUND('',#19017,.F.);
#19017 = EDGE_LOOP('',(#19018,#19019,#19020,#19041));
#19018 = ORIENTED_EDGE('',*,*,#18967,.T.);
#19019 = ORIENTED_EDGE('',*,*,#9777,.T.);
#19020 = ORIENTED_EDGE('',*,*,#19021,.F.);
#19021 = EDGE_CURVE('',#3567,#9778,#19022,.T.);
#19022 = SURFACE_CURVE('',#19023,(#19027,#19034),.PCURVE_S1.);
#19023 = LINE('',#19024,#19025);
#19024 = CARTESIAN_POINT('',(-14.,-71.79520976289,3.385776144756));
#19025 = VECTOR('',#19026,1.);
#19026 = DIRECTION('',(1.,0.,0.));
#19027 = PCURVE('',#3582,#19028);
#19028 = DEFINITIONAL_REPRESENTATION('',(#19029),#19033);
#19029 = LINE('',#19030,#19031);
#19030 = CARTESIAN_POINT('',(0.752669800767,0.));
#19031 = VECTOR('',#19032,1.);
#19032 = DIRECTION('',(0.,-1.));
#19033 = ( GEOMETRIC_REPRESENTATION_CONTEXT(2) 
PARAMETRIC_REPRESENTATION_CONTEXT() REPRESENTATION_CONTEXT('2D SPACE',''
  ) );
#19034 = PCURVE('',#3610,#19035);
#19035 = DEFINITIONAL_REPRESENTATION('',(#19036),#19040);
#19036 = LINE('',#19037,#19038);
#19037 = CARTESIAN_POINT('',(0.,0.));
#19038 = VECTOR('',#19039,1.);
#19039 = DIRECTION('',(0.,-1.));
#19040 = ( GEOMETRIC_REPRESENTATION_CONTEXT(2) 
PARAMETRIC_REPRESENTATION_CONTEXT() REPRESENTATION_CONTEXT('2D SPACE',''
  ) );
#19041 = ORIENTED_EDGE('',*,*,#3566,.F.);
#19042 = ADVANCED_FACE('',(#19043),#3610,.F.);
#19043 = FACE_BOUND('',#19044,.F.);
#19044 = EDGE_LOOP('',(#19045,#19046,#19047,#19048));
#19045 = ORIENTED_EDGE('',*,*,#19021,.T.);
#19046 = ORIENTED_EDGE('',*,*,#9800,.T.);
#19047 = ORIENTED_EDGE('',*,*,#18992,.F.);
#19048 = ORIENTED_EDGE('',*,*,#3594,.F.);
#19049 = ADVANCED_FACE('',(#19050),#6967,.F.);
#19050 = FACE_BOUND('',#19051,.T.);
#19051 = EDGE_LOOP('',(#19052,#19053,#19072,#19073));
#19052 = ORIENTED_EDGE('',*,*,#6950,.F.);
#19053 = ORIENTED_EDGE('',*,*,#19054,.F.);
#19054 = EDGE_CURVE('',#12541,#6951,#19055,.T.);
#19055 = SURFACE_CURVE('',#19056,(#19060,#19066),.PCURVE_S1.);
#19056 = LINE('',#19057,#19058);
#19057 = CARTESIAN_POINT('',(-15.,-2.683281573,17.9));
#19058 = VECTOR('',#19059,1.);
#19059 = DIRECTION('',(-1.,-0.,-0.));
#19060 = PCURVE('',#6967,#19061);
#19061 = DEFINITIONAL_REPRESENTATION('',(#19062),#19065);
#19062 = B_SPLINE_CURVE_WITH_KNOTS('',1,(#19063,#19064),.UNSPECIFIED.,
  .F.,.F.,(2,2),(-29.,-1.),.PIECEWISE_BEZIER_KNOTS.);
#19063 = CARTESIAN_POINT('',(-1.719592384077,-29.));
#19064 = CARTESIAN_POINT('',(-1.719592384077,-1.));
#19065 = ( GEOMETRIC_REPRESENTATION_CONTEXT(2) 
PARAMETRIC_REPRESENTATION_CONTEXT() REPRESENTATION_CONTEXT('2D SPACE',''
  ) );
#19066 = PCURVE('',#6994,#19067);
#19067 = DEFINITIONAL_REPRESENTATION('',(#19068),#19071);
#19068 = B_SPLINE_CURVE_WITH_KNOTS('',1,(#19069,#19070),.UNSPECIFIED.,
  .F.,.F.,(2,2),(-29.0000006,-0.9999994),.PIECEWISE_BEZIER_KNOTS.);
#19069 = CARTESIAN_POINT('',(29.0000006,2.416718427));
#19070 = CARTESIAN_POINT('',(0.9999994,2.416718427));
#19071 = ( GEOMETRIC_REPRESENTATION_CONTEXT(2) 
PARAMETRIC_REPRESENTATION_CONTEXT() REPRESENTATION_CONTEXT('2D SPACE',''
  ) );
#19072 = ORIENTED_EDGE('',*,*,#12538,.F.);
#19073 = ORIENTED_EDGE('',*,*,#19074,.T.);
#19074 = EDGE_CURVE('',#12539,#6925,#19075,.T.);
#19075 = SURFACE_CURVE('',#19076,(#19080,#19086),.PCURVE_S1.);
#19076 = LINE('',#19077,#19078);
#19077 = CARTESIAN_POINT('',(-15.,2.683281573,17.9));
#19078 = VECTOR('',#19079,1.);
#19079 = DIRECTION('',(-1.,-0.,-0.));
#19080 = PCURVE('',#6967,#19081);
#19081 = DEFINITIONAL_REPRESENTATION('',(#19082),#19085);
#19082 = B_SPLINE_CURVE_WITH_KNOTS('',1,(#19083,#19084),.UNSPECIFIED.,
  .F.,.F.,(2,2),(-29.,-1.),.PIECEWISE_BEZIER_KNOTS.);
#19083 = CARTESIAN_POINT('',(-7.705185576693,-29.));
#19084 = CARTESIAN_POINT('',(-7.705185576693,-1.));
#19085 = ( GEOMETRIC_REPRESENTATION_CONTEXT(2) 
PARAMETRIC_REPRESENTATION_CONTEXT() REPRESENTATION_CONTEXT('2D SPACE',''
  ) );
#19086 = PCURVE('',#6939,#19087);
#19087 = DEFINITIONAL_REPRESENTATION('',(#19088),#19091);
#19088 = B_SPLINE_CURVE_WITH_KNOTS('',1,(#19089,#19090),.UNSPECIFIED.,
  .F.,.F.,(2,2),(-29.0000006,-0.9999994),.PIECEWISE_BEZIER_KNOTS.);
#19089 = CARTESIAN_POINT('',(29.0000006,7.783281573));
#19090 = CARTESIAN_POINT('',(0.9999994,7.783281573));
#19091 = ( GEOMETRIC_REPRESENTATION_CONTEXT(2) 
PARAMETRIC_REPRESENTATION_CONTEXT() REPRESENTATION_CONTEXT('2D SPACE',''
  ) );
#19092 = ADVANCED_FACE('',(#19093),#6939,.T.);
#19093 = FACE_BOUND('',#19094,.T.);
#19094 = EDGE_LOOP('',(#19095,#19116,#19117,#19118));
#19095 = ORIENTED_EDGE('',*,*,#19096,.F.);
#19096 = EDGE_CURVE('',#6923,#12632,#19097,.T.);
#19097 = SURFACE_CURVE('',#19098,(#19102,#19109),.PCURVE_S1.);
#19098 = LINE('',#19099,#19100);
#19099 = CARTESIAN_POINT('',(-15.,5.1,17.9));
#19100 = VECTOR('',#19101,1.);
#19101 = DIRECTION('',(1.,0.,0.));
#19102 = PCURVE('',#6939,#19103);
#19103 = DEFINITIONAL_REPRESENTATION('',(#19104),#19108);
#19104 = LINE('',#19105,#19106);
#19105 = CARTESIAN_POINT('',(0.,10.2));
#19106 = VECTOR('',#19107,1.);
#19107 = DIRECTION('',(1.,0.));
#19108 = ( GEOMETRIC_REPRESENTATION_CONTEXT(2) 
PARAMETRIC_REPRESENTATION_CONTEXT() REPRESENTATION_CONTEXT('2D SPACE',''
  ) );
#19109 = PCURVE('',#7070,#19110);
#19110 = DEFINITIONAL_REPRESENTATION('',(#19111),#19115);
#19111 = LINE('',#19112,#19113);
#19112 = CARTESIAN_POINT('',(0.,0.));
#19113 = VECTOR('',#19114,1.);
#19114 = DIRECTION('',(0.,1.));
#19115 = ( GEOMETRIC_REPRESENTATION_CONTEXT(2) 
PARAMETRIC_REPRESENTATION_CONTEXT() REPRESENTATION_CONTEXT('2D SPACE',''
  ) );
#19116 = ORIENTED_EDGE('',*,*,#6922,.T.);
#19117 = ORIENTED_EDGE('',*,*,#19074,.F.);
#19118 = ORIENTED_EDGE('',*,*,#12652,.F.);
#19119 = ADVANCED_FACE('',(#19120),#7070,.F.);
#19120 = FACE_BOUND('',#19121,.F.);
#19121 = EDGE_LOOP('',(#19122,#19123,#19124,#19145));
#19122 = ORIENTED_EDGE('',*,*,#19096,.F.);
#19123 = ORIENTED_EDGE('',*,*,#7057,.T.);
#19124 = ORIENTED_EDGE('',*,*,#19125,.T.);
#19125 = EDGE_CURVE('',#7032,#12611,#19126,.T.);
#19126 = SURFACE_CURVE('',#19127,(#19131,#19138),.PCURVE_S1.);
#19127 = LINE('',#19128,#19129);
#19128 = CARTESIAN_POINT('',(-15.,5.1,22.3));
#19129 = VECTOR('',#19130,1.);
#19130 = DIRECTION('',(1.,0.,0.));
#19131 = PCURVE('',#7070,#19132);
#19132 = DEFINITIONAL_REPRESENTATION('',(#19133),#19137);
#19133 = LINE('',#19134,#19135);
#19134 = CARTESIAN_POINT('',(4.4,0.));
#19135 = VECTOR('',#19136,1.);
#19136 = DIRECTION('',(0.,1.));
#19137 = ( GEOMETRIC_REPRESENTATION_CONTEXT(2) 
PARAMETRIC_REPRESENTATION_CONTEXT() REPRESENTATION_CONTEXT('2D SPACE',''
  ) );
#19138 = PCURVE('',#7046,#19139);
#19139 = DEFINITIONAL_REPRESENTATION('',(#19140),#19144);
#19140 = LINE('',#19141,#19142);
#19141 = CARTESIAN_POINT('',(0.,10.2));
#19142 = VECTOR('',#19143,1.);
#19143 = DIRECTION('',(1.,0.));
#19144 = ( GEOMETRIC_REPRESENTATION_CONTEXT(2) 
PARAMETRIC_REPRESENTATION_CONTEXT() REPRESENTATION_CONTEXT('2D SPACE',''
  ) );
#19145 = ORIENTED_EDGE('',*,*,#12631,.F.);
#19146 = ADVANCED_FACE('',(#19147),#7046,.F.);
#19147 = FACE_BOUND('',#19148,.F.);
#19148 = EDGE_LOOP('',(#19149,#19150,#19151,#19172));
#19149 = ORIENTED_EDGE('',*,*,#19125,.F.);
#19150 = ORIENTED_EDGE('',*,*,#7031,.T.);
#19151 = ORIENTED_EDGE('',*,*,#19152,.T.);
#19152 = EDGE_CURVE('',#7006,#12590,#19153,.T.);
#19153 = SURFACE_CURVE('',#19154,(#19158,#19165),.PCURVE_S1.);
#19154 = LINE('',#19155,#19156);
#19155 = CARTESIAN_POINT('',(-15.,-5.1,22.3));
#19156 = VECTOR('',#19157,1.);
#19157 = DIRECTION('',(1.,0.,0.));
#19158 = PCURVE('',#7046,#19159);
#19159 = DEFINITIONAL_REPRESENTATION('',(#19160),#19164);
#19160 = LINE('',#19161,#19162);
#19161 = CARTESIAN_POINT('',(0.,0.));
#19162 = VECTOR('',#19163,1.);
#19163 = DIRECTION('',(1.,0.));
#19164 = ( GEOMETRIC_REPRESENTATION_CONTEXT(2) 
PARAMETRIC_REPRESENTATION_CONTEXT() REPRESENTATION_CONTEXT('2D SPACE',''
  ) );
#19165 = PCURVE('',#7020,#19166);
#19166 = DEFINITIONAL_REPRESENTATION('',(#19167),#19171);
#19167 = LINE('',#19168,#19169);
#19168 = CARTESIAN_POINT('',(4.4,0.));
#19169 = VECTOR('',#19170,1.);
#19170 = DIRECTION('',(0.,1.));
#19171 = ( GEOMETRIC_REPRESENTATION_CONTEXT(2) 
PARAMETRIC_REPRESENTATION_CONTEXT() REPRESENTATION_CONTEXT('2D SPACE',''
  ) );
#19172 = ORIENTED_EDGE('',*,*,#12610,.F.);
#19173 = ADVANCED_FACE('',(#19174),#7020,.T.);
#19174 = FACE_BOUND('',#19175,.T.);
#19175 = EDGE_LOOP('',(#19176,#19197,#19198,#19199));
#19176 = ORIENTED_EDGE('',*,*,#19177,.F.);
#19177 = EDGE_CURVE('',#6980,#12569,#19178,.T.);
#19178 = SURFACE_CURVE('',#19179,(#19183,#19190),.PCURVE_S1.);
#19179 = LINE('',#19180,#19181);
#19180 = CARTESIAN_POINT('',(-15.,-5.1,17.9));
#19181 = VECTOR('',#19182,1.);
#19182 = DIRECTION('',(1.,0.,0.));
#19183 = PCURVE('',#7020,#19184);
#19184 = DEFINITIONAL_REPRESENTATION('',(#19185),#19189);
#19185 = LINE('',#19186,#19187);
#19186 = CARTESIAN_POINT('',(0.,0.));
#19187 = VECTOR('',#19188,1.);
#19188 = DIRECTION('',(0.,1.));
#19189 = ( GEOMETRIC_REPRESENTATION_CONTEXT(2) 
PARAMETRIC_REPRESENTATION_CONTEXT() REPRESENTATION_CONTEXT('2D SPACE',''
  ) );
#19190 = PCURVE('',#6994,#19191);
#19191 = DEFINITIONAL_REPRESENTATION('',(#19192),#19196);
#19192 = LINE('',#19193,#19194);
#19193 = CARTESIAN_POINT('',(0.,0.));
#19194 = VECTOR('',#19195,1.);
#19195 = DIRECTION('',(1.,0.));
#19196 = ( GEOMETRIC_REPRESENTATION_CONTEXT(2) 
PARAMETRIC_REPRESENTATION_CONTEXT() REPRESENTATION_CONTEXT('2D SPACE',''
  ) );
#19197 = ORIENTED_EDGE('',*,*,#7005,.T.);
#19198 = ORIENTED_EDGE('',*,*,#19152,.T.);
#19199 = ORIENTED_EDGE('',*,*,#12589,.F.);
#19200 = ADVANCED_FACE('',(#19201),#6994,.T.);
#19201 = FACE_BOUND('',#19202,.T.);
#19202 = EDGE_LOOP('',(#19203,#19204,#19205,#19206));
#19203 = ORIENTED_EDGE('',*,*,#6979,.T.);
#19204 = ORIENTED_EDGE('',*,*,#19177,.T.);
#19205 = ORIENTED_EDGE('',*,*,#12568,.F.);
#19206 = ORIENTED_EDGE('',*,*,#19054,.T.);
#19207 = ( GEOMETRIC_REPRESENTATION_CONTEXT(3) 
GLOBAL_UNCERTAINTY_ASSIGNED_CONTEXT((#19211)) 
GLOBAL_UNIT_ASSIGNED_CONTEXT((#19208,#19209,#19210)) 
REPRESENTATION_CONTEXT('Context #1',
  '3D Context with UNIT and UNCERTAINTY') );
#19208 = ( LENGTH_UNIT() NAMED_UNIT(*) SI_UNIT(.MILLI.,.METRE.) );
#19209 = ( NAMED_UNIT(*) PLANE_ANGLE_UNIT() SI_UNIT($,.RADIAN.) );
#19210 = ( NAMED_UNIT(*) SI_UNIT($,.STERADIAN.) SOLID_ANGLE_UNIT() );
#19211 = UNCERTAINTY_MEASURE_WITH_UNIT(LENGTH_MEASURE(1.E-07),#19208,
  'distance_accuracy_value','confusion accuracy');
#19212 = PRODUCT_RELATED_PRODUCT_CATEGORY('part',$,(#7));
ENDSEC;
END-ISO-10303-21;
